# Created by Metasequoia

mtllib Jade.mtl

v -0.554492 0.440074 0.316710
v -0.687865 0.893733 0.076737
v -0.749082 0.054896 0.018404
v -0.792666 0.838431 -0.838691
v -0.641843 1.381340 -0.530722
v -0.705964 1.530293 -1.029521
v -0.961470 1.511682 -1.203326
v -0.964302 0.852031 -1.054705
v -1.139765 1.516631 -1.181356
v -1.176141 0.845983 -0.987106
v -1.313929 0.858901 -0.703342
v -1.346699 1.515884 -0.838236
v -1.343832 1.339043 -0.464801
v -1.470243 0.429650 0.534335
v -1.461777 0.118282 0.520631
v -1.369397 0.415233 0.970679
v -1.385252 0.154408 0.930154
v -1.197817 0.190407 1.366499
v -1.198602 0.448424 1.372025
v -0.951104 0.199000 1.521683
v -0.952242 0.456827 1.525109
v -0.652996 0.187937 1.477893
v -0.663215 0.446103 1.482673
v -0.533637 0.414214 1.171548
v -0.532853 0.156197 1.166030
v -0.498603 0.366755 0.649560
v -0.510895 0.104288 0.611594
v -0.884923 -0.037062 -1.008001
v -1.081546 -0.039174 -1.080607
v -1.269958 -0.017887 -0.898759
v -0.558294 0.075039 0.284077
v -0.782153 0.801235 0.679225
v -0.643568 0.712205 1.255705
v -0.960087 0.847161 0.774465
v -0.855094 0.778426 1.349088
v -1.119467 0.722527 1.330988
v -1.142014 0.820955 0.728643
v -1.121753 2.169717 -1.001689
v -1.347432 2.329890 -0.244587
v -1.403829 1.847183 -0.499798
v -1.285226 1.975761 -0.194990
v -0.978133 2.063827 0.164600
v -0.972022 2.401813 0.126634
v -0.717768 2.030774 0.075633
v -0.706608 2.381104 0.051358
v -0.637297 1.945026 -0.408709
v -0.585461 2.295915 -0.530924
v -0.652686 1.813338 -0.703136
v -0.834824 2.155469 -1.094524
v -0.628117 0.706146 0.558445
v -0.767621 0.450688 0.869894
v -1.109408 0.443246 0.928061
v -1.314837 0.679402 0.634744
v -0.799748 1.265453 -0.510684
v -0.838180 0.475163 0.422020
v -1.180453 1.274897 -0.505284
v -1.158854 0.411470 0.472591
v -0.993370 2.201136 -1.140492
v -0.648440 1.692121 -0.848563
v -0.960948 1.639703 -0.591157
v -0.604508 0.685519 0.780175
v -1.273678 0.694325 1.009780
v 0.554492 0.440074 0.316710
v 0.749082 0.054896 0.018404
v 0.687865 0.893733 0.076737
v 0.792666 0.838431 -0.838691
v 0.641843 1.381340 -0.530722
v 0.705964 1.530293 -1.029521
v 0.961470 1.511682 -1.203326
v 0.964302 0.852031 -1.054705
v 1.139765 1.516631 -1.181356
v 1.176141 0.845983 -0.987106
v 1.313929 0.858901 -0.703342
v 1.346699 1.515884 -0.838236
v 1.343832 1.339043 -0.464801
v 1.470243 0.429650 0.534335
v 1.461777 0.118282 0.520631
v 1.369397 0.415233 0.970679
v 1.385252 0.154408 0.930154
v 1.197817 0.190407 1.366499
v 1.198602 0.448424 1.372025
v 0.951104 0.199000 1.521683
v 0.952242 0.456827 1.525109
v 0.652996 0.187937 1.477893
v 0.663215 0.446103 1.482673
v 0.533637 0.414214 1.171548
v 0.532853 0.156197 1.166030
v 0.498603 0.366755 0.649560
v 0.510895 0.104288 0.611594
v 0.884923 -0.037062 -1.008001
v 1.081546 -0.039174 -1.080607
v 1.269958 -0.017887 -0.898759
v 0.558294 0.075039 0.284077
v 0.782153 0.801235 0.679225
v 0.960087 0.847161 0.774465
v 0.643568 0.712205 1.255705
v 0.855094 0.778426 1.349088
v 1.119467 0.722527 1.330988
v 1.142014 0.820955 0.728643
v 1.121753 2.169717 -1.001689
v 1.403829 1.847183 -0.499798
v 1.347432 2.329890 -0.244587
v 1.285226 1.975761 -0.194990
v 0.978133 2.063827 0.164600
v 0.972022 2.401813 0.126634
v 0.717768 2.030774 0.075633
v 0.706608 2.381104 0.051358
v 0.637297 1.945026 -0.408709
v 0.585461 2.295915 -0.530924
v 0.652686 1.813338 -0.703136
v 0.834824 2.155469 -1.094524
v 0.767621 0.450688 0.869894
v 0.628117 0.706146 0.558445
v 1.109408 0.443246 0.928061
v 1.314837 0.679402 0.634744
v 0.799748 1.265453 -0.510684
v 0.838180 0.475163 0.422020
v 1.180453 1.274897 -0.505284
v 1.158854 0.411470 0.472591
v 0.993370 2.201136 -1.140492
v 0.648440 1.692121 -0.848563
v 0.960948 1.639703 -0.591157
v 0.604508 0.685519 0.780175
v 1.273678 0.694325 1.009780
v -0.539226 11.211420 0.914032
v -1.069526 11.365020 0.618196
v -0.525036 11.480080 0.925363
v -0.941127 11.607600 0.544888
v -0.000000 11.426970 0.913240
v -0.000000 11.154240 0.893543
v -0.692911 11.552940 -0.085705
v -0.845457 11.331210 -0.059834
v -0.705794 11.298230 -0.279819
v -0.001717 11.248290 -0.524435
v -0.001055 11.504690 -0.381555
v -0.371632 9.766109 -0.306213
v -0.066476 9.882616 0.461783
v -0.387048 9.925760 -0.563333
v 0.010393 9.979257 0.542994
v -0.277488 9.995297 -0.607489
v -0.072432 10.069110 0.552651
v -0.079360 10.051940 0.570533
v 0.000032 10.002040 -0.615398
v -0.087212 9.965042 0.514181
v -0.310334 8.471454 -0.245368
v -0.083404 8.561030 0.331291
v -0.438320 7.305020 -0.122377
v -0.252748 7.384910 0.359047
v -0.468639 6.802607 -0.128240
v -0.283886 6.820319 0.343882
v -0.291474 6.257775 0.102716
v -0.305836 8.647327 0.973628
v -0.344278 10.173890 0.882362
v -0.708828 8.675347 1.230347
v -0.728688 9.960215 1.074404
v -0.733480 10.302400 1.028090
v -1.225345 10.112320 0.007521
v -1.188778 10.948560 -0.052231
v -1.306548 10.357280 0.692154
v -1.194443 11.017080 0.657768
v -0.735534 11.019010 -0.546017
v -0.000108 10.993540 -0.679361
v -0.925549 10.576960 -0.581015
v -0.675126 9.845019 -0.501384
v -0.543110 10.469560 -0.754956
v -0.277229 10.434260 -0.688556
v 0.197608 10.345220 -0.837255
v 0.036420 10.549330 0.781757
v -0.253410 10.604850 0.886976
v -0.740655 10.848080 0.962531
v -1.360526 9.901494 0.591258
v -0.411627 7.459589 0.882622
v -0.716778 7.482419 1.083496
v -0.438526 6.865285 0.859039
v -0.737966 6.883816 1.056609
v -0.482494 6.202291 0.620699
v -0.823176 6.207089 0.833987
v -1.405076 8.580380 0.634652
v -1.238873 7.406768 0.673995
v -1.231230 6.849340 0.644308
v -1.357587 6.316708 0.456608
v -0.781066 6.806777 -0.341399
v -0.754669 7.262609 -0.339458
v -1.176009 6.826805 -0.049104
v -1.157527 7.297725 -0.042254
v -1.248319 8.468019 -0.117821
v -0.715333 8.425374 -0.495593
v -0.930485 5.463202 -0.688368
v -0.947492 5.775338 -0.836609
v -1.317693 5.500707 -0.588247
v -1.459103 5.767570 -0.480033
v -1.432141 5.319512 -0.151229
v -1.556074 5.566651 0.305068
v -1.348549 5.197466 0.341209
v -0.741783 5.379803 0.649762
v -0.862651 5.105702 0.434694
v -0.508818 5.204988 0.093724
v -0.343950 5.491511 -0.096160
v -0.534347 5.411117 -0.365039
v -0.559706 5.677361 -0.614360
v -1.298266 4.474517 -0.380291
v -0.997506 4.451972 -0.653428
v -0.578851 4.355087 -0.297788
v -0.898771 4.326204 0.248663
v -1.302108 4.411657 0.068748
v -1.134194 2.670787 -0.237096
v -0.998779 2.672530 -0.647060
v -0.727297 2.634973 -0.385649
v -0.908811 2.638192 0.037090
v -0.971071 1.883211 0.133611
v -1.176050 1.944220 -0.395109
v -0.944200 1.935967 -1.003208
v -0.753378 1.883591 -0.546313
v -0.692244 1.458708 -0.283971
v -0.679837 0.986417 0.251416
v -0.948872 0.800595 0.773296
v -1.381566 0.899083 0.405565
v -1.280216 1.634197 -0.836482
v -0.968308 1.499992 -1.161380
v -0.673127 1.667266 -0.878865
v -0.719665 1.344546 -0.746077
v -0.760796 0.858708 0.053269
v -0.571750 0.355560 0.321415
v -0.653633 0.420025 1.390478
v -1.063341 0.450421 1.388789
v -1.430579 0.391966 0.530870
v -1.260917 0.675068 0.166438
v -1.247009 1.396303 -0.788506
v -0.872328 9.927284 1.211458
v -0.856184 8.751554 1.351101
v -1.489369 8.662657 0.801229
v -1.446610 9.871019 0.763878
v -1.677662 4.733118 0.206951
v -1.840637 3.938323 0.150784
v -1.642799 4.720348 0.142969
v -1.805775 3.925556 0.086805
v -1.616668 4.716356 0.226321
v -1.779644 3.921562 0.170153
v -1.393834 5.367195 0.187580
v -1.381185 5.314368 0.126611
v -1.355054 5.310376 0.209964
v -1.437509 5.467569 0.109596
v -1.934168 4.493429 -0.131733
v -1.410584 5.458894 0.042029
v -1.907245 4.484755 -0.199296
v -1.380074 5.432707 0.116853
v -1.876733 4.458565 -0.124476
v 0.539226 11.211420 0.914032
v 0.525036 11.480080 0.925363
v 1.069526 11.365020 0.618196
v 0.941127 11.607600 0.544888
v 0.000000 11.426970 0.913240
v 0.000000 11.154240 0.893543
v 0.692911 11.552940 -0.085705
v 0.845457 11.331210 -0.059834
v 0.705794 11.298230 -0.279819
v 0.001717 11.248290 -0.524435
v 0.001055 11.504690 -0.381555
v 0.371632 9.766109 -0.306213
v 0.387048 9.925760 -0.563333
v 0.066476 9.882616 0.461783
v -0.010393 9.979257 0.542994
v 0.277488 9.995297 -0.607489
v 0.072432 10.069110 0.552651
v 0.079360 10.051940 0.570533
v -0.000032 10.002040 -0.615398
v 0.087212 9.965042 0.514181
v 0.310334 8.471454 -0.245368
v 0.083404 8.561030 0.331291
v 0.438320 7.305020 -0.122377
v 0.252748 7.384910 0.359047
v 0.468639 6.802607 -0.128240
v 0.283886 6.820319 0.343882
v 0.291474 6.257775 0.102716
v 0.305836 8.647327 0.973628
v 0.344278 10.173890 0.882362
v 0.708828 8.675347 1.230347
v 0.728688 9.960215 1.074404
v 0.733480 10.302400 1.028090
v 1.225345 10.112320 0.007521
v 1.306548 10.357280 0.692154
v 1.188778 10.948560 -0.052231
v 1.194443 11.017080 0.657768
v 0.735534 11.019010 -0.546017
v 0.000108 10.993540 -0.679361
v 0.925549 10.576960 -0.581015
v 0.543110 10.469560 -0.754956
v 0.675126 9.845019 -0.501384
v 0.277229 10.434260 -0.688556
v -0.197608 10.345220 -0.837255
v -0.036420 10.549330 0.781757
v 0.253410 10.604850 0.886976
v 0.740655 10.848080 0.962531
v 1.360526 9.901494 0.591258
v 0.411627 7.459589 0.882622
v 0.716778 7.482419 1.083496
v 0.438526 6.865285 0.859039
v 0.737966 6.883816 1.056609
v 0.482494 6.202291 0.620699
v 0.823176 6.207089 0.833987
v 1.405076 8.580380 0.634652
v 1.238873 7.406768 0.673995
v 1.231230 6.849340 0.644308
v 1.357587 6.316708 0.456608
v 0.781066 6.806777 -0.341399
v 0.754669 7.262609 -0.339458
v 1.176009 6.826805 -0.049104
v 1.157527 7.297725 -0.042254
v 1.248319 8.468019 -0.117821
v 0.715333 8.425374 -0.495593
v 0.930485 5.463202 -0.688368
v 1.317693 5.500707 -0.588247
v 0.947492 5.775338 -0.836609
v 1.459103 5.767570 -0.480033
v 1.432141 5.319512 -0.151229
v 1.556074 5.566651 0.305068
v 1.348549 5.197466 0.341209
v 0.741783 5.379803 0.649762
v 0.862651 5.105702 0.434694
v 0.508818 5.204988 0.093724
v 0.343950 5.491511 -0.096160
v 0.534347 5.411117 -0.365039
v 0.559706 5.677361 -0.614360
v 1.298266 4.474517 -0.380291
v 0.997506 4.451972 -0.653428
v 0.578851 4.355087 -0.297788
v 0.898771 4.326204 0.248663
v 1.302108 4.411657 0.068748
v 1.134194 2.670787 -0.237096
v 0.998779 2.672530 -0.647060
v 0.727297 2.634973 -0.385649
v 0.908811 2.638192 0.037090
v 0.971071 1.883211 0.133611
v 1.176050 1.944220 -0.395109
v 0.944200 1.935967 -1.003208
v 0.753378 1.883591 -0.546313
v 0.692244 1.458708 -0.283971
v 0.679837 0.986417 0.251416
v 0.948872 0.800595 0.773296
v 1.381566 0.899083 0.405565
v 1.280216 1.634197 -0.836482
v 0.968308 1.499992 -1.161380
v 0.673127 1.667266 -0.878865
v 0.719665 1.344546 -0.746077
v 0.760796 0.858708 0.053269
v 0.571750 0.355560 0.321415
v 0.653633 0.420025 1.390478
v 1.063341 0.450421 1.388789
v 1.430579 0.391966 0.530870
v 1.260917 0.675068 0.166438
v 1.247009 1.396303 -0.788506
v 0.872328 9.927284 1.211458
v 0.856184 8.751554 1.351101
v 1.489369 8.662657 0.801229
v 1.446610 9.871019 0.763878
v 1.677662 4.733118 0.206951
v 1.642799 4.720348 0.142969
v 1.840637 3.938323 0.150784
v 1.805775 3.925556 0.086805
v 1.616668 4.716356 0.226321
v 1.779644 3.921562 0.170153
v 1.393834 5.367195 0.187580
v 1.381185 5.314368 0.126611
v 1.355054 5.310376 0.209964
v 1.437509 5.467569 0.109596
v 1.410584 5.458894 0.042029
v 1.934168 4.493429 -0.131733
v 1.907245 4.484755 -0.199296
v 1.380074 5.432707 0.116853
v 1.876733 4.458565 -0.124476
v 0.008275 13.543050 0.777304
v 0.013099 13.172960 1.098053
v -0.614796 13.195580 0.910082
v -0.742945 13.580320 0.646632
v 0.001623 12.435010 -0.420423
v -0.000099 11.900310 -0.226343
v -0.567713 12.001900 0.050206
v -0.575179 12.527480 -0.176117
v -0.676957 12.079050 0.341071
v -0.750197 12.755500 0.276567
v -0.562949 12.867040 0.849017
v -0.492667 12.144220 0.666613
v 0.022368 12.804710 0.954079
v -0.000000 12.110490 0.803576
v 0.001533 12.845980 -0.579634
v -0.748715 12.896550 -0.306915
v -0.910732 13.158600 0.319843
v -0.002495 10.996540 0.194953
v -0.000000 11.458050 0.889095
v -0.481667 11.518180 0.848215
v -0.854996 11.611330 0.517895
v -0.621234 11.565620 -0.051415
v -0.000000 11.515410 -0.346968
v -0.956840 13.122950 0.050305
v -0.976132 13.390310 0.412259
v -0.973465 13.147990 -0.237232
v -0.739884 13.344780 -0.506015
v -0.993597 13.710570 0.313525
v -0.596105 13.945360 0.273683
v 0.059686 14.000000 0.403045
v -1.007483 13.881790 -0.047045
v -0.642330 14.080260 -0.058862
v -0.949825 13.537080 -0.447059
v -0.717530 13.769040 -0.473463
v -0.257954 14.210070 -0.123375
v 0.002795 13.774620 -0.515885
v 0.117099 14.183110 -0.344931
v 0.000329 13.387930 -0.616345
v 0.041834 15.260000 -0.441147
v -0.321137 15.233470 -0.170994
v -0.249749 15.158900 0.131761
v -0.170075 14.100060 0.162894
v 0.028363 15.063150 0.263214
v -1.304324 13.306030 0.215789
v -1.270568 13.315180 -0.257760
v -0.915590 13.117690 -0.416640
v -0.818245 13.026220 0.059002
v -1.064554 13.159420 0.315410
v -1.653697 12.650320 0.165064
v -1.612242 12.693010 -0.303391
v -1.328155 12.428740 -0.435998
v -1.264155 12.302780 0.019558
v -2.357523 11.334880 0.049015
v -2.459409 11.404240 -0.060030
v -2.363567 11.417000 -0.430134
v -2.167385 11.232440 -0.572584
v -2.010514 11.101490 -0.478991
v -2.065971 11.154940 -0.135625
v -2.215627 10.908390 -0.203883
v -2.587021 10.850320 -0.038574
v -2.732121 10.949990 -0.143187
v -2.524664 11.129510 -0.432417
v -2.223708 10.924330 -0.608338
v -2.691924 10.848570 -0.548295
v -2.980627 10.372070 -0.620330
v -2.481866 10.836220 -0.613574
v -2.298593 10.719290 -0.579556
v -2.368994 10.588330 -0.286347
v -2.629224 10.143390 -0.369534
v -2.989470 10.355340 -0.171249
v -3.527947 9.242130 -0.697641
v -3.316524 9.147813 -0.768336
v -2.658936 10.222870 -0.758162
v -3.351142 9.138543 -0.521042
v -3.546997 9.249297 -0.434340
v -3.772017 9.090739 -0.393845
v -3.675232 8.978398 -0.665919
v -3.367376 8.862229 -0.826515
v -3.263296 8.800493 -0.747076
v -3.683407 8.789403 -0.369678
v -3.645404 9.041218 -0.271848
v -3.819580 8.720819 -0.166474
v -3.913349 8.737354 -0.292650
v -3.793997 8.828541 -0.460722
v -3.928471 8.581590 -0.565444
v -3.841676 8.532574 -0.699811
v -3.733320 8.475324 -0.792899
v -3.599426 8.452680 -0.852486
v -3.459570 8.456600 -0.882082
v -3.381708 8.432730 -0.775303
v -3.529755 8.400702 -0.702680
v -3.663860 8.412528 -0.630055
v -3.776204 8.484875 -0.550347
v -3.873571 8.546852 -0.456649
v -3.820385 8.631985 -0.319653
v -4.055718 8.294374 -0.602645
v -3.967585 8.245679 -0.663814
v -3.927055 8.234062 -0.642751
v -3.831179 8.180864 -0.708701
v -3.783025 8.150203 -0.669815
v -3.678080 8.096775 -0.744012
v -3.622547 8.185009 -0.765452
v -3.536266 8.136411 -0.830673
v -3.515500 8.205011 -0.706759
v -3.498720 8.114450 -0.638829
v -3.562956 8.070348 -0.626127
v -3.494565 8.036509 -0.674117
v -3.998741 8.609110 -0.223715
v -3.910525 8.548851 -0.225148
v -3.925894 8.593037 -0.129228
v -4.006140 8.556887 -0.130630
v -3.671680 8.184640 -0.617229
v -3.629164 7.938527 -0.507438
v -3.629745 8.027987 -0.473602
v -3.704060 7.973021 -0.456410
v -3.601546 7.887739 -0.324270
v -3.581691 7.905243 -0.389686
v -3.596425 7.978540 -0.372195
v -3.644675 7.936110 -0.347552
v -3.805292 8.206391 -0.560090
v -3.815375 7.988998 -0.505927
v -3.808232 8.064499 -0.440310
v -3.890189 8.025088 -0.457839
v -3.776948 7.904893 -0.287711
v -3.756698 7.922073 -0.344134
v -3.776526 8.002233 -0.326862
v -3.822465 7.948555 -0.303153
v -3.950884 8.270398 -0.523014
v -3.993366 8.034534 -0.548357
v -3.994139 8.070441 -0.448092
v -4.072665 8.075909 -0.493925
v -4.042382 7.879987 -0.399585
v -4.005800 7.896355 -0.433374
v -3.997899 7.970604 -0.379506
v -4.067183 7.927389 -0.394081
v -3.428881 8.006441 -0.538066
v -3.455457 8.072700 -0.545039
v -3.489328 8.036633 -0.496352
v -3.454731 7.996641 -0.493288
v -0.008275 13.543050 0.777304
v -0.013099 13.172960 1.098053
v -0.001623 12.435010 -0.420423
v 0.000099 11.900310 -0.226343
v -0.022368 12.804710 0.954079
v -0.001533 12.845980 -0.579634
v 0.002495 10.996540 0.194953
v 0.000000 11.458050 0.889095
v -0.059686 14.000000 0.403045
v -0.002795 13.774620 -0.515885
v -0.117099 14.183110 -0.344931
v -0.000329 13.387930 -0.616345
v -0.041834 15.260000 -0.441147
v -0.028363 15.063150 0.263214
v 0.614796 13.195580 0.910082
v 0.742945 13.580320 0.646632
v 0.567713 12.001900 0.050206
v 0.575179 12.527480 -0.176117
v 0.676957 12.079050 0.341071
v 0.750197 12.755500 0.276567
v 0.562949 12.867040 0.849017
v 0.492667 12.144220 0.666613
v 0.000000 12.110490 0.803576
v 0.748715 12.896550 -0.306915
v 0.910732 13.158600 0.319843
v 0.481667 11.518180 0.848215
v 0.854996 11.611330 0.517895
v 0.621234 11.565620 -0.051415
v 0.000000 11.515410 -0.346968
v 0.956840 13.122950 0.050305
v 0.976132 13.390310 0.412259
v 0.973465 13.147990 -0.237232
v 0.739884 13.344780 -0.506015
v 0.993597 13.710570 0.313525
v 0.596105 13.945360 0.273683
v 1.007483 13.881790 -0.047045
v 0.642330 14.080260 -0.058862
v 0.949825 13.537080 -0.447059
v 0.717530 13.769040 -0.473463
v 0.257954 14.210070 -0.123375
v 0.321137 15.233470 -0.170994
v 0.249749 15.158900 0.131761
v 0.170075 14.100060 0.162894
v 1.304324 13.306030 0.215789
v 1.270568 13.315180 -0.257760
v 0.915590 13.117690 -0.416640
v 0.818245 13.026220 0.059002
v 1.064554 13.159420 0.315410
v 1.653697 12.650320 0.165064
v 1.612242 12.693010 -0.303391
v 1.328155 12.428740 -0.435998
v 1.264155 12.302780 0.019558
v 2.357523 11.334880 0.049015
v 2.459409 11.404240 -0.060030
v 2.363567 11.417000 -0.430134
v 2.167385 11.232440 -0.572584
v 2.010514 11.101490 -0.478991
v 2.065971 11.154940 -0.135625
v 2.215627 10.908390 -0.203883
v 2.587021 10.850320 -0.038574
v 2.732121 10.949990 -0.143187
v 2.524664 11.129510 -0.432417
v 2.223708 10.924330 -0.608338
v 2.691924 10.848570 -0.548295
v 2.980627 10.372070 -0.620330
v 2.481866 10.836220 -0.613574
v 2.298593 10.719290 -0.579556
v 2.368994 10.588330 -0.286347
v 2.629224 10.143390 -0.369534
v 2.989470 10.355340 -0.171249
v 3.527947 9.242130 -0.697641
v 3.316524 9.147813 -0.768336
v 2.658936 10.222870 -0.758162
v 3.351142 9.138543 -0.521042
v 3.546997 9.249297 -0.434340
v 3.772017 9.090739 -0.393845
v 3.675232 8.978398 -0.665919
v 3.367376 8.862229 -0.826515
v 3.263296 8.800493 -0.747076
v 3.683407 8.789403 -0.369678
v 3.645404 9.041218 -0.271848
v 3.819580 8.720819 -0.166474
v 3.913349 8.737354 -0.292650
v 3.793997 8.828541 -0.460722
v 3.928471 8.581590 -0.565444
v 3.841676 8.532574 -0.699811
v 3.733320 8.475324 -0.792899
v 3.599426 8.452680 -0.852486
v 3.459570 8.456600 -0.882082
v 3.381708 8.432730 -0.775303
v 3.529755 8.400702 -0.702680
v 3.663860 8.412528 -0.630055
v 3.776204 8.484875 -0.550347
v 3.873571 8.546852 -0.456649
v 3.820385 8.631985 -0.319653
v 4.055718 8.294374 -0.602645
v 3.967585 8.245679 -0.663814
v 3.927055 8.234062 -0.642751
v 3.831179 8.180864 -0.708701
v 3.783025 8.150203 -0.669815
v 3.678080 8.096775 -0.744012
v 3.622547 8.185009 -0.765452
v 3.536266 8.136411 -0.830673
v 3.515500 8.205011 -0.706759
v 3.498720 8.114450 -0.638829
v 3.562956 8.070348 -0.626127
v 3.494565 8.036509 -0.674117
v 3.998741 8.609110 -0.223715
v 3.910525 8.548851 -0.225148
v 3.925894 8.593037 -0.129228
v 4.006140 8.556887 -0.130630
v 3.671680 8.184640 -0.617229
v 3.629164 7.938527 -0.507438
v 3.629745 8.027987 -0.473602
v 3.704060 7.973021 -0.456410
v 3.601546 7.887739 -0.324270
v 3.581691 7.905243 -0.389686
v 3.596425 7.978540 -0.372195
v 3.644675 7.936110 -0.347552
v 3.805292 8.206391 -0.560090
v 3.815375 7.988998 -0.505927
v 3.808232 8.064499 -0.440310
v 3.890189 8.025088 -0.457839
v 3.776948 7.904893 -0.287711
v 3.756698 7.922073 -0.344134
v 3.776526 8.002233 -0.326862
v 3.822465 7.948555 -0.303153
v 3.950884 8.270398 -0.523014
v 3.993366 8.034534 -0.548357
v 3.994139 8.070441 -0.448092
v 4.072665 8.075909 -0.493925
v 4.042382 7.879987 -0.399585
v 4.005800 7.896355 -0.433374
v 3.997899 7.970604 -0.379506
v 4.067183 7.927389 -0.394081
v 3.428881 8.006441 -0.538066
v 3.455457 8.072700 -0.545039
v 3.489328 8.036633 -0.496352
v 3.454731 7.996641 -0.493288
v 0.162444 16.914749 1.453365
v -0.000000 16.667721 1.442065
v -0.000000 17.208700 1.601179
v -0.202187 16.892679 1.480603
v -0.391152 17.186720 1.600886
v -0.366051 16.868290 1.395992
v -0.536662 17.070589 1.383816
v -0.731573 17.316940 1.553034
v -0.803653 17.172041 1.352959
v -1.023611 17.172470 1.276051
v -1.136273 17.381889 1.352031
v -1.198817 17.129351 1.167717
v -1.421885 17.240120 0.978244
v -1.313195 17.056570 0.949129
v -1.322245 16.902700 0.790531
v -1.509831 17.019131 0.480125
v -1.442365 16.637260 0.634861
v -1.233183 16.726540 0.975490
v -1.449859 16.243179 0.850416
v -1.099232 16.658440 1.139985
v -1.027239 16.329981 1.329779
v -0.944636 15.864780 1.316488
v -0.552153 15.998870 1.500101
v -0.664836 15.696000 1.367791
v -0.667133 15.418520 1.233637
v -0.476960 15.665320 1.430034
v -0.412638 15.397870 1.367942
v -0.424811 15.154100 1.194530
v -0.580316 15.066640 1.047525
v -0.304789 14.899460 1.147701
v -0.177523 15.124960 1.338207
v 0.010184 14.845020 1.191527
v 0.015782 14.772190 0.979073
v 0.199125 16.377260 1.439448
v -0.015329 16.430450 1.509537
v -0.226250 16.386419 1.472062
v -0.301490 16.601801 1.347930
v 0.193851 16.119940 1.560881
v -0.017665 16.254520 1.705202
v -0.220414 16.128860 1.592647
v -0.600224 16.338770 1.444615
v -0.501972 16.607340 1.306226
v -0.758959 16.596680 1.241917
v 0.185456 15.117140 1.310378
v 0.003694 15.079380 1.358105
v 0.211652 15.928520 1.556255
v 0.102296 15.981700 1.610609
v -0.013712 16.079559 1.619274
v -0.015914 16.152599 1.679794
v -0.127604 15.986650 1.628232
v -0.233717 15.938100 1.590403
v -0.347036 15.800960 1.525710
v -0.012154 15.946910 1.616400
v -0.311491 15.248160 1.345107
v -1.284746 16.900049 0.890696
v 0.170230 15.633640 1.542884
v -0.006307 15.612270 1.528716
v -0.009616 15.682870 1.640011
v -0.184672 15.641280 1.570094
v -0.172722 15.704780 1.620575
v -0.012718 15.859600 1.686980
v 0.154491 15.697740 1.595488
v 0.226725 15.822360 1.580762
v -0.247478 15.832570 1.617121
v -0.310684 15.704910 1.534440
v 0.230687 15.299820 1.457472
v 0.183217 15.459250 1.339466
v 0.195844 15.485060 1.510512
v 0.039942 15.459520 1.512953
v -0.000467 15.453520 1.352053
v -0.048494 15.461420 1.519743
v -0.184441 15.467020 1.367615
v -0.205479 15.493700 1.541287
v -0.362237 15.566030 1.482692
v -0.233775 15.309820 1.493085
v -0.001774 15.269520 1.503886
v -1.347263 16.089350 -0.018551
v -1.351363 16.218941 -0.576492
v -1.657525 16.184271 -0.329194
v -1.776537 16.696251 -0.712967
v -1.377622 16.803419 -0.632702
v -0.000000 18.402189 1.499135
v -0.654435 18.403271 1.457897
v -0.002638 18.940220 0.833682
v -1.013896 18.407290 1.108216
v -1.325521 18.342140 0.615953
v -1.385636 18.327820 0.017052
v -1.543555 17.507820 0.538869
v -1.558956 17.272360 0.032091
v -1.334133 17.525330 -0.958102
v -1.320568 16.757059 -0.959302
v -1.541291 16.913080 0.031583
v -1.509054 16.373569 0.147532
v -1.301367 16.174940 -0.778823
v -1.452471 16.038340 0.291624
v -1.108242 15.550630 -0.294952
v -1.228210 15.661770 0.708039
v -0.809970 15.207300 0.231438
v -0.870019 15.275220 0.853138
v -0.400554 14.929600 0.446173
v 0.049131 15.275280 -0.772768
v -0.000000 17.752670 1.625694
v -0.703560 17.799879 1.582002
v -1.152282 17.814581 1.336075
v -1.441336 17.684130 0.946007
v 0.022678 14.824300 0.643758
v 0.032265 14.928250 0.161282
v -1.390108 16.873030 0.861728
v -1.320447 16.889050 0.931419
v -1.310934 16.808130 0.955075
v -1.235682 16.769621 1.031071
v -1.185710 16.954189 1.172693
v -1.067668 16.971930 1.300675
v -0.862037 17.004629 1.412230
v -0.612447 16.959230 1.424910
v -0.399584 16.823721 1.394768
v -1.155206 16.922819 1.031524
v -0.857808 16.982809 1.279644
v -0.611535 16.941059 1.338284
v -0.409528 16.796690 1.309665
v -0.334353 16.637951 1.291464
v -1.369619 17.096001 1.104025
v -1.423333 17.061081 0.978475
v -1.442329 17.240080 1.095744
v -1.102504 16.694500 1.162729
v -0.751964 16.626560 1.285670
v -0.504191 16.628441 1.328018
v -0.498577 16.654421 1.277249
v -0.752772 16.636681 1.215156
v -1.092359 16.695761 1.056715
v -1.201084 16.774220 0.955731
v -1.401655 16.782431 -0.208227
v -1.637887 16.951530 -0.532892
v -0.388377 15.762900 0.961161
v -0.384128 15.846210 1.034354
v -0.331284 15.673840 1.132415
v -0.247317 15.752880 1.358909
v -0.297680 15.627850 1.198244
v -0.239545 15.574320 1.296433
v -0.138933 15.556080 1.354376
v -0.006420 15.769470 1.454195
v -0.001886 15.555090 1.364115
v 0.135989 15.555180 1.333293
v -0.162444 16.914749 1.453365
v 0.000000 17.208700 1.601179
v 0.000000 16.667721 1.442065
v 0.202187 16.892679 1.480603
v 0.391152 17.186720 1.600886
v 0.366051 16.868290 1.395992
v 0.536662 17.070589 1.383816
v 0.731573 17.316940 1.553034
v 0.803653 17.172041 1.352959
v 1.023611 17.172470 1.276051
v 1.136273 17.381889 1.352031
v 1.198817 17.129351 1.167717
v 1.421885 17.240120 0.978244
v 1.313195 17.056570 0.949129
v 1.322245 16.902700 0.790531
v 1.509831 17.019131 0.480125
v 1.442365 16.637260 0.634861
v 1.233183 16.726540 0.975490
v 1.449859 16.243179 0.850416
v 1.099232 16.658440 1.139985
v 1.027239 16.329981 1.329779
v 0.944636 15.864780 1.316488
v 0.552153 15.998870 1.500101
v 0.664836 15.696000 1.367791
v 0.667133 15.418520 1.233637
v 0.476960 15.665320 1.430034
v 0.412638 15.397870 1.367942
v 0.424811 15.154100 1.194530
v 0.580316 15.066640 1.047525
v 0.304789 14.899460 1.147701
v 0.177523 15.124960 1.338207
v -0.010184 14.845020 1.191527
v -0.015782 14.772190 0.979073
v -0.199125 16.377260 1.439448
v 0.015329 16.430450 1.509537
v 0.226250 16.386419 1.472062
v 0.301490 16.601801 1.347930
v -0.193851 16.119940 1.560881
v 0.017665 16.254520 1.705202
v 0.220414 16.128860 1.592647
v 0.600224 16.338770 1.444615
v 0.501972 16.607340 1.306226
v 0.758959 16.596680 1.241917
v -0.185456 15.117140 1.310378
v -0.003694 15.079380 1.358105
v -0.211652 15.928520 1.556255
v -0.102296 15.981700 1.610609
v 0.013712 16.079559 1.619274
v 0.015914 16.152599 1.679794
v 0.127604 15.986650 1.628232
v 0.233717 15.938100 1.590403
v 0.347036 15.800960 1.525710
v 0.012154 15.946910 1.616400
v 0.311491 15.248160 1.345107
v 1.284746 16.900049 0.890696
v -0.170230 15.633640 1.542884
v 0.009616 15.682870 1.640011
v 0.006307 15.612270 1.528716
v 0.184672 15.641280 1.570094
v 0.172722 15.704780 1.620575
v 0.012718 15.859600 1.686980
v -0.154491 15.697740 1.595488
v -0.226725 15.822360 1.580762
v 0.247478 15.832570 1.617121
v 0.310684 15.704910 1.534440
v -0.230687 15.299820 1.457472
v -0.183217 15.459250 1.339466
v -0.195844 15.485060 1.510512
v -0.039942 15.459520 1.512953
v 0.000467 15.453520 1.352053
v 0.048494 15.461420 1.519743
v 0.184441 15.467020 1.367615
v 0.205479 15.493700 1.541287
v 0.362237 15.566030 1.482692
v 0.233775 15.309820 1.493085
v 0.001774 15.269520 1.503886
v 1.347263 16.089350 -0.018551
v 1.657525 16.184271 -0.329194
v 1.351363 16.218941 -0.576492
v 1.776537 16.696251 -0.712967
v 1.377622 16.803419 -0.632702
v 0.000000 18.402189 1.499135
v 0.002638 18.940220 0.833682
v 0.654435 18.403271 1.457897
v 1.013896 18.407290 1.108216
v 1.325521 18.342140 0.615953
v 1.385636 18.327820 0.017052
v 1.543555 17.507820 0.538869
v 1.558956 17.272360 0.032091
v 1.334133 17.525330 -0.958102
v 1.320568 16.757059 -0.959302
v 1.541291 16.913080 0.031583
v 1.509054 16.373569 0.147532
v 1.301367 16.174940 -0.778823
v 1.452471 16.038340 0.291624
v 1.108242 15.550630 -0.294952
v 1.228210 15.661770 0.708039
v 0.809970 15.207300 0.231438
v 0.870019 15.275220 0.853138
v 0.400554 14.929600 0.446173
v -0.049131 15.275280 -0.772768
v 0.000000 17.752670 1.625694
v 0.703560 17.799879 1.582002
v 1.152282 17.814581 1.336075
v 1.441336 17.684130 0.946007
v -0.022678 14.824300 0.643758
v -0.032265 14.928250 0.161282
v 1.390108 16.873030 0.861728
v 1.310934 16.808130 0.955075
v 1.320447 16.889050 0.931419
v 1.235682 16.769621 1.031071
v 1.185710 16.954189 1.172693
v 1.067668 16.971930 1.300675
v 0.862037 17.004629 1.412230
v 0.612447 16.959230 1.424910
v 0.399584 16.823721 1.394768
v 1.155206 16.922819 1.031524
v 0.857808 16.982809 1.279644
v 0.611535 16.941059 1.338284
v 0.409528 16.796690 1.309665
v 0.334353 16.637951 1.291464
v 1.369619 17.096001 1.104025
v 1.423333 17.061081 0.978475
v 1.442329 17.240080 1.095744
v 1.102504 16.694500 1.162729
v 0.751964 16.626560 1.285670
v 0.504191 16.628441 1.328018
v 0.498577 16.654421 1.277249
v 0.752772 16.636681 1.215156
v 1.092359 16.695761 1.056715
v 1.201084 16.774220 0.955731
v 1.401655 16.782431 -0.208227
v 1.637887 16.951530 -0.532892
v 0.388377 15.762900 0.961161
v 0.331284 15.673840 1.132415
v 0.384128 15.846210 1.034354
v 0.247317 15.752880 1.358909
v 0.297680 15.627850 1.198244
v 0.239545 15.574320 1.296433
v 0.138933 15.556080 1.354376
v 0.006420 15.769470 1.454195
v 0.001886 15.555090 1.364115
v -0.135989 15.555180 1.333293
v -0.334353 16.637951 1.291464
v -0.498577 16.654421 1.277249
v -0.417798 17.003111 1.336425
v -0.897749 16.830811 1.294886
v -0.613465 17.149759 1.352100
v -0.872802 17.201090 1.293232
v -1.058804 17.218031 1.219682
v -1.284746 16.900049 0.890696
v -1.092359 16.695761 1.056715
v -1.201084 16.774220 0.955731
v -0.752772 16.636681 1.215156
v 0.334353 16.637951 1.291464
v 0.417798 17.003111 1.336425
v 0.498577 16.654421 1.277249
v 0.897749 16.830811 1.294886
v 0.613465 17.149759 1.352100
v 0.872802 17.201090 1.293232
v 1.058804 17.218031 1.219682
v 1.284746 16.900049 0.890696
v 1.092359 16.695761 1.056715
v 1.201084 16.774220 0.955731
v 0.752772 16.636681 1.215156
v -1.127037 18.343519 -1.510590
v -0.794290 18.737761 -1.275542
v -1.942400 18.094790 -1.375977
v -1.892537 18.879560 -0.937267
v -1.378033 18.981461 -1.236602
v -1.908893 19.015400 -1.412644
v -1.675519 19.120319 -0.799220
v -2.416849 19.015120 -1.011940
v -2.321263 18.854090 -1.071750
v -2.149063 18.862141 -0.470941
v -1.846141 18.971840 -0.426447
v 0.000160 11.450840 -3.058197
v 0.000000 12.716800 -3.115822
v -0.867755 11.584280 -2.623511
v 0.000011 16.994989 -2.443808
v 0.000002 17.532419 -2.201908
v -0.767124 18.011610 -1.851505
v -0.720373 17.067539 -2.161876
v 0.000143 18.372009 -1.789629
v 0.128915 11.793940 -1.850945
v 0.000117 9.886616 -2.679395
v -0.805644 10.051010 -2.067088
v -1.356653 11.846840 -1.714684
v 0.109715 12.748020 -1.443207
v -0.809184 12.842080 -2.695886
v 0.000001 14.306830 -3.193752
v -0.832789 14.399270 -2.776315
v 0.000010 15.364420 -3.084881
v -1.596538 17.547359 0.791945
v -1.093585 17.585979 1.693272
v -1.391446 18.124760 0.857935
v -0.874895 18.325171 1.458890
v -0.667522 17.604450 1.964841
v -1.313597 18.403589 1.003536
v -1.456003 18.173929 0.957506
v -1.608315 18.280161 0.153851
v -1.655485 17.701309 0.153661
v -1.592600 17.111010 0.304151
v -1.631809 17.018120 -0.404159
v -1.615034 16.820101 -0.058095
v -1.541368 17.025270 -0.408805
v -1.504586 16.640011 -0.242166
v -1.504451 17.192760 0.285635
v -1.471603 17.673180 0.749395
v -2.083492 18.160070 -0.248020
v -2.166185 18.127460 -0.871054
v -0.690929 18.924610 -0.964350
v -0.987846 18.933180 -0.400196
v -1.291443 18.675600 -0.273385
v -0.894409 18.690411 1.246537
v -1.167815 18.855261 0.365389
v -1.454369 18.280121 -0.789896
v -1.660920 17.344700 -0.775801
v -1.572983 16.650410 -0.727444
v -1.487260 16.669050 -0.708168
v -1.621660 18.228201 -0.671076
v -1.821104 17.614000 -1.370640
v -2.143680 17.626471 -1.249607
v -2.336066 17.650320 -0.893735
v -2.153660 17.674700 -0.419141
v 0.086388 13.777670 -1.041900
v 0.057889 14.676300 -0.364206
v -1.136629 14.628790 -0.512813
v -1.502354 13.452750 -1.394647
v -1.576934 14.747630 -1.369024
v -1.605185 15.560410 -1.400074
v -0.865061 15.407230 -2.687800
v -0.885077 16.297029 -2.440435
v -1.272924 16.676270 -1.644365
v 0.000008 16.134809 -2.845501
v -1.741418 16.355940 -1.026124
v -1.702285 16.448290 -1.984729
v -1.399187 14.744150 -2.453325
v -1.684484 14.701270 -1.348973
v -1.016789 13.080060 -2.810782
v -1.523474 13.064780 -1.550094
v -0.389460 10.707420 -3.329275
v -1.057117 10.687910 -2.014007
v -1.203711 9.899837 -2.603142
v -0.973095 10.510670 -3.621723
v -1.800017 10.322300 -3.311178
v -2.385802 10.252570 -2.579605
v -2.387305 10.342340 -1.855552
v -2.730093 12.814910 -1.128748
v -2.689220 14.506820 -0.899350
v -2.572896 16.236521 -0.516922
v -2.715388 16.258310 -0.885014
v -2.519414 16.329359 -1.467393
v -2.099773 16.408051 -1.922910
v -2.786698 12.750680 -1.743832
v -2.788541 14.480850 -1.389236
v -2.308327 12.801730 -2.491264
v -2.451842 14.539610 -2.047300
v -1.575209 12.938160 -2.933208
v -1.876329 14.648680 -2.488013
v -0.000001 18.147970 1.978823
v -0.000001 18.549049 1.681603
v -0.622502 18.561501 1.725973
v -0.586022 18.102030 1.933184
v -1.105047 18.541071 1.421452
v -1.118226 18.035940 1.646715
v -0.000000 17.579880 1.950851
v -0.000485 18.782391 1.244314
v -0.514768 18.792681 1.280967
v -0.000000 18.307079 1.394460
v -0.000000 19.097040 0.892793
v 0.043330 15.233830 -0.495413
v -1.082526 15.411000 -0.154612
v -1.466464 16.304779 -0.630810
v 0.000037 19.015360 -1.067556
v -0.571365 19.169020 -0.369048
v -0.574534 19.061939 0.854647
v -0.000000 19.252529 0.018276
v 1.127037 18.343519 -1.510590
v 1.942400 18.094790 -1.375977
v 0.794290 18.737761 -1.275542
v 1.892537 18.879560 -0.937267
v 1.908893 19.015400 -1.412644
v 1.378033 18.981461 -1.236602
v 1.675519 19.120319 -0.799220
v 2.416849 19.015120 -1.011940
v 2.321263 18.854090 -1.071750
v 2.149063 18.862141 -0.470941
v 1.846141 18.971840 -0.426447
v -0.000160 11.450840 -3.058197
v 0.867755 11.584280 -2.623511
v -0.000000 12.716800 -3.115822
v -0.000011 16.994989 -2.443808
v -0.000002 17.532419 -2.201908
v 0.767124 18.011610 -1.851505
v 0.720373 17.067539 -2.161876
v -0.000143 18.372009 -1.789629
v -0.128915 11.793940 -1.850945
v -0.000117 9.886616 -2.679395
v 0.805644 10.051010 -2.067088
v 1.356653 11.846840 -1.714684
v -0.109715 12.748020 -1.443207
v 0.809184 12.842080 -2.695886
v -0.000001 14.306830 -3.193752
v 0.832789 14.399270 -2.776315
v -0.000010 15.364420 -3.084881
v 1.596538 17.547359 0.791945
v 1.391446 18.124760 0.857935
v 1.093585 17.585979 1.693272
v 0.874895 18.325171 1.458890
v 0.667522 17.604450 1.964841
v 1.313597 18.403589 1.003536
v 1.608315 18.280161 0.153851
v 1.456003 18.173929 0.957506
v 1.655485 17.701309 0.153661
v 1.592600 17.111010 0.304151
v 1.631809 17.018120 -0.404159
v 1.615034 16.820101 -0.058095
v 1.541368 17.025270 -0.408805
v 1.504586 16.640011 -0.242166
v 1.504451 17.192760 0.285635
v 1.471603 17.673180 0.749395
v 2.083492 18.160070 -0.248020
v 2.166185 18.127460 -0.871054
v 0.690929 18.924610 -0.964350
v 0.987846 18.933180 -0.400196
v 1.291443 18.675600 -0.273385
v 0.894409 18.690411 1.246537
v 1.167815 18.855261 0.365389
v 1.454369 18.280121 -0.789896
v 1.660920 17.344700 -0.775801
v 1.572983 16.650410 -0.727444
v 1.487260 16.669050 -0.708168
v 1.621660 18.228201 -0.671076
v 1.821104 17.614000 -1.370640
v 2.143680 17.626471 -1.249607
v 2.336066 17.650320 -0.893735
v 2.153660 17.674700 -0.419141
v -0.086388 13.777670 -1.041900
v -0.057889 14.676300 -0.364206
v 1.136629 14.628790 -0.512813
v 1.502354 13.452750 -1.394647
v 1.576934 14.747630 -1.369024
v 1.605185 15.560410 -1.400074
v 0.865061 15.407230 -2.687800
v 0.885077 16.297029 -2.440435
v 1.272924 16.676270 -1.644365
v -0.000008 16.134809 -2.845501
v 1.741418 16.355940 -1.026124
v 1.702285 16.448290 -1.984729
v 1.399187 14.744150 -2.453325
v 1.684484 14.701270 -1.348973
v 1.016789 13.080060 -2.810782
v 1.523474 13.064780 -1.550094
v 0.389460 10.707420 -3.329275
v 1.057117 10.687910 -2.014007
v 1.203711 9.899837 -2.603142
v 0.973095 10.510670 -3.621723
v 1.800017 10.322300 -3.311178
v 2.385802 10.252570 -2.579605
v 2.387305 10.342340 -1.855552
v 2.730093 12.814910 -1.128748
v 2.689220 14.506820 -0.899350
v 2.572896 16.236521 -0.516922
v 2.715388 16.258310 -0.885014
v 2.519414 16.329359 -1.467393
v 2.099773 16.408051 -1.922910
v 2.786698 12.750680 -1.743832
v 2.788541 14.480850 -1.389236
v 2.308327 12.801730 -2.491264
v 2.451842 14.539610 -2.047300
v 1.575209 12.938160 -2.933208
v 1.876329 14.648680 -2.488013
v 0.000001 18.147970 1.978823
v 0.000001 18.549049 1.681603
v 0.622502 18.561501 1.725973
v 0.586022 18.102030 1.933184
v 1.105047 18.541071 1.421452
v 1.118226 18.035940 1.646715
v 0.000000 17.579880 1.950851
v 0.000485 18.782391 1.244314
v 0.514768 18.792681 1.280967
v 0.000000 18.307079 1.394460
v 0.000000 19.097040 0.892793
v -0.043330 15.233830 -0.495413
v 1.082526 15.411000 -0.154612
v 1.466464 16.304779 -0.630810
v -0.000037 19.015360 -1.067556
v 0.571365 19.169020 -0.369048
v 0.574534 19.061939 0.854647
v 0.000000 19.252529 0.018276
# 1182 vertices

vt 0.06589 1.34693
vt 0.07717 1.34693
vt 0.17933 1.04857
vt 0.17347 1.01158
vt 0.09987 1.34693
vt 0.11565 1.34693
vt 0.29883 1.34693
vt 0.30127 1.01194
vt 0.44356 1.34693
vt 0.50482 1.01236
vt 0.66976 1.06474
vt 0.64426 1.34693
vt 0.69221 1.34693
vt 0.90435 1.34693
vt 0.95753 1.03930
vt 0.92916 1.34693
vt 0.94516 1.04448
vt 0.93119 1.05033
vt 0.86976 1.34693
vt 0.80927 1.05034
vt 0.76378 1.34693
vt 0.34212 1.05034
vt 0.36596 1.34693
vt 0.18936 1.34693
vt 0.14874 1.05033
vt 0.06046 1.34693
vt 0.04424 1.05034
vt 0.07116 1.17311
vt 0.07116 1.14652
vt 0.06828 1.16958
vt 0.06828 1.16176
vt 0.07018 1.16463
vt 0.06828 1.17115
vt 0.07033 1.17970
vt 0.34930 1.13651
vt 0.34708 1.12036
vt 0.36384 1.14073
vt 0.36571 1.11367
vt 0.38954 1.14121
vt 0.41230 1.14164
vt 0.40213 1.11005
vt 0.42197 1.11123
vt 0.44560 1.11264
vt 0.52426 1.12271
vt 0.51543 1.12954
vt 0.92037 1.60849
vt 0.61032 1.52765
vt 0.97453 1.60222
vt 0.69686 1.52280
vt 0.59742 1.53384
vt 0.93136 1.61418
vt 0.98938 1.74592
vt 0.98945 1.71763
vt 0.65625 1.71772
vt 0.65632 1.72180
vt 0.65641 1.73998
vt 0.98952 1.73797
vt 0.65639 1.75148
vt 0.93152 1.74983
vt 0.65635 1.77462
vt 0.98948 1.78176
vt 0.65627 1.79061
vt 0.98939 1.77119
vt 0.23286 1.57659
vt 0.54624 1.56579
vt 0.17369 1.54703
vt 0.65022 1.54864
vt 0.69285 1.52944
vt 0.14667 1.51196
vt 0.65887 1.51190
vt 0.48153 1.49592
vt 0.16536 1.48171
vt 0.23495 1.12636
vt 0.21945 1.09579
vt 0.23148 1.12674
vt 0.22802 1.12366
vt 0.23918 1.12597
vt 0.05128 1.89152
vt 0.04449 1.92272
vt 0.12634 1.89272
vt 0.15969 1.94067
vt 0.30616 1.89314
vt 0.31196 1.94342
vt 0.38378 1.89518
vt 0.45987 1.94665
vt 0.29531 1.96636
vt 0.13306 1.96327
vt 0.02425 1.93527
vt 0.07116 1.05029
vt 0.09281 1.34688
vt 0.07116 1.04972
vt 0.07116 1.04727
vt 0.13490 1.73598
vt 0.98630 1.76328
vt 0.65830 1.71456
vt 0.10392 1.81078
vt 0.98664 1.79453
vt 0.11472 1.80727
vt 0.17940 1.75414
vt 0.98708 1.75618
vt 0.41856 1.73287
vt 0.65741 1.71380
vt 0.16265 1.66794
vt 0.11099 1.66467
vt 0.65473 1.71296
vt 0.40040 1.70246
vt 0.66467 1.71541
vt 0.10383 1.67844
vt 0.14013 1.68167
vt 0.12815 1.60047
vt 0.44239 1.59906
vt 0.16090 1.64347
vt 0.61037 1.61975
vt 0.71180 1.60849
vt 0.12815 1.53409
vt 0.12815 1.49817
vt 0.12815 1.50237
vt 0.12815 1.53044
vt 0.12815 1.57681
vt 0.54423 1.59171
vt 0.75602 1.61418
vt 0.66729 1.62533
vt 0.15829 1.65593
vt 0.06530 1.10994
vt 0.07116 1.11211
vt 0.07116 1.14694
vt 0.06912 1.11055
vt 0.05546 1.10883
vt 0.07002 1.16893
vt 0.51606 1.11682
vt 0.15895 1.66794
vt 0.40040 1.52896
vt 0.11099 1.49118
vt 0.10383 1.50494
vt 0.06330 1.08575
vt 0.05983 1.08614
vt 0.06157 1.08594
vt 0.35345 1.78000
vt 0.80201 1.78000
vt 0.36779 1.99600
vt 0.80268 1.99600
vt 0.36734 1.99631
vt 0.00788 1.99631
vt 0.38857 1.78000
vt 0.00788 1.78000
vt 0.79841 1.99600
vt 0.37073 1.99600
vt 0.76519 1.78000
vt 0.31351 1.78000
vt 0.31093 1.78000
vt 0.45636 1.78000
vt 0.40152 1.99600
vt 0.81357 1.78000
vt 0.81357 1.99600
vt 0.53491 1.45511
vt 0.53662 1.45659
vt 0.53642 1.46126
vt 0.53800 1.45957
vt 0.53910 1.46372
vt 0.53910 1.46090
vt 0.98612 1.57583
vt 0.98532 1.28553
vt 0.77725 1.57891
vt 0.81346 1.28801
vt 0.98469 1.53338
vt 0.82797 1.53090
vt 0.98486 1.38628
vt 0.82793 1.38876
vt 0.82906 1.54944
vt 0.53452 1.45181
vt 0.51709 1.45214
vt 0.52548 1.44056
vt 0.51352 1.44675
vt 0.51407 1.45220
vt 0.51439 1.44175
vt 0.51449 1.44949
vt 0.50688 1.44886
vt 0.50345 1.47977
vt 0.49909 1.45557
vt 0.49869 1.48393
vt 0.49885 1.48925
vt 0.51157 1.48936
vt 0.51863 1.48297
vt 0.51115 1.48039
vt 0.51067 1.47327
vt 0.52508 1.47743
vt 0.52508 1.47078
vt 0.51583 1.46504
vt 0.52591 1.44072
vt 0.52963 1.46180
vt 0.53411 1.44393
vt 0.53709 1.46036
vt 0.53709 1.44666
vt 0.51669 1.47305
vt 0.52035 1.45762
vt 0.54528 1.47789
vt 0.51721 1.46620
vt 0.53910 1.44154
vt 0.55007 1.50595
vt 0.46023 1.73883
vt 0.45846 1.49234
vt 0.45795 1.75734
vt 0.56384 1.50565
vt 0.68054 1.73321
vt 0.77512 1.56305
vt 0.93522 1.76288
vt 0.94541 1.61363
vt 0.76440 1.40585
vt 0.94961 1.40945
vt 0.98476 1.54928
vt 0.76623 1.51314
vt 0.58960 1.39009
vt 0.52446 1.46589
vt 0.51282 1.46804
vt 0.49305 1.46841
vt 0.74813 1.57918
vt 0.73864 1.31490
vt 0.98805 1.57285
vt 0.93745 1.30858
vt 0.76891 1.45802
vt 0.93942 1.46435
vt 0.75094 1.30988
vt 0.94323 1.32304
vt 0.52602 1.44286
vt 0.54239 1.44256
vt 0.53647 1.44267
vt 0.53022 1.45221
vt 0.51756 1.45015
vt 0.52601 1.47902
vt 0.51280 1.47148
vt 0.51105 1.47935
vt 0.54328 1.47238
vt 0.53320 1.47836
vt 0.51841 1.46027
vt 0.52508 1.45867
vt 0.53045 1.46998
vt 0.48580 1.01493
vt 0.41945 1.10487
vt 0.46755 1.01667
vt 0.45787 1.10511
vt 0.58320 1.01406
vt 0.66652 1.09465
vt 0.72896 1.01322
vt 0.85680 1.09418
vt 0.81198 1.01179
vt 0.79380 1.01292
vt 0.74731 1.09484
vt 0.66492 1.01770
vt 0.57559 1.10554
vt 0.53563 1.01493
vt 0.47694 1.38868
vt 0.50877 1.39614
vt 0.66287 1.29248
vt 0.82551 1.30340
vt 0.80698 1.30209
vt 0.75568 1.29435
vt 0.63147 1.40931
vt 0.95715 1.96914
vt 0.95607 1.96730
vt 0.95607 1.96914
vt 0.95491 1.96730
vt 0.95491 1.96914
vt 0.95751 1.96914
vt 0.95898 1.96914
vt 0.95895 1.96730
vt 0.95806 1.96914
vt 0.95751 1.96730
vt 0.95716 1.96746
vt 0.95621 1.96589
vt 0.95491 1.96589
vt 0.95895 1.96589
vt 0.95895 1.96542
vt 0.95621 1.96555
vt 0.95491 1.96530
vt 0.95790 1.96483
vt 0.95903 1.96504
vt 0.96155 1.96504
vt 0.95916 1.96472
vt 0.95621 1.96530
vt 0.95621 1.96471
vt 0.95491 1.96475
vt 0.95491 1.96382
vt 0.95621 1.96492
vt 0.95708 1.96382
vt 0.95895 1.96407
vt 0.96163 1.96412
vt 0.95852 1.96728
vt 0.96321 1.96462
vt 0.95766 1.96734
vt 0.96257 1.96365
vt 0.95917 1.96365
vt 0.95621 1.96365
vt 0.95491 1.96365
vt 0.41676 1.77154
vt 0.01259 1.77249
vt 0.06079 1.72216
vt 0.06023 1.31619
vt 0.36873 1.31417
vt 0.36947 1.72234
vt 0.41732 1.26337
vt 0.01281 1.26596
vt 0.06516 1.22808
vt 0.06685 1.02050
vt 0.04784 1.22434
vt 0.04953 1.01676
vt 0.05331 1.22593
vt 0.06434 1.08426
vt 0.04048 1.22569
vt 0.04964 1.09399
vt 0.06691 1.23401
vt 0.07678 1.01992
vt 0.05422 1.24278
vt 0.06408 1.02869
vt 0.05042 1.24143
vt 0.06029 1.02735
vt 0.51449 1.44025
vt 0.52440 1.48057
vt 0.52556 1.45309
vt 0.52685 1.46500
vt 0.63679 1.47167
vt 0.87482 1.46435
vt 0.87864 1.32304
vt 0.17042 1.14877
vt 0.17607 1.14026
vt 0.16967 1.13458
vt 0.17746 1.09488
vt 0.17101 1.08754
vt 0.17101 1.10223
vt 0.37818 1.76270
vt 0.64124 1.76698
vt 0.37818 1.95287
vt 0.69995 1.91571
vt 0.73993 1.18846
vt 0.73993 1.19001
vt 0.74100 1.18846
vt 0.74698 1.18870
vt 0.74677 1.18265
vt 0.74812 1.19039
vt 0.74642 1.19159
vt 0.74533 1.18266
vt 0.37818 1.59279
vt 0.62072 1.59279
vt 0.37818 1.28007
vt 0.56578 1.28001
vt 0.73993 1.19112
vt 0.74130 1.19000
vt 0.74786 1.19328
vt 0.74890 1.19490
vt 0.91142 1.51120
vt 0.91128 1.51106
vt 0.91130 1.51120
vt 0.91119 1.51120
vt 0.91128 1.51119
vt 0.88335 1.43853
vt 0.88386 1.43939
vt 0.88299 1.43939
vt 0.73744 1.10784
vt 0.74067 1.12542
vt 0.72919 1.11146
vt 0.73441 1.12879
vt 0.72154 1.12732
vt 0.73555 1.12440
vt 0.72297 1.11003
vt 0.73198 1.12694
vt 0.72297 1.13100
vt 0.78029 1.15071
vt 0.78236 1.14838
vt 0.69585 1.01296
vt 0.83511 1.06427
vt 0.68894 1.15350
vt 0.91452 1.24396
vt 0.67990 1.60077
vt 0.91478 1.60077
vt 0.98826 1.06938
vt 0.98861 1.23092
vt 0.64304 1.05568
vt 0.67561 1.20883
vt 0.86829 1.07819
vt 0.87936 1.22173
vt 0.96674 1.06886
vt 0.98663 1.23091
vt 0.98531 1.36104
vt 0.76876 1.52531
vt 0.91850 1.52531
vt 0.62912 1.52531
vt 0.03544 1.05000
vt 0.15864 1.25000
vt 0.38340 1.05000
vt 0.34762 1.25000
vt 0.01883 1.05000
vt 0.01883 1.25000
vt 0.35333 1.05000
vt 0.36679 1.25000
vt 0.01678 1.01862
vt 0.37439 1.03154
vt 0.01678 1.23154
vt 0.34830 1.23154
vt 0.39816 1.25000
vt 0.13506 1.23200
vt 0.35809 1.05000
vt 0.05020 1.03200
vt 0.74507 1.14156
vt 0.75472 1.14257
vt 0.74503 1.12328
vt 0.75376 1.12358
vt 0.89144 1.47428
vt 0.89123 1.47492
vt 0.89169 1.47441
vt 0.89135 1.47484
vt 0.89143 1.47482
vt 0.89135 1.47459
vt 0.89050 1.47311
vt 0.89105 1.47317
vt 0.89105 1.47299
vt 0.89171 1.47450
vt 0.89171 1.47479
vt 0.93861 1.51650
vt 0.93731 1.51637
vt 0.93878 1.51913
vt 0.93743 1.51873
vt 0.93875 1.51675
vt 0.93723 1.51695
vt 0.93942 1.52460
vt 0.93682 1.51895
vt 0.93827 1.51878
vt 0.93715 1.51736
vt 0.93837 1.51764
vt 0.93861 1.51927
vt 0.93871 1.52648
vt 0.93870 1.52648
vt 0.93871 1.52649
vt 0.93872 1.52649
vt 0.93871 1.52648
vt 0.93870 1.52646
vt 0.93871 1.52646
vt 0.93871 1.52646
vt 0.93923 1.52673
vt 0.93922 1.52673
vt 0.93922 1.52673
vt 0.93923 1.52673
vt 0.93922 1.52673
vt 0.93922 1.52673
vt 0.93923 1.52672
vt 0.93922 1.52673
vt 0.93921 1.52673
vt 0.93921 1.52673
vt 0.93921 1.52673
vt 0.93921 1.52673
vt 0.93921 1.52673
vt 0.93921 1.52673
vt 0.93921 1.52673
vt 0.93921 1.52673
vt 0.93921 1.52672
vt 0.93921 1.52672
vt 0.93921 1.52673
vt 0.93915 1.52675
vt 0.93914 1.52699
vt 0.93924 1.52699
vt 0.93921 1.52673
vt 0.93924 1.52675
vt 0.93916 1.52675
vt 0.93916 1.52700
vt 0.93906 1.52700
vt 0.93906 1.52675
vt 0.93914 1.52679
vt 0.93922 1.52675
vt 0.93917 1.52675
vt 0.93908 1.52674
vt 0.93908 1.52679
vt 0.93906 1.52673
vt 0.93912 1.52679
vt 0.93919 1.52667
vt 0.93920 1.52674
vt 0.93918 1.52679
vt 0.93904 1.52664
vt 0.93915 1.52680
vt 0.93914 1.52680
vt 0.93904 1.52670
vt 0.93903 1.52668
vt 0.93906 1.52669
vt 0.93906 1.52667
vt 0.93906 1.52666
vt 0.93903 1.52665
vt 0.93906 1.52665
vt 0.93905 1.52664
vt 0.93903 1.52665
vt 0.93905 1.52665
vt 0.93906 1.52666
vt 0.93904 1.52670
vt 0.93906 1.52667
vt 0.93906 1.52668
vt 0.93906 1.52670
vt 0.93915 1.52670
vt 0.93920 1.52680
vt 0.93918 1.52670
vt 0.93907 1.52664
vt 0.93909 1.52674
vt 0.93908 1.52679
vt 0.93909 1.52672
vt 0.93912 1.52672
vt 0.93911 1.52679
vt 0.93913 1.52674
vt 0.93911 1.52679
vt 0.93916 1.52672
vt 0.93915 1.52679
vt 0.93917 1.52674
vt 0.93915 1.52679
vt 0.93920 1.52671
vt 0.93919 1.52679
vt 0.93920 1.52673
vt 0.93920 1.52679
vt 0.93923 1.52679
vt 0.93923 1.52670
vt 0.93924 1.52672
vt 0.93922 1.52679
vt 0.93923 1.52662
vt 0.93923 1.52661
vt 0.93923 1.52661
vt 0.93923 1.52662
vt 0.93923 1.52662
vt 0.93923 1.52661
vt 0.93923 1.52661
vt 0.93923 1.52661
vt 0.93923 1.52661
vt 0.93918 1.52679
vt 0.93923 1.52662
vt 0.93923 1.52661
vt 0.93923 1.52661
vt 0.93923 1.52661
vt 0.93923 1.52661
vt 0.93923 1.52661
vt 0.93914 1.52679
vt 0.93923 1.52662
vt 0.93923 1.52662
vt 0.93923 1.52662
vt 0.93923 1.52661
vt 0.93923 1.52661
vt 0.93910 1.52679
vt 0.93923 1.52662
vt 0.93923 1.52662
vt 0.93923 1.52662
vt 0.93923 1.52661
vt 0.93923 1.52661
vt 0.78143 1.13761
vt 0.79145 1.13673
vt 0.79066 1.14891
vt 0.46413 1.72473
vt 0.49493 1.69205
vt 0.49526 1.77040
vt 0.52640 1.72606
vt 0.55765 1.75833
vt 0.55478 1.71880
vt 0.58359 1.73941
vt 0.61083 1.77671
vt 0.62914 1.75125
vt 0.66703 1.75461
vt 0.68559 1.79744
vt 0.69748 1.75109
vt 0.73796 1.77748
vt 0.72983 1.75456
vt 0.75915 1.74865
vt 0.80983 1.76551
vt 0.79082 1.71852
vt 0.73089 1.71593
vt 0.78664 1.63787
vt 0.69158 1.68360
vt 0.68210 1.61686
vt 0.66138 1.51989
vt 0.57900 1.54572
vt 0.60875 1.48438
vt 0.62024 1.44320
vt 0.58117 1.47732
vt 0.56931 1.44847
vt 0.57552 1.39585
vt 0.63210 1.33273
vt 0.55089 1.31337
vt 0.52780 1.39545
vt 0.49610 1.31172
vt 0.49774 1.27511
vt 0.45993 1.62844
vt 0.49460 1.63760
vt 0.52927 1.62844
vt 0.54652 1.68201
vt 0.45582 1.57222
vt 0.49460 1.59704
vt 0.53338 1.57222
vt 0.60289 1.61784
vt 0.58948 1.67649
vt 0.63487 1.67522
vt 0.46140 1.39545
vt 0.49460 1.39078
vt 0.45386 1.53226
vt 0.47357 1.54204
vt 0.49460 1.56202
vt 0.49460 1.57617
vt 0.51563 1.54204
vt 0.53534 1.53226
vt 0.55898 1.50438
vt 0.49460 1.53429
vt 0.55207 1.41749
vt 0.74755 1.74732
vt 0.79530 1.12727
vt 0.84768 1.12355
vt 0.84811 1.13831
vt 0.89797 1.12727
vt 0.89454 1.14426
vt 0.84811 1.18674
vt 0.80167 1.14426
vt 0.77953 1.20656
vt 0.77404 1.17749
vt 0.81338 1.22139
vt 0.84811 1.21307
vt 0.88073 1.22346
vt 0.91540 1.17994
vt 0.91131 1.21034
vt 0.95112 1.17381
vt 0.93451 1.14490
vt 0.98464 1.13492
vt 0.84407 1.01684
vt 0.77522 1.08008
vt 0.79027 1.02295
vt 0.78453 1.12407
vt 0.83148 1.12124
vt 0.79471 1.12607
vt 0.84798 1.12308
vt 0.86365 1.12067
vt 0.89822 1.12678
vt 0.90325 1.12388
vt 0.94927 1.12387
vt 0.98435 1.13016
vt 0.95027 1.12319
vt 0.96514 1.09238
vt 0.91292 1.08008
vt 0.93720 1.05181
vt 0.89788 1.02295
vt 0.84407 1.07430
vt 0.78458 1.12320
vt 0.83175 1.12100
vt 0.86453 1.11986
vt 0.90356 1.12320
vt 0.87064 1.38699
vt 0.85241 1.36979
vt 0.93138 1.38071
vt 0.87917 1.29664
vt 0.85588 1.31292
vt 0.49526 1.92347
vt 0.59585 1.92298
vt 0.56773 1.99234
vt 0.66356 1.92651
vt 0.75077 1.92269
vt 0.85052 1.92643
vt 0.80483 1.82297
vt 0.88507 1.80037
vt 0.98719 1.81923
vt 0.98719 1.75011
vt 0.88400 1.75765
vt 0.86923 1.69226
vt 0.98719 1.67497
vt 0.85559 1.63311
vt 0.95260 1.58197
vt 0.80024 1.49302
vt 0.86690 1.40673
vt 0.72051 1.41536
vt 0.60681 1.22994
vt 0.60914 1.15716
vt 0.82337 1.31010
vt 0.49526 1.85699
vt 0.60497 1.86182
vt 0.68752 1.86535
vt 0.74174 1.84146
vt 0.49815 1.25803
vt 0.49881 1.15003
vt 0.67357 1.13109
vt 0.66478 1.13109
vt 0.66334 1.13109
vt 0.63734 1.13109
vt 0.64599 1.13109
vt 0.69613 1.11226
vt 0.65284 1.11234
vt 0.69643 1.00698
vt 0.65284 1.00647
vt 0.62747 1.00647
vt 0.62747 1.11234
vt 0.60120 1.00647
vt 0.60120 1.11234
vt 0.57034 1.00647
vt 0.57034 1.11234
vt 0.53750 1.04141
vt 0.53750 1.11234
vt 0.50447 1.10097
vt 0.53575 1.12456
vt 0.55063 1.13774
vt 0.57078 1.12456
vt 0.57078 1.13767
vt 0.60178 1.12457
vt 0.60196 1.13767
vt 0.62787 1.13767
vt 0.62748 1.12457
vt 0.65632 1.13767
vt 0.65632 1.12457
vt 0.67410 1.12457
vt 0.67410 1.13767
vt 0.52261 1.13774
vt 0.52261 1.12457
vt 0.50497 1.13106
vt 0.61972 1.13109
vt 0.61426 1.13109
vt 0.61387 1.13109
vt 0.59344 1.13109
vt 0.59768 1.13109
vt 0.56347 1.13109
vt 0.54803 1.13109
vt 0.51726 1.13109
vt 0.63108 1.13109
vt 1.01181 1.38910
vt 1.01181 1.29388
vt 0.92885 1.29146
vt 0.85588 1.27919
vt 0.03759 1.95383
vt 0.03772 1.95727
vt 0.03985 1.95383
vt 0.04174 1.95727
vt 0.04089 1.95383
vt 0.04238 1.95383
vt 0.04458 1.95383
vt 0.04689 1.95727
vt 0.04689 1.95383
vt 0.01639 1.10039
vt 0.04201 1.09348
vt 0.06366 1.18987
vt 0.16635 1.09585
vt 0.12690 1.20795
vt 0.19101 1.19795
vt 0.22570 1.17662
vt 0.27719 1.08924
vt 0.21132 1.04097
vt 0.23682 1.05694
vt 0.10207 1.05960
vt -0.18782 1.25384
vt -0.99845 1.39345
vt 0.83477 1.48741
vt 0.39582 1.65124
vt 0.08338 2.02832
vt 0.01894 1.64478
vt 0.45149 1.99360
vt 0.61569 1.29035
vt 0.49927 1.50867
vt 0.89574 1.74609
vt 0.78611 1.92115
vt -0.10437 1.09982
vt -0.10437 1.24620
vt 0.69265 1.12031
vt -0.10437 1.80321
vt 0.46472 1.85917
vt -0.10437 1.73318
vt 0.44379 1.74918
vt 0.71589 1.88256
vt 0.48708 1.93717
vt -0.10437 1.90061
vt 1.77953 0.78914
vt 1.14350 0.90943
vt 1.77953 1.14156
vt 1.27331 1.15697
vt 1.77953 1.30411
vt -0.10437 0.90431
vt 0.61408 1.26573
vt -0.10437 1.41991
vt 0.59028 1.43884
vt -0.10437 1.53850
vt 0.01502 1.72475
vt 0.15525 1.72475
vt 0.01502 1.88100
vt 0.18437 1.88100
vt 0.24082 1.72475
vt 0.92549 1.10409
vt 0.74657 1.08621
vt 0.50072 1.42848
vt -0.02966 1.31236
vt 0.25014 0.99151
vt -0.30068 1.12216
vt -0.73393 1.48406
vt -0.64194 1.23790
vt -0.83040 1.38798
vt -0.66200 1.12666
vt -0.32814 1.04846
vt 0.22056 0.91844
vt 0.83477 1.84438
vt 0.83477 1.63769
vt 0.15994 1.84220
vt 0.46277 1.68089
vt 0.16598 1.47393
vt -0.99845 1.48864
vt 0.13057 1.65728
vt -0.99845 1.71235
vt -0.99845 1.82850
vt 1.25924 1.03016
vt 1.24030 1.53929
vt 1.29799 1.92730
vt 0.23206 1.92730
vt -0.79398 1.68203
vt -1.17790 1.49073
vt -1.25287 1.44307
vt 1.28322 1.05651
vt -0.99845 1.05651
vt 1.29120 1.34520
vt 1.29120 1.43673
vt 1.29120 1.60815
vt 1.29120 1.86968
vt 1.26555 2.10393
vt -0.99845 2.10517
vt 1.77953 1.67970
vt 1.77953 1.48815
vt 1.45713 1.59476
vt 1.30009 1.37994
vt 1.23224 1.51609
vt 1.12180 1.61640
vt 0.58333 1.55263
vt 0.57501 1.65697
vt 0.85709 1.72778
vt 1.11506 1.82349
vt 1.30654 1.79570
vt -0.10437 1.62798
vt 0.97381 1.90684
vt -1.00444 1.99193
vt -0.76801 1.99200
vt -1.00467 1.82903
vt -0.76854 1.82903
vt -0.76775 1.65261
vt -1.00467 1.65261
vt -0.76725 1.49081
vt -1.00467 1.49081
vt -0.76672 1.12214
vt -1.00467 1.12214
vt -0.50613 1.03491
vt -0.66925 1.12214
vt -0.50697 1.12214
vt -0.34469 1.12214
vt -0.24722 1.12214
vt -0.00927 1.12214
vt -0.00927 1.49081
vt -0.24669 1.49081
vt -0.00927 1.65261
vt -0.24618 1.65261
vt -0.24539 1.82903
vt -0.00927 1.82903
vt -0.00904 1.99193
vt -0.28694 1.99200
vt -0.33090 1.82903
vt -0.50697 1.99200
vt -0.50697 1.82903
vt -0.68597 1.99200
vt -0.68304 1.82903
vt -0.33288 1.49081
vt -0.32961 1.65261
vt -0.50697 1.49081
vt -0.50697 1.65261
vt -0.68106 1.49081
vt -0.68433 1.65261
vt 0.48696 1.90599
vt 0.48696 1.81303
vt 0.28440 1.90864
vt 0.30505 1.81494
vt 0.08219 1.91128
vt 0.11510 1.80660
vt 0.48696 1.72378
vt 0.48696 1.97378
vt 0.26047 1.97378
vt 0.08219 1.97378
vt -0.16606 1.94253
vt -0.16606 1.81753
vt -0.16606 1.72378
vt 0.12859 1.72378
vt 0.27905 1.73703
vt 0.48696 1.64257
vt 0.25970 1.64257
vt -0.29832 1.01422
vt -0.32798 0.94348
vt -0.55358 1.00963
vt 1.77953 1.75993
vt 1.52048 1.72073
vt 1.36132 1.75332
vt 1.35732 1.80346
vt 1.06649 1.01422
vt 0.51099 1.01422
vt 1.09993 1.92730
vt 0.51854 1.92730
vt 0.03490 1.69536
vt -0.14729 1.92730
vt -0.55315 1.31307
vt -0.75970 1.53929
vt -0.70201 1.92730
vt -0.08812 1.01422
vt -0.74076 1.03016
# 893 texture vertices

usemtl mesh0
f 3/3 2/2 1/1
f 4/4 2/2 3/3
f 4/4 5/5 2/2
f 4/4 6/6 5/5
f 4/4 7/7 6/6
f 8/8 7/7 4/4
f 8/8 9/9 7/7
f 10/10 9/9 8/8
f 11/11 9/9 10/10
f 11/11 12/12 9/9
f 11/11 13/13 12/12
f 11/11 14/14 13/13
f 15/15 14/14 11/11
f 15/15 16/16 14/14
f 17/17 16/16 15/15
f 18/18 16/16 17/17
f 18/18 19/19 16/16
f 20/20 19/19 18/18
f 20/20 21/21 19/19
f 22/22 21/21 20/20
f 22/22 23/23 21/21
f 22/22 24/24 23/23
f 25/25 24/24 22/22
f 25/25 26/26 24/24
f 27/27 26/26 25/25
f 27/27 1/1 26/26
f 28/30 8/29 4/28
f 29/31 8/29 28/30
f 29/31 10/32 8/29
f 30/33 10/32 29/31
f 30/33 11/34 10/32
f 18/37 22/36 20/35
f 18/37 25/38 22/36
f 17/39 25/38 18/37
f 15/40 25/38 17/39
f 15/40 27/41 25/38
f 15/40 31/42 27/41
f 15/40 3/43 31/42
f 15/40 29/44 3/43
f 30/45 29/44 15/40
f 34/48 33/47 32/46
f 34/48 35/49 33/47
f 34/48 36/50 35/49
f 37/51 36/50 34/48
f 40/54 39/53 38/52
f 41/55 39/53 40/54
f 42/56 39/53 41/55
f 42/56 43/57 39/53
f 44/58 43/57 42/56
f 44/58 45/59 43/57
f 46/60 45/59 44/58
f 46/60 47/61 45/59
f 48/62 47/61 46/60
f 48/62 49/63 47/61
f 51/66 50/65 1/64
f 51/66 32/67 50/65
f 51/66 34/68 32/67
f 52/69 34/68 51/66
f 52/69 37/70 34/68
f 52/69 53/71 37/70
f 14/72 53/71 52/69
f 38/75 47/74 49/73
f 39/74 47/74 38/75
f 43/74 47/74 39/74
f 43/74 45/74 47/74
f 41/74 44/74 42/74
f 41/74 46/74 44/74
f 40/76 46/74 41/74
f 40/76 48/77 46/74
f 54/80 2/79 5/78
f 54/80 55/81 2/79
f 56/82 55/81 54/80
f 56/82 57/83 55/81
f 13/84 57/83 56/82
f 14/85 57/83 13/84
f 52/86 57/83 14/85
f 52/86 55/81 57/83
f 51/87 55/81 52/86
f 1/88 55/81 51/87
f 1/88 2/79 55/81
f 31/91 1/90 27/89
f 3/92 1/90 31/91
f 40/95 38/94 12/93
f 38/94 9/96 12/93
f 58/97 9/96 38/94
f 58/97 7/98 9/96
f 58/97 6/99 7/98
f 49/100 6/99 58/97
f 49/100 59/101 6/99
f 48/102 59/101 49/100
f 48/102 5/103 59/101
f 48/105 54/104 5/103
f 48/105 60/106 54/104
f 40/107 60/106 48/105
f 40/107 56/108 60/106
f 40/107 13/109 56/108
f 12/93 13/109 40/107
f 1/112 61/111 26/110
f 50/113 61/111 1/112
f 32/114 61/111 50/113
f 33/47 61/111 32/114
f 33/47 26/110 61/111
f 33/47 24/115 26/110
f 33/47 23/116 24/115
f 35/49 23/116 33/47
f 35/49 21/117 23/116
f 36/50 21/117 35/49
f 36/50 19/118 21/117
f 36/50 16/119 19/118
f 36/50 62/120 16/119
f 37/121 62/120 36/50
f 53/122 62/120 37/121
f 14/123 62/120 53/122
f 14/123 16/119 62/120
f 3/126 28/125 4/124
f 15/129 11/128 30/127
f 29/44 28/130 3/43
f 5/131 6/99 59/101
f 56/134 54/133 60/132
f 58/137 38/136 49/135
f 65/2 64/3 63/1
f 65/2 66/4 64/3
f 67/5 66/4 65/2
f 68/6 66/4 67/5
f 69/7 66/4 68/6
f 69/7 70/8 66/4
f 71/9 70/8 69/7
f 71/9 72/10 70/8
f 71/9 73/11 72/10
f 74/12 73/11 71/9
f 75/13 73/11 74/12
f 76/14 73/11 75/13
f 76/14 77/15 73/11
f 78/16 77/15 76/14
f 78/16 79/17 77/15
f 78/16 80/18 79/17
f 81/19 80/18 78/16
f 81/19 82/20 80/18
f 83/21 82/20 81/19
f 83/21 84/22 82/20
f 85/23 84/22 83/21
f 86/24 84/22 85/23
f 86/24 87/25 84/22
f 88/26 87/25 86/24
f 88/26 89/27 87/25
f 63/1 89/27 88/26
f 70/29 90/30 66/28
f 70/29 91/31 90/30
f 72/32 91/31 70/29
f 72/32 92/33 91/31
f 73/34 92/33 72/32
f 84/36 80/37 82/35
f 87/38 80/37 84/36
f 87/38 79/39 80/37
f 87/38 77/40 79/39
f 89/41 77/40 87/38
f 93/42 77/40 89/41
f 64/43 77/40 93/42
f 91/44 77/40 64/43
f 91/44 92/45 77/40
f 96/47 95/48 94/46
f 97/49 95/48 96/47
f 98/50 95/48 97/49
f 98/50 99/51 95/48
f 102/53 101/54 100/52
f 102/53 103/55 101/54
f 102/53 104/56 103/55
f 105/57 104/56 102/53
f 105/57 106/58 104/56
f 107/59 106/58 105/57
f 107/59 108/60 106/58
f 109/61 108/60 107/59
f 109/61 110/62 108/60
f 111/63 110/62 109/61
f 113/65 112/66 63/64
f 94/67 112/66 113/65
f 95/68 112/66 94/67
f 95/68 114/69 112/66
f 99/70 114/69 95/68
f 115/71 114/69 99/70
f 115/71 76/72 114/69
f 109/74 100/75 111/73
f 109/74 102/74 100/75
f 109/74 105/74 102/74
f 107/74 105/74 109/74
f 106/74 103/74 104/74
f 108/74 103/74 106/74
f 108/74 101/76 103/74
f 110/77 101/76 108/74
f 65/79 116/80 67/78
f 117/81 116/80 65/79
f 117/81 118/82 116/80
f 119/83 118/82 117/81
f 119/83 75/84 118/82
f 119/83 76/85 75/84
f 119/83 114/86 76/85
f 117/81 114/86 119/83
f 117/81 112/87 114/86
f 117/81 63/88 112/87
f 65/79 63/88 117/81
f 63/90 93/91 89/89
f 63/90 64/92 93/91
f 100/94 101/95 74/93
f 71/96 100/94 74/93
f 71/96 120/97 100/94
f 69/98 120/97 71/96
f 68/99 120/97 69/98
f 68/99 111/100 120/97
f 121/101 111/100 68/99
f 121/101 110/102 111/100
f 67/103 110/102 121/101
f 116/104 110/105 67/103
f 122/106 110/105 116/104
f 122/106 101/107 110/105
f 118/108 101/107 122/106
f 75/109 101/107 118/108
f 75/109 74/93 101/107
f 123/111 63/112 88/110
f 123/111 113/113 63/112
f 123/111 94/114 113/113
f 123/111 96/47 94/114
f 88/110 96/47 123/111
f 86/115 96/47 88/110
f 85/116 96/47 86/115
f 85/116 97/49 96/47
f 83/117 97/49 85/116
f 83/117 98/50 97/49
f 81/118 98/50 83/117
f 78/119 98/50 81/118
f 124/120 98/50 78/119
f 124/120 99/121 98/50
f 124/120 115/122 99/121
f 124/120 76/123 115/122
f 78/119 76/123 124/120
f 90/125 64/126 66/124
f 73/128 77/129 92/127
f 90/130 91/44 64/43
f 68/99 67/131 121/101
f 116/133 118/134 122/132
f 100/136 120/137 111/135
usemtl mesh1
f 127/140 126/139 125/138
f 128/141 126/139 127/140
f 125/144 129/143 127/142
f 130/145 129/143 125/144
f 132/148 128/147 131/146
f 126/149 128/147 132/148
f 131/152 133/151 132/150
f 131/152 134/153 133/151
f 135/154 134/153 131/152
f 138/157 137/156 136/155
f 138/157 139/158 137/156
f 140/159 139/158 138/157
f 140/159 141/160 139/158
f 140/159 142/158 141/160
f 143/157 142/158 140/159
f 143/157 144/156 142/158
f 137/163 145/162 136/161
f 146/164 145/162 137/163
f 146/164 147/165 145/162
f 148/166 147/165 146/164
f 148/166 149/167 147/165
f 150/168 149/167 148/166
f 150/168 151/169 149/167
f 137/172 152/171 146/170
f 153/173 152/171 137/172
f 153/173 154/174 152/171
f 153/173 155/175 154/174
f 156/176 155/175 153/173
f 159/179 158/178 157/177
f 160/180 158/178 159/179
f 126/181 158/178 160/180
f 132/182 158/178 126/181
f 132/182 161/183 158/178
f 133/184 161/183 132/182
f 134/186 161/185 133/184
f 134/186 162/187 161/185
f 165/190 164/189 163/188
f 165/190 138/191 164/189
f 166/192 138/191 165/190
f 166/192 140/193 138/191
f 166/192 143/191 140/193
f 167/190 143/191 166/192
f 169/196 139/195 168/194
f 153/197 139/195 169/196
f 141/160 168/198 139/158
f 142/158 168/198 141/160
f 168/201 130/200 169/199
f 125/204 169/203 130/202
f 125/204 170/205 169/203
f 126/206 170/205 125/204
f 160/207 170/205 126/206
f 160/207 156/208 170/205
f 159/209 156/208 160/207
f 171/210 156/208 159/209
f 171/210 155/211 156/208
f 170/205 153/212 169/203
f 156/208 153/212 170/205
f 152/214 148/213 146/213
f 152/214 172/214 148/213
f 154/215 172/214 152/214
f 173/215 172/214 154/215
f 173/215 174/214 172/214
f 175/215 174/214 173/215
f 175/215 176/214 174/214
f 177/215 176/214 175/215
f 178/218 173/217 154/216
f 179/219 173/217 178/218
f 179/219 175/220 173/217
f 180/221 175/220 179/219
f 180/221 177/222 175/220
f 181/223 177/222 180/221
f 172/214 150/213 148/213
f 174/214 150/213 172/214
f 174/214 151/213 150/213
f 176/214 151/213 174/214
f 182/225 147/224 149/224
f 182/225 183/225 147/224
f 184/226 183/225 182/225
f 184/226 185/227 183/225
f 180/228 185/227 184/226
f 179/228 185/227 180/228
f 179/228 186/227 185/227
f 178/228 186/227 179/228
f 178/228 157/229 186/227
f 171/230 157/229 178/228
f 171/230 159/231 157/229
f 183/225 145/224 147/224
f 183/225 187/225 145/224
f 185/226 187/225 183/225
f 186/226 187/225 185/226
f 186/226 164/232 187/225
f 157/233 164/232 186/226
f 157/233 163/188 164/232
f 158/178 163/188 157/233
f 161/185 163/188 158/178
f 161/185 165/234 163/188
f 162/187 165/234 161/185
f 162/187 166/235 165/234
f 162/187 167/234 166/235
f 136/236 187/225 164/232
f 145/224 187/225 136/236
f 190/239 189/238 188/237
f 190/239 191/240 189/238
f 192/241 191/240 190/239
f 192/241 193/242 191/240
f 194/243 193/242 192/241
f 194/243 195/244 193/242
f 196/245 195/244 194/243
f 197/246 195/244 196/245
f 197/246 198/247 195/244
f 199/248 198/247 197/246
f 199/248 200/249 198/247
f 188/250 200/249 199/248
f 189/238 200/249 188/250
f 189/238 182/251 200/249
f 189/238 184/252 182/251
f 191/240 184/252 189/238
f 191/240 181/253 184/252
f 193/242 181/253 191/240
f 195/244 181/253 193/242
f 195/244 177/254 181/253
f 195/244 176/255 177/254
f 198/247 176/255 195/244
f 198/247 151/256 176/255
f 200/249 151/256 198/247
f 200/249 149/257 151/256
f 182/251 149/257 200/249
f 190/260 201/259 192/258
f 190/260 202/261 201/259
f 188/262 202/261 190/260
f 199/260 202/261 188/262
f 199/260 203/259 202/261
f 197/263 203/259 199/260
f 196/264 203/259 197/263
f 196/264 204/265 203/259
f 194/266 204/265 196/264
f 194/266 205/267 204/265
f 192/258 205/267 194/266
f 201/259 205/268 192/258
f 201/259 206/269 205/268
f 201/259 207/270 206/269
f 202/261 207/270 201/259
f 202/261 208/269 207/270
f 203/259 208/269 202/261
f 203/259 209/271 208/269
f 204/265 209/271 203/259
f 205/267 209/271 204/265
f 206/269 209/271 205/267
f 206/269 210/272 209/271
f 206/269 211/273 210/272
f 207/270 211/273 206/269
f 207/270 212/274 211/273
f 207/270 213/273 212/274
f 208/269 213/273 207/270
f 209/271 213/273 208/269
f 210/272 213/273 209/271
f 210/272 214/275 213/273
f 210/272 215/276 214/275
f 210/272 216/277 215/276
f 210/272 217/278 216/277
f 211/279 217/278 210/272
f 211/279 218/280 217/278
f 212/281 218/280 211/279
f 212/281 219/282 218/280
f 212/281 220/283 219/282
f 213/279 220/283 212/281
f 214/275 220/283 213/279
f 214/275 221/284 220/283
f 214/275 222/285 221/284
f 215/276 222/285 214/275
f 215/276 223/286 222/285
f 216/277 223/286 215/276
f 216/277 224/287 223/286
f 216/289 225/288 224/287
f 216/277 226/290 225/288
f 217/278 226/290 216/277
f 217/278 227/291 226/290
f 218/280 227/291 217/278
f 218/280 228/292 227/291
f 219/293 228/292 218/280
f 229/296 155/295 171/294
f 229/296 230/297 155/295
f 229/296 231/298 230/297
f 229/296 232/299 231/298
f 171/294 232/299 229/296
f 178/300 232/299 171/294
f 178/300 231/298 232/299
f 154/301 231/298 178/300
f 154/301 230/297 231/298
f 155/295 230/297 154/301
f 235/304 234/303 233/302
f 235/304 236/305 234/303
f 237/304 236/305 235/304
f 237/304 238/305 236/305
f 233/302 238/305 237/304
f 233/302 234/303 238/305
f 240/308 233/307 239/306
f 240/308 235/309 233/307
f 241/308 235/309 240/308
f 241/308 237/309 235/309
f 239/306 237/309 241/308
f 239/306 233/307 237/309
f 244/312 243/311 242/310
f 244/312 245/313 243/311
f 246/314 245/313 244/312
f 246/314 247/315 245/313
f 242/310 247/315 246/314
f 242/310 243/311 247/315
f 164/318 138/317 136/316
f 139/158 153/319 137/156
f 181/322 180/321 184/320
f 219/282 220/283 221/284
f 247/325 243/324 245/323
f 236/328 238/327 234/326
f 250/139 249/140 248/138
f 250/139 251/141 249/140
f 252/143 248/144 249/142
f 252/143 253/145 248/144
f 251/147 255/148 254/146
f 251/147 250/149 255/148
f 256/151 254/152 255/150
f 257/153 254/152 256/151
f 257/153 258/154 254/152
f 261/156 260/157 259/155
f 262/158 260/157 261/156
f 262/158 263/159 260/157
f 264/160 263/159 262/158
f 265/158 263/159 264/160
f 265/158 266/157 263/159
f 267/156 266/157 265/158
f 268/162 261/163 259/161
f 268/162 269/164 261/163
f 270/165 269/164 268/162
f 270/165 271/166 269/164
f 272/167 271/166 270/165
f 272/167 273/168 271/166
f 274/169 273/168 272/167
f 275/171 261/172 269/170
f 275/171 276/173 261/172
f 277/174 276/173 275/171
f 278/175 276/173 277/174
f 278/175 279/176 276/173
f 282/178 281/179 280/177
f 282/178 283/180 281/179
f 282/178 250/181 283/180
f 282/178 255/182 250/181
f 284/183 255/182 282/178
f 284/183 256/184 255/182
f 284/185 257/186 256/184
f 285/187 257/186 284/185
f 288/189 287/190 286/188
f 260/191 287/190 288/189
f 260/191 289/192 287/190
f 263/193 289/192 260/191
f 266/191 289/192 263/193
f 266/191 290/190 289/192
f 262/195 292/196 291/194
f 262/195 276/197 292/196
f 291/198 264/160 262/158
f 291/198 265/158 264/160
f 253/200 291/201 292/199
f 292/203 248/204 253/202
f 293/205 248/204 292/203
f 293/205 250/206 248/204
f 293/205 283/207 250/206
f 279/208 283/207 293/205
f 279/208 281/209 283/207
f 279/208 294/210 281/209
f 278/211 294/210 279/208
f 276/212 293/205 292/203
f 276/212 279/208 293/205
f 271/213 275/214 269/213
f 295/214 275/214 271/213
f 295/214 277/215 275/214
f 295/214 296/215 277/215
f 297/214 296/215 295/214
f 297/214 298/215 296/215
f 299/214 298/215 297/214
f 299/214 300/215 298/215
f 296/217 301/218 277/216
f 296/217 302/219 301/218
f 298/220 302/219 296/217
f 298/220 303/221 302/219
f 300/222 303/221 298/220
f 300/222 304/223 303/221
f 273/213 295/214 271/213
f 273/213 297/214 295/214
f 274/213 297/214 273/213
f 274/213 299/214 297/214
f 270/224 305/225 272/224
f 306/225 305/225 270/224
f 306/225 307/226 305/225
f 308/227 307/226 306/225
f 308/227 303/228 307/226
f 308/227 302/228 303/228
f 309/227 302/228 308/227
f 309/227 301/228 302/228
f 280/229 301/228 309/227
f 280/229 294/230 301/228
f 281/231 294/230 280/229
f 268/224 306/225 270/224
f 310/225 306/225 268/224
f 310/225 308/226 306/225
f 310/225 309/226 308/226
f 288/232 309/226 310/225
f 288/232 280/233 309/226
f 286/188 280/233 288/232
f 286/188 282/178 280/233
f 286/188 284/185 282/178
f 287/234 284/185 286/188
f 287/234 285/187 284/185
f 289/235 285/187 287/234
f 290/234 285/187 289/235
f 310/225 259/236 288/232
f 310/225 268/224 259/236
f 313/238 312/239 311/237
f 314/240 312/239 313/238
f 314/240 315/241 312/239
f 316/242 315/241 314/240
f 316/242 317/243 315/241
f 318/244 317/243 316/242
f 318/244 319/245 317/243
f 318/244 320/246 319/245
f 321/247 320/246 318/244
f 321/247 322/248 320/246
f 323/249 322/248 321/247
f 323/249 311/250 322/248
f 323/249 313/238 311/250
f 305/251 313/238 323/249
f 307/252 313/238 305/251
f 307/252 314/240 313/238
f 304/253 314/240 307/252
f 304/253 316/242 314/240
f 304/253 318/244 316/242
f 300/254 318/244 304/253
f 299/255 318/244 300/254
f 299/255 321/247 318/244
f 274/256 321/247 299/255
f 274/256 323/249 321/247
f 272/257 323/249 274/256
f 272/257 305/251 323/249
f 324/259 312/260 315/258
f 325/261 312/260 324/259
f 325/261 311/262 312/260
f 325/261 322/260 311/262
f 326/259 322/260 325/261
f 326/259 320/263 322/260
f 326/259 319/264 320/263
f 327/265 319/264 326/259
f 327/265 317/266 319/264
f 328/267 317/266 327/265
f 328/267 315/258 317/266
f 328/268 324/259 315/258
f 329/269 324/259 328/268
f 330/270 324/259 329/269
f 330/270 325/261 324/259
f 331/269 325/261 330/270
f 331/269 326/259 325/261
f 332/271 326/259 331/269
f 332/271 327/265 326/259
f 332/271 328/267 327/265
f 332/271 329/269 328/267
f 333/272 329/269 332/271
f 334/273 329/269 333/272
f 334/273 330/270 329/269
f 335/274 330/270 334/273
f 336/273 330/270 335/274
f 336/273 331/269 330/270
f 336/273 332/271 331/269
f 336/273 333/272 332/271
f 337/275 333/272 336/273
f 338/276 333/272 337/275
f 339/277 333/272 338/276
f 340/278 333/272 339/277
f 340/278 334/279 333/272
f 341/280 334/279 340/278
f 341/280 335/281 334/279
f 342/282 335/281 341/280
f 343/283 335/281 342/282
f 343/283 336/279 335/281
f 343/283 337/275 336/279
f 344/284 337/275 343/283
f 345/285 337/275 344/284
f 345/285 338/276 337/275
f 346/286 338/276 345/285
f 346/286 339/277 338/276
f 347/287 339/277 346/286
f 348/288 339/289 347/287
f 349/290 339/277 348/288
f 349/290 340/278 339/277
f 350/291 340/278 349/290
f 350/291 341/280 340/278
f 351/292 341/280 350/291
f 351/292 342/293 341/280
f 278/295 352/296 294/294
f 353/297 352/296 278/295
f 354/298 352/296 353/297
f 355/299 352/296 354/298
f 355/299 294/294 352/296
f 355/299 301/300 294/294
f 354/298 301/300 355/299
f 354/298 277/301 301/300
f 353/297 277/301 354/298
f 353/297 278/295 277/301
f 358/303 357/304 356/302
f 359/305 357/304 358/303
f 359/305 360/304 357/304
f 361/305 360/304 359/305
f 361/305 356/302 360/304
f 358/303 356/302 361/305
f 356/307 363/308 362/306
f 357/309 363/308 356/307
f 357/309 364/308 363/308
f 360/309 364/308 357/309
f 360/309 362/306 364/308
f 356/307 362/306 360/309
f 367/311 366/312 365/310
f 368/313 366/312 367/311
f 368/313 369/314 366/312
f 370/315 369/314 368/313
f 370/315 365/310 369/314
f 367/311 365/310 370/315
f 260/317 288/318 259/316
f 276/319 262/158 261/156
f 303/321 304/322 307/320
f 343/283 342/282 344/284
f 367/324 370/325 368/323
f 361/327 359/328 358/326
usemtl mesh2
f 371/331 373/330 372/329
f 374/332 373/330 371/331
f 377/335 375/334 376/333
f 377/335 378/336 375/334
f 379/337 378/336 377/335
f 379/337 380/338 378/336
f 379/337 381/339 380/338
f 382/340 381/339 379/337
f 373/330 383/341 372/329
f 381/342 383/341 373/330
f 381/342 384/343 383/341
f 382/344 384/343 381/342
f 378/346 385/345 375/334
f 378/346 386/347 385/345
f 380/338 386/347 378/346
f 380/338 387/348 386/347
f 390/351 388/350 389/349
f 391/352 388/350 390/351
f 391/352 392/353 388/350
f 392/356 393/355 388/354
f 387/359 394/358 386/357
f 387/359 395/360 394/358
f 374/361 395/360 387/359
f 396/364 386/363 394/362
f 397/365 386/363 396/364
f 373/366 380/338 381/339
f 387/367 380/338 373/366
f 374/370 398/369 395/368
f 374/370 399/371 398/369
f 371/372 399/371 374/370
f 371/372 400/373 399/371
f 399/371 401/374 398/369
f 402/375 401/374 399/371
f 403/378 397/377 396/376
f 403/378 404/379 397/377
f 401/380 404/379 403/378
f 402/381 404/379 401/380
f 405/382 404/379 402/381
f 405/382 406/383 404/379
f 407/384 406/383 405/382
f 404/379 408/385 397/377
f 406/383 408/385 404/379
f 391/388 377/387 392/386
f 379/389 377/387 391/388
f 392/392 376/391 393/390
f 377/393 376/391 392/392
f 384/396 390/395 389/394
f 382/397 390/395 384/396
f 391/400 382/399 379/398
f 390/401 382/399 391/400
f 385/404 397/403 408/402
f 386/405 397/403 385/404
f 405/408 409/407 407/406
f 405/408 410/409 409/407
f 405/411 411/410 410/409
f 405/411 412/412 411/410
f 402/413 412/412 405/411
f 399/414 412/412 402/413
f 400/415 412/412 399/414
f 400/415 411/410 412/412
f 400/415 413/416 411/410
f 401/419 414/418 398/417
f 401/419 415/420 414/418
f 403/421 415/420 401/419
f 403/421 416/422 415/420
f 396/423 416/422 403/421
f 396/423 417/424 416/422
f 394/425 417/424 396/423
f 394/425 418/426 417/424
f 395/427 418/426 394/425
f 398/428 418/426 395/427
f 414/429 418/426 398/428
f 414/429 419/430 418/426
f 414/429 420/431 419/430
f 415/432 420/431 414/429
f 416/433 420/431 415/432
f 416/433 421/430 420/431
f 416/433 422/434 421/430
f 417/435 422/434 416/433
f 418/436 422/434 417/435
f 419/437 422/434 418/436
f 419/437 423/438 422/434
f 419/437 424/439 423/438
f 420/440 424/439 419/437
f 420/440 425/441 424/439
f 420/440 426/439 425/441
f 421/437 426/439 420/440
f 421/437 427/442 426/439
f 422/443 427/442 421/437
f 422/443 428/444 427/442
f 423/438 428/444 422/443
f 423/438 429/445 428/444
f 423/438 430/446 429/445
f 424/439 430/446 423/438
f 424/439 431/447 430/446
f 424/439 432/448 431/447
f 425/441 432/448 424/439
f 426/439 432/448 425/441
f 426/439 433/449 432/448
f 427/442 433/449 426/439
f 427/442 429/445 433/449
f 428/444 429/445 427/442
f 434/450 431/447 432/448
f 434/450 435/451 431/447
f 434/450 436/447 435/451
f 432/448 436/447 434/450
f 433/449 436/447 432/448
f 433/449 437/452 436/447
f 429/445 437/452 433/449
f 429/445 438/453 437/452
f 430/446 438/453 429/445
f 430/446 439/454 438/453
f 430/446 440/455 439/454
f 431/447 440/455 430/446
f 435/456 440/455 431/447
f 435/456 441/457 440/455
f 435/456 442/458 441/457
f 435/456 443/459 442/458
f 436/447 443/459 435/456
f 437/452 443/459 436/447
f 437/452 439/454 443/459
f 438/453 439/454 437/452
f 439/461 442/458 443/460
f 439/461 444/462 442/458
f 439/461 445/463 444/462
f 440/464 445/463 439/461
f 441/465 445/463 440/464
f 441/465 446/466 445/463
f 441/465 447/467 446/466
f 441/465 448/468 447/467
f 442/469 448/468 441/465
f 442/469 449/470 448/468
f 444/471 449/470 442/469
f 444/471 450/472 449/470
f 444/471 451/473 450/472
f 445/474 451/473 444/471
f 446/475 451/473 445/474
f 446/475 452/476 451/473
f 446/475 453/477 452/476
f 446/475 454/478 453/477
f 447/479 454/478 446/475
f 447/479 455/480 454/478
f 447/479 456/481 455/480
f 447/479 457/482 456/481
f 448/483 457/482 447/479
f 448/483 458/484 457/482
f 448/483 459/485 458/484
f 449/486 459/485 448/483
f 449/486 460/487 459/485
f 449/486 461/488 460/487
f 450/489 461/488 449/486
f 450/489 462/490 461/488
f 450/489 463/491 462/490
f 450/489 464/492 463/491
f 450/489 454/493 464/492
f 450/495 465/494 454/493
f 450/495 452/476 465/494
f 451/496 452/476 450/495
f 455/480 464/497 454/478
f 455/499 466/498 464/497
f 456/500 466/498 455/499
f 456/500 467/501 466/498
f 456/500 463/502 467/501
f 456/500 468/503 463/502
f 457/504 468/503 456/500
f 457/504 469/505 468/503
f 457/504 462/506 469/505
f 457/504 470/507 462/506
f 458/508 470/507 457/504
f 458/508 471/509 470/507
f 458/508 461/510 471/509
f 458/508 472/511 461/510
f 458/508 473/512 472/511
f 459/513 473/512 458/508
f 460/514 473/512 459/513
f 460/514 474/515 473/512
f 461/510 474/515 460/514
f 472/516 474/515 461/510
f 472/516 475/517 474/515
f 472/516 476/518 475/517
f 472/516 477/518 476/518
f 473/516 477/518 472/516
f 473/516 475/517 477/518
f 474/519 475/517 473/516
f 465/494 453/520 454/493
f 465/521 478/521 453/520
f 465/521 479/522 478/521
f 465/521 480/523 479/522
f 452/524 480/523 465/521
f 452/524 478/521 480/523
f 453/520 478/521 452/524
f 481/522 479/522 480/523
f 481/522 478/521 479/522
f 480/523 478/521 481/522
f 482/525 462/506 470/507
f 482/525 461/510 462/506
f 482/525 471/526 461/510
f 482/519 483/527 471/526
f 482/519 484/528 483/527
f 482/519 485/527 484/528
f 470/526 485/527 482/519
f 471/526 485/527 470/526
f 483/527 485/527 471/526
f 483/527 486/529 485/527
f 483/527 487/530 486/529
f 484/528 487/530 483/527
f 484/528 488/531 487/530
f 484/528 489/531 488/531
f 485/527 489/531 484/528
f 486/529 489/531 485/527
f 486/529 488/531 489/531
f 487/530 488/531 486/529
f 490/532 463/502 468/503
f 490/532 462/506 463/502
f 490/532 469/533 462/506
f 490/534 491/518 469/533
f 490/534 492/518 491/518
f 468/533 492/518 490/534
f 468/533 493/535 492/518
f 469/533 493/535 468/533
f 491/518 493/535 469/533
f 491/518 494/536 493/535
f 491/518 495/536 494/536
f 492/518 495/536 491/518
f 492/518 496/528 495/536
f 492/518 497/537 496/528
f 493/535 497/537 492/518
f 494/536 497/537 493/535
f 494/536 496/528 497/537
f 495/536 496/528 494/536
f 498/538 464/497 466/498
f 498/538 463/502 464/497
f 498/538 467/539 463/502
f 498/516 499/526 467/539
f 498/516 500/540 499/526
f 466/539 500/540 498/516
f 466/539 501/526 500/540
f 467/539 501/526 466/539
f 499/526 501/526 467/539
f 499/526 502/541 501/526
f 499/526 503/541 502/541
f 500/540 503/541 499/526
f 500/540 504/542 503/541
f 500/540 505/541 504/542
f 501/526 505/541 500/540
f 502/541 505/541 501/526
f 502/541 504/542 505/541
f 503/541 504/542 502/541
f 475/517 506/531 477/518
f 475/517 507/543 506/531
f 475/517 508/528 507/543
f 476/518 508/528 475/517
f 476/518 509/531 508/528
f 477/518 509/531 476/518
f 506/531 509/531 477/518
f 507/543 509/531 506/531
f 507/543 508/528 509/531
f 374/546 387/545 373/544
f 524/330 510/331 511/329
f 524/330 525/332 510/331
f 512/334 526/335 513/333
f 527/336 526/335 512/334
f 527/336 528/337 526/335
f 529/338 528/337 527/336
f 530/339 528/337 529/338
f 530/339 531/340 528/337
f 514/341 524/330 511/329
f 514/341 530/342 524/330
f 532/343 530/342 514/341
f 532/343 531/344 530/342
f 515/345 527/346 512/334
f 533/347 527/346 515/345
f 533/347 529/338 527/346
f 534/348 529/338 533/347
f 516/350 535/351 517/349
f 516/350 536/352 535/351
f 537/353 536/352 516/350
f 538/355 537/356 516/354
f 539/358 534/359 533/357
f 540/360 534/359 539/358
f 540/360 525/361 534/359
f 533/363 541/364 539/362
f 533/363 542/365 541/364
f 529/338 524/366 530/339
f 529/338 534/367 524/366
f 543/369 525/370 540/368
f 544/371 525/370 543/369
f 544/371 510/372 525/370
f 518/373 510/372 544/371
f 545/374 544/371 543/369
f 545/374 546/375 544/371
f 542/377 547/378 541/376
f 548/379 547/378 542/377
f 548/379 545/380 547/378
f 548/379 546/381 545/380
f 548/379 549/382 546/381
f 519/383 549/382 548/379
f 519/383 520/384 549/382
f 521/385 548/379 542/377
f 521/385 519/383 548/379
f 526/387 536/388 537/386
f 526/387 528/389 536/388
f 513/391 537/392 538/390
f 513/391 526/393 537/392
f 535/395 532/396 517/394
f 535/395 531/397 532/396
f 531/399 536/400 528/398
f 531/399 535/401 536/400
f 542/403 515/404 521/402
f 542/403 533/405 515/404
f 522/407 549/408 520/406
f 550/409 549/408 522/407
f 551/410 549/411 550/409
f 552/412 549/411 551/410
f 552/412 546/413 549/411
f 552/412 544/414 546/413
f 552/412 518/415 544/414
f 551/410 518/415 552/412
f 523/416 518/415 551/410
f 553/418 545/419 543/417
f 554/420 545/419 553/418
f 554/420 547/421 545/419
f 555/422 547/421 554/420
f 555/422 541/423 547/421
f 556/424 541/423 555/422
f 556/424 539/425 541/423
f 557/426 539/425 556/424
f 557/426 540/427 539/425
f 557/426 543/428 540/427
f 557/426 553/429 543/428
f 558/430 553/429 557/426
f 559/431 553/429 558/430
f 559/431 554/432 553/429
f 559/431 555/433 554/432
f 560/430 555/433 559/431
f 561/434 555/433 560/430
f 561/434 556/435 555/433
f 561/434 557/436 556/435
f 561/434 558/437 557/436
f 562/438 558/437 561/434
f 563/439 558/437 562/438
f 563/439 559/440 558/437
f 564/441 559/440 563/439
f 565/439 559/440 564/441
f 565/439 560/437 559/440
f 566/442 560/437 565/439
f 566/442 561/443 560/437
f 567/444 561/443 566/442
f 567/444 562/438 561/443
f 568/445 562/438 567/444
f 569/446 562/438 568/445
f 569/446 563/439 562/438
f 570/447 563/439 569/446
f 571/448 563/439 570/447
f 571/448 564/441 563/439
f 571/448 565/439 564/441
f 572/449 565/439 571/448
f 572/449 566/442 565/439
f 568/445 566/442 572/449
f 568/445 567/444 566/442
f 570/447 573/450 571/448
f 574/451 573/450 570/447
f 575/447 573/450 574/451
f 575/447 571/448 573/450
f 575/447 572/449 571/448
f 576/452 572/449 575/447
f 576/452 568/445 572/449
f 577/453 568/445 576/452
f 577/453 569/446 568/445
f 578/454 569/446 577/453
f 579/455 569/446 578/454
f 579/455 570/447 569/446
f 579/455 574/456 570/447
f 580/457 574/456 579/455
f 581/458 574/456 580/457
f 582/459 574/456 581/458
f 582/459 575/447 574/456
f 582/459 576/452 575/447
f 578/454 576/452 582/459
f 578/454 577/453 576/452
f 581/458 578/461 582/460
f 583/462 578/461 581/458
f 584/463 578/461 583/462
f 584/463 579/464 578/461
f 584/463 580/465 579/464
f 585/466 580/465 584/463
f 586/467 580/465 585/466
f 587/468 580/465 586/467
f 587/468 581/469 580/465
f 588/470 581/469 587/468
f 588/470 583/471 581/469
f 589/472 583/471 588/470
f 590/473 583/471 589/472
f 590/473 584/474 583/471
f 590/473 585/475 584/474
f 591/476 585/475 590/473
f 592/477 585/475 591/476
f 593/478 585/475 592/477
f 593/478 586/479 585/475
f 594/480 586/479 593/478
f 595/481 586/479 594/480
f 596/482 586/479 595/481
f 596/482 587/483 586/479
f 597/484 587/483 596/482
f 598/485 587/483 597/484
f 598/485 588/486 587/483
f 599/487 588/486 598/485
f 600/488 588/486 599/487
f 600/488 589/489 588/486
f 601/490 589/489 600/488
f 602/491 589/489 601/490
f 603/492 589/489 602/491
f 593/493 589/489 603/492
f 604/494 589/495 593/493
f 591/476 589/495 604/494
f 591/476 590/496 589/495
f 603/497 594/480 593/478
f 605/498 594/499 603/497
f 605/498 595/500 594/499
f 606/501 595/500 605/498
f 602/502 595/500 606/501
f 607/503 595/500 602/502
f 607/503 596/504 595/500
f 608/505 596/504 607/503
f 601/506 596/504 608/505
f 609/507 596/504 601/506
f 609/507 597/508 596/504
f 610/509 597/508 609/507
f 600/510 597/508 610/509
f 611/511 597/508 600/510
f 612/512 597/508 611/511
f 612/512 598/513 597/508
f 612/512 599/514 598/513
f 613/515 599/514 612/512
f 613/515 600/510 599/514
f 613/515 611/516 600/510
f 614/517 611/516 613/515
f 615/518 611/516 614/517
f 616/518 611/516 615/518
f 616/518 612/516 611/516
f 614/517 612/516 616/518
f 614/517 613/519 612/516
f 592/520 604/494 593/493
f 617/521 604/521 592/520
f 618/522 604/521 617/521
f 619/523 604/521 618/522
f 619/523 591/524 604/521
f 617/521 591/524 619/523
f 617/521 592/520 591/524
f 618/522 620/522 619/523
f 617/521 620/522 618/522
f 617/521 619/523 620/522
f 601/506 621/525 609/507
f 600/510 621/525 601/506
f 610/526 621/525 600/510
f 622/527 621/519 610/526
f 623/528 621/519 622/527
f 624/527 621/519 623/528
f 624/527 609/526 621/519
f 624/527 610/526 609/526
f 624/527 622/527 610/526
f 625/529 622/527 624/527
f 626/530 622/527 625/529
f 626/530 623/528 622/527
f 627/531 623/528 626/530
f 628/531 623/528 627/531
f 628/531 624/527 623/528
f 628/531 625/529 624/527
f 627/531 625/529 628/531
f 627/531 626/530 625/529
f 602/502 629/532 607/503
f 601/506 629/532 602/502
f 608/533 629/532 601/506
f 630/518 629/534 608/533
f 631/518 629/534 630/518
f 631/518 607/533 629/534
f 632/535 607/533 631/518
f 632/535 608/533 607/533
f 632/535 630/518 608/533
f 633/536 630/518 632/535
f 634/536 630/518 633/536
f 634/536 631/518 630/518
f 635/528 631/518 634/536
f 636/537 631/518 635/528
f 636/537 632/535 631/518
f 636/537 633/536 632/535
f 635/528 633/536 636/537
f 635/528 634/536 633/536
f 603/497 637/538 605/498
f 602/502 637/538 603/497
f 606/539 637/538 602/502
f 638/526 637/516 606/539
f 639/540 637/516 638/526
f 639/540 605/539 637/516
f 640/526 605/539 639/540
f 640/526 606/539 605/539
f 640/526 638/526 606/539
f 641/541 638/526 640/526
f 642/541 638/526 641/541
f 642/541 639/540 638/526
f 643/542 639/540 642/541
f 644/541 639/540 643/542
f 644/541 640/526 639/540
f 644/541 641/541 640/526
f 643/542 641/541 644/541
f 643/542 642/541 641/541
f 645/531 614/517 616/518
f 646/543 614/517 645/531
f 647/528 614/517 646/543
f 647/528 615/518 614/517
f 648/531 615/518 647/528
f 648/531 616/518 615/518
f 648/531 645/531 616/518
f 648/531 646/543 645/531
f 647/528 646/543 648/531
f 534/545 525/546 524/544
usemtl mesh3
f 651/549 650/548 649/547
f 651/549 652/550 650/548
f 653/551 652/550 651/549
f 653/551 654/552 652/550
f 653/551 655/553 654/552
f 656/554 655/553 653/551
f 656/554 657/555 655/553
f 656/554 658/556 657/555
f 659/557 658/556 656/554
f 659/557 660/558 658/556
f 661/559 660/558 659/557
f 661/559 662/560 660/558
f 661/559 663/561 662/560
f 664/562 663/561 661/559
f 665/563 663/561 664/562
f 665/563 666/564 663/561
f 667/565 666/564 665/563
f 667/565 668/566 666/564
f 667/565 669/567 668/566
f 670/568 669/567 667/565
f 670/568 671/569 669/567
f 670/568 672/570 671/569
f 673/571 672/570 670/568
f 673/571 674/572 672/570
f 673/571 675/573 674/572
f 673/571 676/574 675/573
f 677/575 676/574 673/571
f 678/576 676/574 677/575
f 678/576 679/577 676/574
f 678/576 680/578 679/577
f 681/579 680/578 678/576
f 650/548 683/581 682/580
f 650/548 684/582 683/581
f 650/548 685/583 684/582
f 652/550 685/583 650/548
f 652/550 654/552 685/583
f 682/580 687/585 686/584
f 683/581 687/585 682/580
f 684/582 687/585 683/581
f 684/582 688/586 687/585
f 684/582 671/569 688/586
f 684/582 689/587 671/569
f 685/583 689/587 684/582
f 690/588 689/587 685/583
f 691/589 689/587 690/588
f 691/589 669/567 689/587
f 668/566 669/567 691/589
f 693/591 680/578 692/590
f 679/577 680/578 693/591
f 686/584 695/593 694/592
f 686/584 696/594 695/593
f 686/584 697/595 696/594
f 687/585 697/595 686/584
f 688/586 697/595 687/585
f 688/586 696/594 697/595
f 688/586 698/596 696/594
f 688/586 699/597 698/596
f 671/569 699/597 688/586
f 671/569 700/598 699/597
f 671/569 674/572 700/598
f 672/570 674/572 671/569
f 696/594 701/599 695/593
f 698/596 701/599 696/594
f 676/574 702/600 675/573
f 679/577 702/600 676/574
f 703/601 663/561 666/564
f 662/560 663/561 703/601
f 706/604 705/603 704/602
f 706/604 707/605 705/603
f 706/604 708/606 707/605
f 706/604 709/607 708/606
f 706/604 710/608 709/607
f 704/602 710/608 706/604
f 695/611 711/610 694/609
f 695/611 709/607 711/610
f 701/612 709/607 695/611
f 698/613 709/607 701/612
f 698/613 712/614 709/607
f 699/615 712/614 698/613
f 700/616 712/614 699/615
f 700/616 713/617 712/614
f 674/618 713/617 700/616
f 707/605 713/617 674/618
f 708/606 713/617 707/605
f 708/606 712/614 713/617
f 709/607 712/614 708/606
f 710/608 711/610 709/607
f 692/621 714/620 693/619
f 715/624 717/623 716/622
f 718/625 717/623 715/624
f 718/625 719/626 717/623
f 720/627 719/626 718/625
f 720/627 721/628 719/626
f 720/627 722/629 721/628
f 674/630 722/629 720/627
f 675/632 722/631 674/630
f 675/632 723/633 722/631
f 702/634 723/633 675/632
f 679/635 723/633 702/634
f 693/619 723/633 679/635
f 693/619 724/636 723/633
f 714/620 724/636 693/619
f 714/620 716/637 724/636
f 717/638 724/636 716/637
f 719/639 724/636 717/638
f 721/640 724/636 719/639
f 721/640 723/633 724/636
f 722/631 723/633 721/640
f 689/587 669/567 671/569
f 727/643 726/642 725/641
f 728/644 726/642 727/643
f 728/644 729/645 726/642
f 732/648 731/647 730/646
f 732/648 733/649 731/647
f 732/648 734/650 733/649
f 735/651 734/650 732/648
f 735/651 736/652 734/650
f 735/651 737/653 736/652
f 738/654 737/653 735/651
f 739/655 737/653 738/654
f 739/655 740/656 737/653
f 739/655 741/657 740/656
f 742/658 741/657 739/655
f 742/658 743/659 741/657
f 744/660 743/659 742/658
f 744/660 745/661 743/659
f 746/662 745/661 744/660
f 746/662 747/663 745/661
f 746/662 748/664 747/663
f 746/662 749/665 748/664
f 744/666 749/665 746/662
f 731/647 750/667 730/646
f 731/647 751/668 750/667
f 731/647 752/669 751/668
f 733/649 752/669 731/647
f 734/650 752/669 733/649
f 734/650 753/670 752/669
f 736/652 753/670 734/650
f 736/652 661/559 753/670
f 736/652 664/562 661/559
f 737/653 664/562 736/652
f 740/656 664/562 737/653
f 741/657 664/562 740/656
f 741/657 665/563 664/562
f 741/657 667/565 665/563
f 743/659 667/565 741/657
f 745/661 667/565 743/659
f 745/661 670/568 667/565
f 745/661 673/571 670/568
f 747/663 673/571 745/661
f 747/663 677/575 673/571
f 748/664 677/575 747/663
f 748/664 678/576 677/575
f 748/664 681/579 678/576
f 748/664 754/671 681/579
f 748/664 755/672 754/671
f 749/665 755/672 748/664
f 750/667 653/551 651/549
f 751/668 653/551 750/667
f 751/668 656/554 653/551
f 751/668 659/557 656/554
f 752/669 659/557 751/668
f 752/669 661/559 659/557
f 753/670 661/559 752/669
f 758/675 757/674 756/673
f 759/676 757/674 758/675
f 759/676 703/677 757/674
f 703/680 660/679 662/678
f 760/681 660/679 703/680
f 761/682 660/679 760/681
f 761/682 658/683 660/679
f 762/684 658/683 761/682
f 762/684 657/685 658/683
f 763/686 657/685 762/684
f 763/686 655/687 657/685
f 764/688 655/687 763/686
f 764/688 654/689 655/687
f 685/690 654/689 764/688
f 765/693 760/692 703/691
f 765/693 761/694 760/692
f 766/695 761/694 765/693
f 766/695 762/696 761/694
f 766/695 763/697 762/696
f 767/698 763/697 766/695
f 767/698 764/699 763/697
f 768/700 764/699 767/698
f 769/701 764/699 768/700
f 769/701 685/702 764/699
f 770/703 703/691 760/692
f 770/703 771/704 703/691
f 772/705 771/704 770/703
f 666/706 759/676 703/677
f 666/706 773/707 759/676
f 668/708 773/707 666/706
f 668/708 774/709 773/707
f 691/710 774/709 668/708
f 690/711 774/709 691/710
f 690/711 775/712 774/709
f 685/713 775/712 690/711
f 685/713 776/712 775/712
f 769/713 776/712 685/713
f 777/709 775/712 776/712
f 777/709 774/709 775/712
f 777/709 773/707 774/709
f 778/707 773/707 777/709
f 778/707 759/676 773/707
f 779/714 759/676 778/707
f 779/714 703/677 759/676
f 780/716 727/643 725/715
f 781/717 727/643 780/716
f 781/717 728/644 727/643
f 781/717 729/645 728/644
f 780/718 729/645 781/717
f 784/721 783/720 782/719
f 784/721 785/722 783/720
f 786/723 785/722 784/721
f 787/724 785/722 786/723
f 788/725 785/722 787/724
f 788/725 789/726 785/722
f 790/727 789/726 788/725
f 791/725 789/726 790/727
f 794/548 793/549 792/547
f 795/550 793/549 794/548
f 795/550 796/551 793/549
f 797/552 796/551 795/550
f 798/553 796/551 797/552
f 798/553 799/554 796/551
f 800/555 799/554 798/553
f 801/556 799/554 800/555
f 801/556 802/557 799/554
f 803/558 802/557 801/556
f 803/558 804/559 802/557
f 805/560 804/559 803/558
f 806/561 804/559 805/560
f 806/561 807/562 804/559
f 806/561 808/563 807/562
f 809/564 808/563 806/561
f 809/564 810/565 808/563
f 811/566 810/565 809/564
f 812/567 810/565 811/566
f 812/567 813/568 810/565
f 814/569 813/568 812/567
f 815/570 813/568 814/569
f 815/570 816/571 813/568
f 817/572 816/571 815/570
f 818/573 816/571 817/572
f 819/574 816/571 818/573
f 819/574 820/575 816/571
f 819/574 821/576 820/575
f 822/577 821/576 819/574
f 823/578 821/576 822/577
f 823/578 824/579 821/576
f 826/581 794/548 825/580
f 827/582 794/548 826/581
f 828/583 794/548 827/582
f 828/583 795/550 794/548
f 797/552 795/550 828/583
f 830/585 825/580 829/584
f 830/585 826/581 825/580
f 830/585 827/582 826/581
f 831/586 827/582 830/585
f 814/569 827/582 831/586
f 832/587 827/582 814/569
f 832/587 828/583 827/582
f 832/587 833/588 828/583
f 832/587 834/589 833/588
f 812/567 834/589 832/587
f 812/567 811/566 834/589
f 823/578 836/591 835/590
f 823/578 822/577 836/591
f 838/593 829/584 837/592
f 839/594 829/584 838/593
f 840/595 829/584 839/594
f 840/595 830/585 829/584
f 840/595 831/586 830/585
f 839/594 831/586 840/595
f 841/596 831/586 839/594
f 842/597 831/586 841/596
f 842/597 814/569 831/586
f 843/598 814/569 842/597
f 817/572 814/569 843/598
f 817/572 815/570 814/569
f 844/599 839/594 838/593
f 844/599 841/596 839/594
f 845/600 819/574 818/573
f 845/600 822/577 819/574
f 806/561 846/601 809/564
f 806/561 805/560 846/601
f 849/603 848/604 847/602
f 850/605 848/604 849/603
f 851/606 848/604 850/605
f 852/607 848/604 851/606
f 853/608 848/604 852/607
f 853/608 847/602 848/604
f 854/610 838/611 837/609
f 852/607 838/611 854/610
f 852/607 844/612 838/611
f 852/607 841/613 844/612
f 855/614 841/613 852/607
f 855/614 842/615 841/613
f 855/614 843/616 842/615
f 856/617 843/616 855/614
f 856/617 817/618 843/616
f 856/617 850/605 817/618
f 856/617 851/606 850/605
f 855/614 851/606 856/617
f 855/614 852/607 851/606
f 854/610 853/608 852/607
f 857/620 835/621 836/619
f 860/623 858/624 859/622
f 860/623 861/625 858/624
f 862/626 861/625 860/623
f 862/626 863/627 861/625
f 864/628 863/627 862/626
f 865/629 863/627 864/628
f 865/629 817/630 863/627
f 865/631 818/632 817/630
f 866/633 818/632 865/631
f 866/633 845/634 818/632
f 866/633 822/635 845/634
f 866/633 836/619 822/635
f 867/636 836/619 866/633
f 867/636 857/620 836/619
f 859/637 857/620 867/636
f 867/636 860/638 859/637
f 867/636 862/639 860/638
f 867/636 864/640 862/639
f 866/633 864/640 867/636
f 866/633 865/631 864/640
f 812/567 832/587 814/569
f 870/642 869/643 868/641
f 870/642 871/644 869/643
f 872/645 871/644 870/642
f 875/647 874/648 873/646
f 876/649 874/648 875/647
f 877/650 874/648 876/649
f 877/650 878/651 874/648
f 879/652 878/651 877/650
f 880/653 878/651 879/652
f 880/653 881/654 878/651
f 880/653 882/655 881/654
f 883/656 882/655 880/653
f 884/657 882/655 883/656
f 884/657 885/658 882/655
f 886/659 885/658 884/657
f 886/659 887/660 885/658
f 888/661 887/660 886/659
f 888/661 889/662 887/660
f 890/663 889/662 888/661
f 891/664 889/662 890/663
f 892/665 889/662 891/664
f 892/665 887/666 889/662
f 893/667 875/647 873/646
f 894/668 875/647 893/667
f 895/669 875/647 894/668
f 895/669 876/649 875/647
f 895/669 877/650 876/649
f 896/670 877/650 895/669
f 896/670 879/652 877/650
f 804/559 879/652 896/670
f 807/562 879/652 804/559
f 807/562 880/653 879/652
f 807/562 883/656 880/653
f 807/562 884/657 883/656
f 808/563 884/657 807/562
f 810/565 884/657 808/563
f 810/565 886/659 884/657
f 810/565 888/661 886/659
f 813/568 888/661 810/565
f 816/571 888/661 813/568
f 816/571 890/663 888/661
f 820/575 890/663 816/571
f 820/575 891/664 890/663
f 821/576 891/664 820/575
f 824/579 891/664 821/576
f 897/671 891/664 824/579
f 898/672 891/664 897/671
f 898/672 892/665 891/664
f 796/551 893/667 793/549
f 796/551 894/668 893/667
f 799/554 894/668 796/551
f 802/557 894/668 799/554
f 802/557 895/669 894/668
f 804/559 895/669 802/557
f 804/559 896/670 895/669
f 901/674 900/675 899/673
f 901/674 902/676 900/675
f 846/677 902/676 901/674
f 803/679 846/680 805/678
f 803/679 903/681 846/680
f 803/679 904/682 903/681
f 801/683 904/682 803/679
f 801/683 905/684 904/682
f 800/685 905/684 801/683
f 800/685 906/686 905/684
f 798/687 906/686 800/685
f 798/687 907/688 906/686
f 797/689 907/688 798/687
f 797/689 828/690 907/688
f 903/692 908/693 846/691
f 904/694 908/693 903/692
f 904/694 909/695 908/693
f 905/696 909/695 904/694
f 906/697 909/695 905/696
f 906/697 910/698 909/695
f 907/699 910/698 906/697
f 907/699 911/700 910/698
f 907/699 912/701 911/700
f 828/702 912/701 907/699
f 846/691 913/703 903/692
f 914/704 913/703 846/691
f 914/704 915/705 913/703
f 902/676 809/706 846/677
f 916/707 809/706 902/676
f 916/707 811/708 809/706
f 917/709 811/708 916/707
f 917/709 834/710 811/708
f 917/709 833/711 834/710
f 918/712 833/711 917/709
f 918/712 828/713 833/711
f 919/712 828/713 918/712
f 919/712 912/713 828/713
f 918/712 920/709 919/712
f 917/709 920/709 918/712
f 916/707 920/709 917/709
f 916/707 921/707 920/709
f 902/676 921/707 916/707
f 902/676 922/714 921/707
f 846/677 922/714 902/676
f 869/643 923/716 868/715
f 869/643 924/717 923/716
f 871/644 924/717 869/643
f 872/645 924/717 871/644
f 872/645 923/718 924/717
f 927/720 926/721 925/719
f 928/722 926/721 927/720
f 928/722 929/723 926/721
f 928/722 930/724 929/723
f 928/722 931/725 930/724
f 932/726 931/725 928/722
f 932/726 933/727 931/725
f 932/726 934/725 933/727
usemtl New
f 937/730 936/729 935/728
f 937/730 938/731 936/729
f 939/732 938/731 937/730
f 940/733 938/731 939/732
f 941/734 938/731 940/733
f 942/735 938/731 941/734
f 942/735 943/736 938/731
f 944/737 943/736 942/735
f 938/731 945/738 936/729
f 943/736 945/738 938/731
f 948/729 947/730 946/728
f 949/731 947/730 948/729
f 949/731 950/732 947/730
f 949/731 951/733 950/732
f 949/731 952/734 951/733
f 949/731 953/735 952/734
f 954/736 953/735 949/731
f 954/736 955/737 953/735
f 956/738 949/731 948/729
f 956/738 954/736 949/731
usemtl mesh5
f 959/741 958/740 957/739
f 962/744 961/743 960/742
f 962/744 963/745 961/743
f 962/744 964/746 963/745
f 962/744 965/747 964/746
f 960/742 965/747 962/744
f 960/742 966/748 965/747
f 967/749 966/748 960/742
f 963/745 966/748 967/749
f 964/746 966/748 963/745
f 964/746 965/747 966/748
f 970/752 969/751 968/750
f 971/755 973/754 972/753
f 974/756 973/754 971/755
f 957/757 973/754 974/756
f 958/758 973/754 957/757
f 975/759 973/754 958/758
f 975/759 972/753 973/754
f 976/762 978/761 977/760
f 976/762 979/763 978/761
f 976/762 980/764 979/763
f 978/761 968/750 977/765
f 978/761 970/752 968/750
f 979/763 970/752 978/761
f 981/766 970/752 979/763
f 981/766 969/751 970/752
f 981/766 982/767 969/751
f 983/768 982/767 981/766
f 984/769 982/767 983/768
f 987/772 986/771 985/770
f 988/773 986/771 987/772
f 988/773 989/774 986/771
f 992/777 991/776 990/775
f 993/778 991/776 992/777
f 993/778 985/779 991/776
f 993/778 994/780 985/779
f 995/781 994/780 993/778
f 995/781 996/782 994/780
f 997/783 996/782 995/781
f 998/784 996/782 997/783
f 999/785 996/782 998/784
f 999/785 994/780 996/782
f 999/785 985/779 994/780
f 1000/786 985/779 999/785
f 967/789 1002/788 1001/787
f 960/790 1002/788 967/789
f 960/790 959/741 1002/788
f 961/791 959/741 960/790
f 961/791 958/740 959/741
f 961/791 1003/792 958/740
f 963/793 1003/792 961/791
f 963/793 1004/794 1003/792
f 967/789 1004/794 963/793
f 967/789 1005/795 1004/794
f 1007/797 990/775 1006/796
f 1007/797 992/777 990/775
f 1005/798 992/777 1007/797
f 1008/799 992/777 1005/798
f 1008/799 993/778 992/777
f 1009/800 993/778 1008/799
f 1009/800 995/781 993/778
f 1010/801 995/781 1009/800
f 1010/801 997/783 995/781
f 1011/802 997/783 1010/801
f 1013/805 1008/804 1012/803
f 1013/805 957/739 1008/804
f 1013/805 959/741 957/739
f 1014/806 959/741 1013/805
f 1014/806 1002/788 959/741
f 1015/807 1002/788 1014/806
f 1015/807 1001/787 1002/788
f 1016/808 1001/787 1015/807
f 1012/809 1001/787 1016/808
f 1012/809 967/789 1001/787
f 1012/809 1005/795 967/789
f 1008/810 1005/795 1012/809
f 1019/813 1017/812 1018/811
f 1019/813 1020/814 1017/812
f 1019/813 1021/815 1020/814
f 1022/816 1021/815 1019/813
f 1022/816 1023/817 1021/815
f 1022/816 1024/818 1023/817
f 1022/816 1025/819 1024/818
f 1022/816 1009/820 1025/819
f 1010/821 1009/820 1022/816
f 1020/814 980/764 1017/812
f 1020/814 979/763 980/764
f 1020/814 981/766 979/763
f 1020/814 983/768 981/766
f 1021/815 983/768 1020/814
f 1023/817 983/768 1021/815
f 1023/817 984/769 983/768
f 1023/817 1026/822 984/769
f 1024/818 1026/822 1023/817
f 1024/818 971/755 1026/822
f 1024/818 974/756 971/755
f 1025/819 974/756 1024/818
f 1025/819 957/757 974/756
f 1025/819 1008/823 957/757
f 1009/820 1008/823 1025/819
f 1027/826 1013/825 1012/824
f 1027/826 1028/827 1013/825
f 1027/826 1029/828 1028/827
f 1030/829 1029/828 1027/826
f 1030/829 1031/830 1029/828
f 1032/831 1031/830 1030/829
f 1032/831 1033/832 1031/830
f 1034/833 1033/832 1032/831
f 1035/834 1033/832 1034/833
f 1035/834 1036/835 1033/832
f 1035/834 1037/836 1036/835
f 1035/834 1038/837 1037/836
f 1035/834 1039/838 1038/837
f 1034/839 1039/838 1035/834
f 1032/840 1039/838 1034/839
f 1032/840 1040/841 1039/838
f 1030/842 1040/841 1032/840
f 1030/842 1041/843 1040/841
f 1030/842 1042/844 1041/843
f 1027/845 1042/844 1030/842
f 1012/846 1042/844 1027/845
f 1016/847 1042/844 1012/846
f 1016/847 1043/848 1042/844
f 1015/849 1043/848 1016/847
f 1015/849 1044/850 1043/848
f 1014/851 1044/850 1015/849
f 1014/851 1045/852 1044/850
f 1014/851 1028/827 1045/852
f 1013/825 1028/827 1014/851
f 1040/841 1038/837 1039/838
f 1040/841 1046/853 1038/837
f 1041/843 1046/853 1040/841
f 1041/843 1047/854 1046/853
f 1041/843 1043/848 1047/854
f 1042/844 1043/848 1041/843
f 1046/853 1037/836 1038/837
f 1046/853 1048/855 1037/836
f 1047/854 1048/855 1046/853
f 1047/854 1049/856 1048/855
f 1047/854 1044/850 1049/856
f 1043/848 1044/850 1047/854
f 1036/835 1031/830 1033/832
f 1036/835 1050/857 1031/830
f 1037/836 1050/857 1036/835
f 1048/855 1050/857 1037/836
f 1048/855 1051/858 1050/857
f 1049/856 1051/858 1048/855
f 1049/856 1045/852 1051/858
f 1044/850 1045/852 1049/856
f 1050/857 1029/828 1031/830
f 1051/858 1029/828 1050/857
f 1051/858 1028/827 1029/828
f 1045/852 1028/827 1051/858
f 1054/861 1052/860 1053/859
f 1054/861 1055/862 1052/860
f 1056/863 1055/862 1054/861
f 1056/863 1057/864 1055/862
f 1055/862 1058/865 1052/860
f 1060/867 1053/859 1059/866
f 1060/867 1054/861 1053/859
f 1006/868 1054/861 1060/867
f 1006/868 1056/863 1054/861
f 990/869 1056/863 1006/868
f 990/869 1057/864 1056/863
f 991/870 1057/864 990/869
f 985/871 1057/864 991/870
f 986/872 1057/864 985/871
f 986/872 1055/862 1057/864
f 989/873 1055/862 986/872
f 989/873 1058/865 1055/862
f 989/873 1061/874 1058/865
f 988/875 1061/874 989/873
f 1060/878 1059/877 1062/876
f 1064/880 1018/811 1063/879
f 1064/880 1019/813 1018/811
f 1065/881 1019/813 1064/880
f 1065/881 1022/816 1019/813
f 1065/881 1010/821 1022/816
f 1011/882 1010/821 1065/881
f 958/885 1066/884 975/883
f 1003/886 1066/884 958/885
f 1003/886 1067/887 1066/884
f 1004/888 1067/887 1003/886
f 1004/888 1068/889 1067/887
f 1004/888 1007/890 1068/889
f 1005/891 1007/890 1004/888
f 1067/887 1069/892 1066/884
f 1068/889 1069/892 1067/887
f 1068/889 1062/876 1069/892
f 1068/889 1060/878 1062/876
f 1068/889 1006/893 1060/878
f 1007/890 1006/893 1068/889
f 1072/740 1071/741 1070/739
f 1075/743 1074/744 1073/742
f 1076/745 1074/744 1075/743
f 1077/746 1074/744 1076/745
f 1078/747 1074/744 1077/746
f 1078/747 1073/742 1074/744
f 1079/748 1073/742 1078/747
f 1079/748 1080/749 1073/742
f 1079/748 1076/745 1080/749
f 1079/748 1077/746 1076/745
f 1078/747 1077/746 1079/748
f 1083/751 1082/752 1081/750
f 1086/754 1084/755 1085/753
f 1086/754 1087/756 1084/755
f 1086/754 1070/757 1087/756
f 1086/754 1072/758 1070/757
f 1086/754 1088/759 1072/758
f 1085/753 1088/759 1086/754
f 1091/761 1089/762 1090/760
f 1092/763 1089/762 1091/761
f 1093/764 1089/762 1092/763
f 1081/750 1091/761 1090/765
f 1082/752 1091/761 1081/750
f 1082/752 1092/763 1091/761
f 1082/752 1094/766 1092/763
f 1083/751 1094/766 1082/752
f 1095/767 1094/766 1083/751
f 1095/767 1096/768 1094/766
f 1095/767 1097/769 1096/768
f 1100/771 1099/772 1098/770
f 1100/771 1101/773 1099/772
f 1102/774 1101/773 1100/771
f 1105/776 1104/777 1103/775
f 1105/776 1106/778 1104/777
f 1098/779 1106/778 1105/776
f 1107/780 1106/778 1098/779
f 1107/780 1108/781 1106/778
f 1109/782 1108/781 1107/780
f 1109/782 1110/783 1108/781
f 1109/782 1111/784 1110/783
f 1109/782 1112/785 1111/784
f 1107/780 1112/785 1109/782
f 1098/779 1112/785 1107/780
f 1098/779 1113/786 1112/785
f 1115/788 1080/789 1114/787
f 1115/788 1073/790 1080/789
f 1071/741 1073/790 1115/788
f 1071/741 1075/791 1073/790
f 1072/740 1075/791 1071/741
f 1116/792 1075/791 1072/740
f 1116/792 1076/793 1075/791
f 1117/794 1076/793 1116/792
f 1117/794 1080/789 1076/793
f 1118/795 1080/789 1117/794
f 1103/775 1120/797 1119/796
f 1104/777 1120/797 1103/775
f 1104/777 1118/798 1120/797
f 1104/777 1121/799 1118/798
f 1106/778 1121/799 1104/777
f 1106/778 1122/800 1121/799
f 1108/781 1122/800 1106/778
f 1108/781 1123/801 1122/800
f 1110/783 1123/801 1108/781
f 1110/783 1124/802 1123/801
f 1121/804 1126/805 1125/803
f 1070/739 1126/805 1121/804
f 1071/741 1126/805 1070/739
f 1071/741 1127/806 1126/805
f 1115/788 1127/806 1071/741
f 1115/788 1128/807 1127/806
f 1114/787 1128/807 1115/788
f 1114/787 1129/808 1128/807
f 1114/787 1125/809 1129/808
f 1080/789 1125/809 1114/787
f 1118/795 1125/809 1080/789
f 1118/795 1121/810 1125/809
f 1130/812 1132/813 1131/811
f 1133/814 1132/813 1130/812
f 1134/815 1132/813 1133/814
f 1134/815 1135/816 1132/813
f 1136/817 1135/816 1134/815
f 1137/818 1135/816 1136/817
f 1138/819 1135/816 1137/818
f 1122/820 1135/816 1138/819
f 1122/820 1123/821 1135/816
f 1093/764 1133/814 1130/812
f 1092/763 1133/814 1093/764
f 1094/766 1133/814 1092/763
f 1096/768 1133/814 1094/766
f 1096/768 1134/815 1133/814
f 1096/768 1136/817 1134/815
f 1097/769 1136/817 1096/768
f 1139/822 1136/817 1097/769
f 1139/822 1137/818 1136/817
f 1084/755 1137/818 1139/822
f 1087/756 1137/818 1084/755
f 1087/756 1138/819 1137/818
f 1070/757 1138/819 1087/756
f 1121/823 1138/819 1070/757
f 1121/823 1122/820 1138/819
f 1126/825 1140/826 1125/824
f 1141/827 1140/826 1126/825
f 1142/828 1140/826 1141/827
f 1142/828 1143/829 1140/826
f 1144/830 1143/829 1142/828
f 1144/830 1145/831 1143/829
f 1146/832 1145/831 1144/830
f 1146/832 1147/833 1145/831
f 1146/832 1148/834 1147/833
f 1149/835 1148/834 1146/832
f 1150/836 1148/834 1149/835
f 1151/837 1148/834 1150/836
f 1152/838 1148/834 1151/837
f 1152/838 1147/839 1148/834
f 1152/838 1145/840 1147/839
f 1153/841 1145/840 1152/838
f 1153/841 1143/842 1145/840
f 1154/843 1143/842 1153/841
f 1155/844 1143/842 1154/843
f 1155/844 1140/845 1143/842
f 1155/844 1125/846 1140/845
f 1155/844 1129/847 1125/846
f 1156/848 1129/847 1155/844
f 1156/848 1128/849 1129/847
f 1157/850 1128/849 1156/848
f 1157/850 1127/851 1128/849
f 1158/852 1127/851 1157/850
f 1141/827 1127/851 1158/852
f 1141/827 1126/825 1127/851
f 1151/837 1153/841 1152/838
f 1159/853 1153/841 1151/837
f 1159/853 1154/843 1153/841
f 1160/854 1154/843 1159/853
f 1156/848 1154/843 1160/854
f 1156/848 1155/844 1154/843
f 1150/836 1159/853 1151/837
f 1161/855 1159/853 1150/836
f 1161/855 1160/854 1159/853
f 1162/856 1160/854 1161/855
f 1157/850 1160/854 1162/856
f 1157/850 1156/848 1160/854
f 1144/830 1149/835 1146/832
f 1163/857 1149/835 1144/830
f 1163/857 1150/836 1149/835
f 1163/857 1161/855 1150/836
f 1164/858 1161/855 1163/857
f 1164/858 1162/856 1161/855
f 1158/852 1162/856 1164/858
f 1158/852 1157/850 1162/856
f 1142/828 1163/857 1144/830
f 1142/828 1164/858 1163/857
f 1141/827 1164/858 1142/828
f 1141/827 1158/852 1164/858
f 1165/860 1167/861 1166/859
f 1168/862 1167/861 1165/860
f 1168/862 1169/863 1167/861
f 1170/864 1169/863 1168/862
f 1171/865 1168/862 1165/860
f 1166/859 1173/867 1172/866
f 1167/861 1173/867 1166/859
f 1167/861 1119/868 1173/867
f 1169/863 1119/868 1167/861
f 1169/863 1103/869 1119/868
f 1170/864 1103/869 1169/863
f 1170/864 1105/870 1103/869
f 1170/864 1098/871 1105/870
f 1170/864 1100/872 1098/871
f 1168/862 1100/872 1170/864
f 1168/862 1102/873 1100/872
f 1171/865 1102/873 1168/862
f 1174/874 1102/873 1171/865
f 1174/874 1101/875 1102/873
f 1172/877 1173/878 1175/876
f 1131/811 1177/880 1176/879
f 1132/813 1177/880 1131/811
f 1132/813 1178/881 1177/880
f 1135/816 1178/881 1132/813
f 1123/821 1178/881 1135/816
f 1123/821 1124/882 1178/881
f 1179/884 1072/885 1088/883
f 1179/884 1116/886 1072/885
f 1180/887 1116/886 1179/884
f 1180/887 1117/888 1116/886
f 1181/889 1117/888 1180/887
f 1120/890 1117/888 1181/889
f 1120/890 1118/891 1117/888
f 1182/892 1180/887 1179/884
f 1182/892 1181/889 1180/887
f 1175/876 1181/889 1182/892
f 1173/878 1181/889 1175/876
f 1119/893 1181/889 1173/878
f 1119/893 1120/890 1181/889
# 2030 elements

