# This file uses centimeters as units for non-parametric coordinates.

mtllib pepsi_can.mtl
g tab:default1
v -0.661949 15.445747 0.748098
v 0.697126 15.445747 0.748098
v -0.749593 15.445747 -1.877252
v 0.787075 15.445747 -1.877252
v -0.753714 15.444323 -0.768770
v 0.791197 15.444323 -0.768770
v -0.524499 15.446961 -0.977715
v 0.561982 15.446960 -0.977715
v 0.667455 15.446960 -1.654995
v -0.629972 15.446960 -1.654995
v -0.311133 15.445067 0.503077
v 0.351147 15.445067 0.503077
v 0.481935 15.446129 -0.447510
v -0.444452 15.446129 -0.447510
v -0.158570 15.448424 0.053699
v 0.224730 15.448424 0.053699
v 0.011829 15.445747 0.963970
v 0.016191 15.443178 0.560246
v 0.026780 15.446129 -0.108488
v -0.753714 15.513417 -0.768770
v 0.791197 15.513417 -0.768770
v 0.561982 15.511827 -0.977715
v -0.524499 15.511827 -0.977715
v 0.787075 15.511520 -1.877252
v 0.667455 15.511827 -1.654995
v -0.749593 15.511520 -1.877252
v -0.629972 15.511827 -1.654995
v -0.661948 15.511521 0.748098
v 0.011829 15.511520 0.963970
v 0.016191 15.514928 0.560246
v -0.311133 15.511079 0.503077
v 0.697126 15.511521 0.748098
v 0.481935 15.508910 -0.447510
v 0.351147 15.511078 0.503077
v -0.444452 15.508910 -0.447510
v 0.026780 15.508910 -0.108488
v -0.158570 15.504229 0.053699
v 0.224730 15.504229 0.053699
v 0.541298 15.471733 -0.979471
v -0.503815 15.471733 -0.979472
v -0.610036 15.471733 -1.617952
v 0.647519 15.471733 -1.617952
v -0.310441 15.469847 0.396546
v -0.416869 15.469847 -0.428639
v 0.454352 15.469847 -0.428639
v 0.353689 15.469847 0.396546
v 0.245809 15.469847 0.000640
v 0.028470 15.469847 -0.211593
v -0.172416 15.469847 0.000640
v 0.541298 15.491132 -0.979472
v 0.647519 15.491132 -1.617952
v -0.610036 15.491132 -1.617952
v -0.503815 15.491133 -0.979471
v -0.883584 15.464150 -0.737752
v -0.715753 15.464150 0.786405
v 0.011383 15.464150 1.014073
v 0.750782 15.464150 0.786405
v 0.921066 15.464150 -0.737752
v 0.807012 15.464150 -1.914295
v -0.769530 15.464150 -1.914295
v -0.883584 15.488084 -0.737752
v -0.769530 15.488084 -1.914295
v 0.807012 15.488084 -1.914295
v 0.921066 15.488084 -0.737752
v 0.750782 15.488084 0.786405
v 0.011383 15.488084 1.014073
v -0.715753 15.488084 0.786405
v -0.785251 15.553847 -0.765984
v 0.822735 15.553848 -0.765976
v 0.552407 15.555695 -0.995724
v -0.514925 15.555696 -0.995724
v 0.810822 15.544135 -1.900401
v 0.657277 15.556736 -1.648633
v -0.773339 15.544135 -1.900401
v -0.619794 15.556736 -1.648633
v -0.688957 15.545662 0.776154
v 0.011830 15.548478 1.000307
v 0.016034 15.568102 0.559033
v -0.315546 15.561175 0.497180
v 0.724144 15.545671 0.776254
v 0.474321 15.555436 -0.435802
v 0.355721 15.561201 0.497847
v -0.436799 15.555427 -0.435904
v 0.025575 15.542426 -0.145578
v -0.184527 15.536857 0.028530
v 0.250159 15.536584 0.028456
v -0.785251 15.403889 -0.765984
v -0.514925 15.403093 -0.995725
v 0.552408 15.403092 -0.995725
v 0.822735 15.403888 -0.765977
v 0.657277 15.402053 -1.648633
v 0.810822 15.413134 -1.900401
v -0.619794 15.402052 -1.648633
v -0.773338 15.413134 -1.900401
v -0.688957 15.411609 0.776154
v -0.315546 15.394968 0.497180
v 0.016034 15.390006 0.559033
v 0.011830 15.408791 1.000307
v 0.724144 15.411598 0.776254
v 0.355721 15.394944 0.497847
v 0.474321 15.399604 -0.435802
v -0.436799 15.399613 -0.435904
v -0.184528 15.415797 0.028530
v 0.025575 15.412612 -0.145578
v 0.250159 15.416070 0.028456
v 0.514911 15.465279 -1.013101
v -0.477428 15.465280 -1.013101
v -0.477428 15.497585 -1.013101
v 0.514911 15.497585 -1.013101
v 0.973533 15.459138 -0.733336
v 0.841230 15.459844 -1.946173
v 0.841230 15.492392 -1.946173
v 0.973533 15.493096 -0.733336
v 0.616757 15.464967 -1.594319
v 0.616757 15.497898 -1.594319
v -0.803747 15.459844 -1.946173
v -0.803747 15.492392 -1.946173
v -0.579274 15.464967 -1.594319
v -0.579274 15.497898 -1.594319
v -0.936050 15.459139 -0.733336
v -0.936051 15.493096 -0.733336
v -0.752647 15.459666 0.824892
v 0.011384 15.459210 1.066642
v 0.011384 15.493025 1.066641
v -0.752647 15.492569 0.824892
v 0.787677 15.459666 0.824892
v 0.787677 15.492569 0.824891
v 0.430477 15.469847 -0.408260
v 0.358417 15.469847 0.363350
v -0.392812 15.469848 -0.408308
v -0.314080 15.469848 0.363101
v 0.026857 15.469847 -0.259724
v -0.209937 15.469847 -0.030819
v 0.282962 15.469846 -0.031032
g default
v -0.586554 15.514927 -0.972446
v 0.018741 15.511826 -0.864835
v 0.624037 15.514927 -0.972446
v 0.018741 15.514927 -0.787176
v 0.813378 15.511826 -1.316355
v 0.727265 15.514927 -1.766124
v 0.975864 15.511520 -1.422215
v 0.018741 15.511826 -1.767875
v -0.689783 15.514927 -1.766124
v 0.018741 15.511520 -2.028932
v -0.775895 15.511826 -1.316355
v -0.938381 15.511520 -1.422215
v -0.500536 15.514927 0.633178
v -0.160097 15.514927 0.572128
v 0.013164 15.514927 0.813660
v -0.367798 15.511520 0.964908
v 0.536160 15.514927 0.633178
v 0.535238 15.508909 0.037016
v 0.564684 15.514927 -0.504123
v 0.827239 15.511520 0.093916
v 0.018741 15.508909 -0.609018
v -0.527201 15.514927 -0.504123
v -0.497755 15.508909 0.037016
v -0.789756 15.511520 0.093916
v -0.201913 15.508909 0.272745
v -0.088048 15.508909 -0.063774
v 0.021708 15.514927 0.200827
v 0.196100 15.514927 0.572128
v 0.396063 15.511520 0.964908
v 0.149700 15.508909 -0.063774
v 0.259601 15.508909 0.272745
v 0.018741 15.443178 -0.787176
v 0.624037 15.443178 -0.972446
v 0.018741 15.446960 -0.864835
v -0.586554 15.443178 -0.972446
v 0.975864 15.445747 -1.422215
v 0.727265 15.443178 -1.766124
v 0.813378 15.446960 -1.316355
v 0.018741 15.445747 -2.028932
v -0.689783 15.443178 -1.766124
v 0.018741 15.446960 -1.767875
v -0.938381 15.445747 -1.422215
v -0.775895 15.446960 -1.316355
v -0.367798 15.445747 0.964908
v 0.013164 15.443178 0.813660
v -0.160097 15.443178 0.572128
v -0.500536 15.443178 0.633178
v 0.827239 15.445747 0.093916
v 0.564684 15.443178 -0.504123
v 0.535238 15.446129 0.037016
v 0.536160 15.443178 0.633178
v -0.527201 15.443178 -0.504123
v 0.018741 15.446129 -0.609018
v -0.789756 15.445747 0.093916
v -0.497755 15.446129 0.037016
v 0.021708 15.443178 0.200827
v -0.088048 15.446129 -0.063774
v -0.201913 15.446129 0.272745
v 0.396063 15.445747 0.964908
v 0.196100 15.443178 0.572128
v 0.259601 15.446129 0.272745
v 0.149700 15.446129 -0.063774
v 0.541298 15.481772 -0.979472
v 0.018741 15.491131 -0.873058
v -0.503815 15.481772 -0.979472
v 0.018741 15.471733 -0.873058
v 0.921066 15.475698 -0.737752
v 1.002944 15.488083 -1.439858
v 0.807012 15.475698 -1.914295
v 1.002944 15.464151 -1.439858
v 0.647519 15.481772 -1.617952
v 0.786297 15.491131 -1.298712
v 0.786297 15.471733 -1.298712
v 0.018741 15.488083 -2.072441
v -0.769530 15.475698 -1.914295
v 0.018741 15.464151 -2.072441
v -0.610036 15.481772 -1.617952
v 0.018741 15.491131 -1.724366
v 0.018741 15.471733 -1.724366
v -0.965462 15.488083 -1.439858
v -0.883584 15.475698 -0.737752
v -0.965462 15.464151 -1.439858
v -0.748814 15.491131 -1.298712
v -0.748814 15.471733 -1.298712
v -0.715752 15.475698 0.786405
v -0.401345 15.488083 1.014073
v 0.011383 15.475698 1.014073
v -0.401345 15.464151 1.014073
v 0.750782 15.475698 0.786405
v 0.875906 15.488083 0.103399
v 0.875906 15.464151 0.103399
v 0.454352 15.490852 -0.428639
v 0.353689 15.490852 0.396546
v 0.486571 15.469846 0.027533
v -0.416869 15.490852 -0.428639
v 0.018741 15.469846 -0.580696
v -0.838423 15.488083 0.103399
v -0.838423 15.464151 0.103399
v -0.310441 15.490852 0.396546
v -0.449088 15.469846 0.027533
v 0.028470 15.490852 -0.211593
v -0.172416 15.490852 0.000640
v -0.081631 15.469846 -0.161563
v -0.233451 15.469846 0.287129
v 0.429017 15.488083 1.014073
v 0.429017 15.464151 1.014073
v 0.245809 15.490852 0.000640
v 0.293994 15.469846 0.287129
v 0.147459 15.469846 -0.161563
v 0.541298 15.458304 -0.979472
v -0.503815 15.458304 -0.979472
v -0.610036 15.458304 -1.617952
v 0.647519 15.458304 -1.617952
v -0.310441 15.454979 0.396546
v -0.416869 15.454979 -0.428639
v 0.454352 15.454979 -0.428639
v 0.353689 15.454979 0.396546
v 0.245809 15.454979 0.000640
v 0.028471 15.454979 -0.211593
v -0.172416 15.454979 0.000640
v 0.647519 15.502521 -1.617952
v 0.541298 15.502521 -0.979472
v -0.610036 15.502521 -1.617952
v -0.503815 15.502521 -0.979472
v -0.883584 15.453453 -0.737752
v -0.715752 15.453453 0.786405
v 0.011383 15.453453 1.014073
v 0.750782 15.453453 0.786405
v 0.921066 15.453453 -0.737752
v 0.807012 15.453453 -1.914295
v -0.769530 15.453453 -1.914295
v -0.769530 15.501298 -1.914295
v -0.883584 15.501298 -0.737752
v 0.807012 15.501298 -1.914295
v 0.921066 15.501298 -0.737752
v 0.750782 15.501298 0.786405
v 0.011383 15.501298 1.014073
v -0.715752 15.501298 0.786405
v 0.018741 15.559866 -0.785562
v 0.632426 15.561319 -0.981714
v 0.018741 15.555522 -0.886906
v -0.594944 15.561319 -0.981714
v 1.009008 15.546487 -1.435135
v 0.734892 15.559227 -1.775229
v 0.800209 15.556215 -1.322178
v 0.018741 15.543352 -2.055490
v -0.697409 15.559228 -1.775229
v 0.018742 15.556910 -1.757451
v -0.971525 15.546486 -1.435135
v -0.762726 15.556215 -1.322178
v -0.382847 15.547059 0.999177
v 0.013170 15.563935 0.832758
v -0.164960 15.567906 0.570278
v -0.514657 15.561783 0.647304
v 0.860032 15.547147 0.111610
v 0.574215 15.563119 -0.495133
v 0.531270 15.556061 0.040764
v 0.550316 15.561822 0.647703
v -0.536726 15.563112 -0.495199
v 0.018741 15.555228 -0.594658
v -0.822544 15.547140 0.111543
v -0.493632 15.556022 0.040355
v 0.021052 15.561642 0.179723
v -0.107203 15.543077 -0.094967
v -0.220748 15.550576 0.254451
v 0.411119 15.547066 0.999243
v 0.200795 15.567901 0.570645
v 0.278499 15.550354 0.254656
v 0.167344 15.542823 -0.095104
v -0.594943 15.396788 -0.981714
v 0.018741 15.403265 -0.886907
v 0.632427 15.396788 -0.981715
v 0.018742 15.398239 -0.785563
v 0.800209 15.402572 -1.322179
v 0.734892 15.398880 -1.775229
v 1.009008 15.410783 -1.435135
v 0.018742 15.401879 -1.757451
v -0.697409 15.398880 -1.775229
v 0.018741 15.413918 -2.055490
v -0.762726 15.402572 -1.322179
v -0.971525 15.410783 -1.435135
v -0.514657 15.396324 0.647304
v -0.164960 15.390203 0.570278
v 0.013170 15.394174 0.832758
v -0.382847 15.410211 0.999177
v 0.550316 15.396286 0.647702
v 0.531270 15.398980 0.040763
v 0.574215 15.394987 -0.495133
v 0.860032 15.410122 0.111609
v 0.018741 15.399811 -0.594658
v -0.536726 15.394994 -0.495199
v -0.493632 15.399018 0.040355
v -0.822544 15.410128 0.111543
v -0.220748 15.404464 0.254451
v -0.107203 15.411962 -0.094967
v 0.021052 15.396466 0.179723
v 0.200795 15.390207 0.570645
v 0.411119 15.410205 0.999243
v 0.167344 15.412216 -0.095104
v 0.278499 15.404686 0.254656
v 0.018741 15.465332 -0.916232
v -0.475518 15.481772 -1.015344
v 0.018741 15.497534 -0.916231
v 0.513000 15.481772 -1.015344
v 1.052742 15.459426 -1.455826
v 0.842130 15.475698 -1.946887
v 1.052742 15.492809 -1.455826
v 0.975457 15.475698 -0.733163
v 0.748198 15.465123 -1.303710
v 0.748198 15.497742 -1.303710
v 0.614172 15.481772 -1.592181
v 0.018742 15.459984 -2.109622
v -0.804647 15.475698 -1.946887
v 0.018742 15.492252 -2.109622
v 0.018741 15.464914 -1.691189
v 0.018741 15.497952 -1.691189
v -0.576689 15.481772 -1.592181
v -1.015259 15.459426 -1.455826
v -0.937975 15.475698 -0.733163
v -1.015259 15.492809 -1.455826
v -0.710715 15.465123 -1.303710
v -0.710715 15.497743 -1.303710
v -0.421270 15.459446 1.062799
v 0.011384 15.475698 1.068492
v -0.421270 15.492790 1.062799
v -0.753633 15.475698 0.825913
v 0.923860 15.459392 0.126542
v 0.923860 15.492844 0.126541
v 0.788664 15.475698 0.825913
v 0.469327 15.469847 0.019903
v 0.357969 15.518441 0.372778
v 0.434997 15.518436 -0.411588
v 0.018741 15.469847 -0.550981
v -0.397389 15.518430 -0.411665
v -0.886377 15.459392 0.126542
v -0.886377 15.492844 0.126542
v -0.431116 15.469847 0.019709
v -0.313955 15.518446 0.372367
v -0.107275 15.469848 -0.201986
v -0.207551 15.510665 -0.027690
v 0.026954 15.508324 -0.257276
v -0.259613 15.469847 0.251901
v 0.448942 15.459446 1.062799
v 0.448942 15.492790 1.062799
v 0.320874 15.469847 0.251921
v 0.280649 15.510410 -0.027911
v 0.170947 15.469847 -0.202160
v -0.483159 15.432488 -1.006374
v 0.520641 15.432488 -1.006374
v -0.587029 15.431237 -1.600733
v 0.624512 15.431237 -1.600733
v -0.397389 15.427403 -0.411665
v -0.313955 15.427387 0.372367
v 0.434997 15.427397 -0.411588
v 0.357969 15.427392 0.372778
v 0.280649 15.435422 -0.027911
v 0.026954 15.437509 -0.257276
v -0.207552 15.435166 -0.027690
v 0.520641 15.528338 -1.006374
v 0.624512 15.529589 -1.600733
v -0.587029 15.529590 -1.600733
v -0.483159 15.528338 -1.006374
v -0.749688 15.435512 0.821828
v -0.930278 15.433402 -0.733854
v 0.011384 15.433690 1.061091
v 0.784718 15.435512 0.821828
v 0.967761 15.433402 -0.733855
v 0.838531 15.436222 -1.944030
v -0.801048 15.436222 -1.944030
v -0.930278 15.521350 -0.733854
v -0.801048 15.518530 -1.944030
v 0.838531 15.518530 -1.944030
v 0.967761 15.521350 -0.733854
v 0.784718 15.519240 0.821828
v 0.011384 15.521063 1.061091
v -0.749688 15.519240 0.821828
v 0.018741 15.561668 -0.849461
v 0.905298 15.560274 -1.378471
v 0.018742 15.558880 -1.907482
v -0.867815 15.560274 -1.378471
v -0.275580 15.562948 0.834773
v 0.695622 15.562228 0.076838
v 0.018741 15.563416 -0.685789
v -0.658116 15.562202 0.076573
v -0.117892 15.562036 0.211051
v 0.305651 15.562975 0.835038
v 0.166224 15.561887 0.211194
v 0.018742 15.396439 -0.849462
v 0.905298 15.397833 -1.378472
v 0.018741 15.399229 -1.907481
v -0.867815 15.397835 -1.378472
v -0.275580 15.395159 0.834773
v 0.695622 15.395878 0.076838
v 0.018741 15.394691 -0.685790
v -0.658116 15.395905 0.076573
v -0.117893 15.396071 0.211051
v 0.305651 15.395133 0.835039
v 0.166224 15.396220 0.211194
v 0.018741 15.481772 -0.919204
v 1.054359 15.475698 -1.456144
v 0.745201 15.481772 -1.303762
v 0.018741 15.475698 -2.110468
v 0.018742 15.481772 -1.688321
v -1.016876 15.475698 -1.456144
v -0.707718 15.481772 -1.303762
v -0.421741 15.475698 1.064355
v 0.925452 15.475698 0.127131
v 0.472395 15.519113 0.023690
v 0.018741 15.518209 -0.556681
v -0.887969 15.475698 0.127131
v -0.434411 15.519087 0.023383
v -0.105717 15.508766 -0.199837
v -0.257650 15.514764 0.259194
v 0.449413 15.475698 1.064355
v 0.318752 15.514615 0.259302
v 0.169563 15.508591 -0.200036
v 0.018741 15.432695 -0.907314
v -0.719706 15.431862 -1.303554
v 0.018742 15.431028 -1.699793
v 0.757188 15.431862 -1.303554
v -0.434411 15.426744 0.023383
v 0.018741 15.427622 -0.556681
v 0.472395 15.426719 0.023690
v 0.318753 15.431216 0.259302
v 0.169563 15.437240 -0.200036
v -0.105717 15.437065 -0.199837
v -0.257650 15.431067 0.259194
v 0.757188 15.528964 -1.303553
v 0.018742 15.529799 -1.699793
v -0.719706 15.528965 -1.303553
v 0.018741 15.528131 -0.907314
v -0.881599 15.434412 0.124773
v -0.419858 15.434627 1.058129
v 0.447530 15.434627 1.058129
v 0.919082 15.434412 0.124772
v 1.047890 15.434549 -1.454871
v 0.018741 15.436778 -2.107083
v -1.010407 15.434549 -1.454871
v -1.010407 15.520201 -1.454871
v 0.018741 15.517973 -2.107083
v 1.047890 15.520201 -1.454871
v 0.919082 15.520338 0.124773
v 0.447530 15.520123 1.058129
v -0.419858 15.520124 1.058129
v -0.881600 15.520338 0.124773
v 0.018742 15.514929 -0.840167
v 0.894621 15.514929 -1.369285
v 0.018741 15.514929 -1.898404
v -0.857138 15.514929 -1.369285
v -0.267155 15.514929 0.817412
v 0.681238 15.514929 0.065466
v 0.018741 15.514929 -0.693985
v -0.643755 15.514929 0.065466
v -0.107299 15.514929 0.229594
v 0.297202 15.514929 0.817412
v 0.156423 15.514929 0.229594
v 0.018741 15.443179 -0.840167
v 0.894621 15.443179 -1.369285
v 0.018741 15.443179 -1.898404
v -0.857138 15.443179 -1.369285
v -0.267156 15.443179 0.817412
v 0.681238 15.443179 0.065466
v 0.018741 15.443179 -0.693985
v -0.643756 15.443179 0.065466
v -0.107299 15.443179 0.229594
v 0.297202 15.443179 0.817413
v 0.156424 15.443179 0.229595
v 0.018741 15.481771 -0.873058
v 1.002944 15.475698 -1.439858
v 0.786297 15.481771 -1.298712
v 0.018741 15.475698 -2.072441
v 0.018741 15.481771 -1.724366
v -0.965462 15.475698 -1.439858
v -0.748814 15.481771 -1.298712
v -0.401345 15.475698 1.014073
v 0.875906 15.475698 0.103399
v 0.486571 15.490853 0.027533
v 0.018741 15.490853 -0.580696
v -0.838423 15.475698 0.103399
v -0.449088 15.490853 0.027533
v -0.081631 15.490853 -0.161563
v -0.233451 15.490853 0.287129
v 0.429017 15.475698 1.014073
v 0.293994 15.490853 0.287129
v 0.147459 15.490853 -0.161563
v 0.018741 15.458304 -0.873058
v -0.748814 15.458304 -1.298712
v 0.018741 15.458304 -1.724366
v 0.786297 15.458304 -1.298712
v -0.449088 15.454979 0.027533
v 0.018741 15.454979 -0.580696
v 0.486571 15.454979 0.027533
v 0.293994 15.454979 0.287129
v 0.147459 15.454979 -0.161563
v -0.081631 15.454979 -0.161563
v -0.233451 15.454979 0.287129
v 0.786297 15.502522 -1.298712
v 0.018741 15.502522 -1.724366
v -0.748814 15.502522 -1.298712
v 0.018741 15.502522 -0.873058
v -0.838423 15.453453 0.103399
v -0.401345 15.453453 1.014073
v 0.429017 15.453453 1.014073
v 0.875906 15.453453 0.103399
v 1.002944 15.453453 -1.439858
v 0.018741 15.453453 -2.072441
v -0.965462 15.453453 -1.439858
v -0.965462 15.501298 -1.439858
v 0.018741 15.501298 -2.072441
v 1.002944 15.501298 -1.439858
v 0.875906 15.501298 0.103399
v 0.429017 15.501298 1.014073
v -0.401345 15.501298 1.014073
v -0.838423 15.501298 0.103399
vt 0.721087 0.831064
vt 0.720536 0.831063
vt 0.719037 0.831064
vt 0.719401 0.831064
vt 0.718963 0.831064
vt 0.719712 0.831064
vt 0.718937 0.831064
vt 0.719505 0.831064
vt 0.719405 0.831064
vt 0.719032 0.831064
vt 0.720748 0.831064
vt 0.720548 0.831064
vt 0.719778 0.831064
vt 0.719338 0.831064
vt 0.720762 0.831064
vt 0.720695 0.831064
vt 0.720829 0.831064
vt 0.720746 0.831064
vt 0.720728 0.831063
vt 0.718938 0.831064
vt 0.719712 0.831064
vt 0.719503 0.831064
vt 0.718927 0.831064
vt 0.719401 0.831064
vt 0.719405 0.831064
vt 0.719033 0.831064
vt 0.719029 0.831064
vt 0.721116 0.831064
vt 0.720835 0.831064
vt 0.720748 0.831064
vt 0.720753 0.831064
vt 0.720536 0.831063
vt 0.719777 0.831064
vt 0.720548 0.831064
vt 0.719332 0.831064
vt 0.720728 0.831063
vt 0.720762 0.831063
vt 0.720695 0.831064
vt 0.719495 0.831064
vt 0.718942 0.831064
vt 0.719030 0.831064
vt 0.719406 0.831064
vt 0.720627 0.831064
vt 0.719356 0.831064
vt 0.719786 0.831064
vt 0.720504 0.831064
vt 0.720702 0.831064
vt 0.720727 0.831063
vt 0.720753 0.831063
vt 0.719495 0.831064
vt 0.719406 0.831064
vt 0.719029 0.831064
vt 0.718940 0.831064
vt 0.719113 0.831064
vt 0.721161 0.831064
vt 0.720845 0.831064
vt 0.720541 0.831063
vt 0.719810 0.831064
vt 0.719400 0.831064
vt 0.719036 0.831064
vt 0.719106 0.831064
vt 0.719035 0.831064
vt 0.719400 0.831064
vt 0.719810 0.831064
vt 0.720541 0.831063
vt 0.720847 0.831064
vt 0.721174 0.831064
vt 0.879405 0.911243
vt 0.428829 0.973132
vt 0.982324 0.918710
vt 0.147163 0.968710
vt 0.966337 0.922712
vt 0.294583 0.880159
vt 0.894647 0.917510
vt 0.068211 0.880159
vt 0.504522 0.880404
vt 0.987954 0.991844
vt 0.219465 0.969072
vt 0.974843 0.968931
vt 0.376948 0.879629
vt 0.863277 0.982801
vt 0.346405 0.970844
vt 0.879558 0.962020
vt 0.470995 0.880404
vt 0.890226 0.808372
vt 0.558374 0.973840
vt 0.937818 0.811391
vt 0.617621 0.974870
vt 0.935910 0.838493
vt 0.914259 0.833974
vt 0.200525 0.842664
vt 0.986453 0.815352
vt 0.677842 0.974662
vt 0.045521 0.966790
vt 0.959020 0.904190
vt 0.580007 0.843087
vt 0.959020 0.838660
vt 0.538835 0.843061
vt 0.902612 0.901861
vt 0.033764 0.842428
vt 0.637237 0.843102
vt 0.933047 0.880631
vt 0.441568 0.843005
vt 0.908668 0.866189
vt 0.380701 0.842919
vt 0.959020 0.872285
vt 0.505354 0.843050
vt 0.719582 0.887394
vt 0.428959 0.962347
vt 0.734824 0.881128
vt 0.504522 0.907133
vt 0.068211 0.907908
vt 0.806512 0.875930
vt 0.294583 0.907908
vt 0.822498 0.879933
vt 0.147277 0.959858
vt 0.815027 0.829706
vt 0.376948 0.907908
vt 0.828143 0.806792
vt 0.219562 0.961311
vt 0.719737 0.836610
vt 0.470995 0.907133
vt 0.703455 0.815824
vt 0.346504 0.962689
vt 0.730392 0.990254
vt 0.558444 0.964100
vt 0.748849 0.964664
vt 0.200503 0.857801
vt 0.775737 0.960013
vt 0.778003 0.987270
vt 0.617699 0.963877
vt 0.826637 0.983299
vt 0.045624 0.959075
vt 0.677908 0.964962
vt 0.798387 0.962314
vt 0.538814 0.858198
vt 0.798387 0.896779
vt 0.579985 0.858224
vt 0.748849 0.896779
vt 0.637216 0.858239
vt 0.033743 0.857565
vt 0.748849 0.918007
vt 0.380679 0.858056
vt 0.773230 0.918007
vt 0.441546 0.858143
vt 0.798387 0.918007
vt 0.505332 0.858187
vt 0.276582 0.896876
vt 0.068211 0.895658
vt 0.504522 0.895658
vt 0.068211 0.893152
vt 0.504522 0.893152
vt 0.276582 0.891833
vt 0.143500 0.963123
vt 0.226289 0.964197
vt 0.226266 0.966025
vt 0.143475 0.965018
vt 0.378408 0.896864
vt 0.378408 0.891795
vt 0.340968 0.965551
vt 0.340945 0.967489
vt 0.463430 0.896791
vt 0.463430 0.891860
vt 0.434848 0.966443
vt 0.434822 0.968724
vt 0.549768 0.967528
vt 0.617866 0.967997
vt 0.617850 0.970365
vt 0.549750 0.969809
vt 0.045175 0.962088
vt 0.678390 0.968760
vt 0.045157 0.963401
vt 0.678379 0.970412
vt 0.582003 0.850853
vt 0.539785 0.850831
vt 0.637226 0.850936
vt 0.033753 0.850262
vt 0.202191 0.850434
vt 0.441922 0.850768
vt 0.365776 0.850666
vt 0.501554 0.850814
vt 0.930678 0.917544
vt 0.977865 0.950549
vt 0.926408 0.976399
vt 0.879222 0.943394
vt 0.919527 0.822555
vt 0.971705 0.869228
vt 0.930840 0.909001
vt 0.896626 0.863862
vt 0.922945 0.854319
vt 0.954774 0.825472
vt 0.946724 0.857015
vt 0.770854 0.881096
vt 0.818045 0.848090
vt 0.766590 0.822233
vt 0.719399 0.855239
vt 0.758423 0.976087
vt 0.811477 0.930581
vt 0.772329 0.890221
vt 0.736918 0.934773
vt 0.761844 0.940709
vt 0.794869 0.973760
vt 0.786613 0.940122
vt 0.181397 0.894405
vt 0.183303 0.964555
vt 0.335765 0.894405
vt 0.282980 0.965788
vt 0.423971 0.894405
vt 0.387748 0.967048
vt 0.487759 0.894405
vt 0.588133 0.968946
vt 0.096189 0.963425
vt 0.559415 0.846991
vt 0.608616 0.847012
vt 0.493767 0.968132
vt 0.117139 0.846463
vt 0.411129 0.846879
vt 0.290607 0.846709
vt 0.648023 0.969368
vt 0.522089 0.846973
vt 0.473455 0.846945
vt 0.181397 0.901783
vt 0.487759 0.901396
vt 0.423971 0.901589
vt 0.335765 0.901783
vt 0.117128 0.854032
vt 0.608606 0.854580
vt 0.559404 0.854560
vt 0.522078 0.854541
vt 0.473444 0.854514
vt 0.411118 0.854448
vt 0.290596 0.854277
vt 0.335765 0.886523
vt 0.423971 0.886584
vt 0.487759 0.886778
vt 0.181397 0.886655
vt 0.493738 0.965271
vt 0.588105 0.966054
vt 0.647916 0.966481
vt 0.096324 0.961117
vt 0.183365 0.962239
vt 0.283011 0.963553
vt 0.387744 0.964408
vt 0.387678 0.969893
vt 0.282954 0.968214
vt 0.183304 0.967054
vt 0.096261 0.965916
vt 0.647874 0.972480
vt 0.588062 0.972063
vt 0.493680 0.971216
vt 0.719212 0.831064
vt 0.719550 0.831064
vt 0.719218 0.831064
vt 0.718880 0.831064
vt 0.721010 0.831064
vt 0.720187 0.831064
vt 0.719306 0.831064
vt 0.720066 0.831064
vt 0.720769 0.831064
vt 0.720678 0.831064
vt 0.720692 0.831064
vt 0.719224 0.831064
vt 0.719550 0.831064
vt 0.719218 0.831064
vt 0.718892 0.831064
vt 0.720995 0.831064
vt 0.720186 0.831064
vt 0.719316 0.831064
vt 0.720062 0.831064
vt 0.720768 0.831064
vt 0.720677 0.831064
vt 0.720692 0.831064
vt 0.719218 0.831064
vt 0.719572 0.831064
vt 0.719528 0.831064
vt 0.719218 0.831064
vt 0.719218 0.831064
vt 0.718865 0.831064
vt 0.718908 0.831064
vt 0.721197 0.831064
vt 0.720189 0.831063
vt 0.720184 0.831064
vt 0.719404 0.831064
vt 0.720174 0.831064
vt 0.719953 0.831064
vt 0.720732 0.831063
vt 0.720807 0.831064
vt 0.720693 0.831064
vt 0.720653 0.831064
vt 0.720722 0.831063
vt 0.719220 0.831064
vt 0.718910 0.831064
vt 0.719218 0.831064
vt 0.719528 0.831064
vt 0.719954 0.831064
vt 0.719406 0.831064
vt 0.720184 0.831064
vt 0.720653 0.831064
vt 0.720722 0.831063
vt 0.720732 0.831063
vt 0.720806 0.831064
vt 0.719528 0.831064
vt 0.719218 0.831064
vt 0.718906 0.831064
vt 0.719216 0.831064
vt 0.720171 0.831064
vt 0.721189 0.831064
vt 0.720693 0.831064
vt 0.720189 0.831063
vt 0.719572 0.831064
vt 0.719218 0.831064
vt 0.718871 0.831064
vt 0.718858 0.831064
vt 0.719218 0.831064
vt 0.719572 0.831064
vt 0.720190 0.831063
vt 0.720693 0.831064
vt 0.721207 0.831064
vt 0.720177 0.831064
vt 0.930812 0.914125
vt 0.964301 0.927379
vt 0.930492 0.920111
vt 0.181397 0.880159
vt 0.895988 0.922423
vt 0.985139 0.955277
vt 0.183314 0.968891
vt 0.966768 0.971931
vt 0.970590 0.945821
vt 0.335765 0.879894
vt 0.925616 0.987323
vt 0.282935 0.969958
vt 0.887116 0.966154
vt 0.927201 0.965476
vt 0.423971 0.880017
vt 0.871341 0.947022
vt 0.387617 0.971988
vt 0.887103 0.939765
vt 0.487759 0.880404
vt 0.914022 0.809881
vt 0.587998 0.974355
vt 0.936981 0.823975
vt 0.923134 0.836833
vt 0.905159 0.832191
vt 0.984389 0.867031
vt 0.096342 0.967750
vt 0.960972 0.900282
vt 0.959020 0.871425
vt 0.559421 0.843074
vt 0.967988 0.837178
vt 0.902371 0.896492
vt 0.930816 0.903025
vt 0.608622 0.843094
vt 0.884816 0.859808
vt 0.493601 0.973486
vt 0.908435 0.867917
vt 0.117144 0.842546
vt 0.934630 0.857112
vt 0.920858 0.873410
vt 0.411134 0.842962
vt 0.911464 0.850081
vt 0.290613 0.842791
vt 0.962135 0.813371
vt 0.647732 0.974766
vt 0.949081 0.839408
vt 0.959020 0.855473
vt 0.522094 0.843055
vt 0.946034 0.876458
vt 0.473461 0.843027
vt 0.736165 0.876214
vt 0.770668 0.878529
vt 0.181397 0.907908
vt 0.804477 0.871262
vt 0.771316 0.884661
vt 0.810769 0.852818
vt 0.335765 0.907908
vt 0.806952 0.826705
vt 0.825321 0.843362
vt 0.183420 0.960584
vt 0.767382 0.833158
vt 0.423971 0.907521
vt 0.727295 0.832477
vt 0.765799 0.811308
vt 0.283033 0.962000
vt 0.727280 0.858869
vt 0.487759 0.907133
vt 0.711519 0.851609
vt 0.387732 0.962518
vt 0.743645 0.966444
vt 0.761390 0.960905
vt 0.776935 0.974819
vt 0.754198 0.988762
vt 0.588072 0.963988
vt 0.807842 0.962489
vt 0.798387 0.929546
vt 0.559399 0.858211
vt 0.801173 0.899379
vt 0.824567 0.931616
vt 0.096451 0.959466
vt 0.773618 0.896779
vt 0.608600 0.858232
vt 0.744419 0.902292
vt 0.748849 0.930721
vt 0.117123 0.857683
vt 0.724987 0.938824
vt 0.493702 0.963223
vt 0.748849 0.941335
vt 0.290591 0.857929
vt 0.761039 0.918007
vt 0.411113 0.858099
vt 0.774533 0.940249
vt 0.789079 0.959589
vt 0.802320 0.985284
vt 0.647803 0.964420
vt 0.785809 0.918007
vt 0.473439 0.858165
vt 0.798387 0.940160
vt 0.522073 0.858193
vt 0.181397 0.896876
vt 0.068211 0.894405
vt 0.504522 0.894405
vt 0.181397 0.891841
vt 0.276582 0.894405
vt 0.183323 0.963645
vt 0.226268 0.965088
vt 0.183299 0.965510
vt 0.143479 0.964048
vt 0.335765 0.896876
vt 0.335765 0.891808
vt 0.378408 0.894405
vt 0.282992 0.964889
vt 0.340966 0.966495
vt 0.282970 0.966736
vt 0.423971 0.896828
vt 0.423971 0.891823
vt 0.463430 0.894405
vt 0.387751 0.966013
vt 0.434843 0.967557
vt 0.387726 0.968134
vt 0.487759 0.896779
vt 0.487759 0.891872
vt 0.588129 0.967809
vt 0.617869 0.969153
vt 0.588112 0.970138
vt 0.549778 0.968640
vt 0.096227 0.962519
vt 0.096203 0.964376
vt 0.045166 0.962744
vt 0.678385 0.969586
vt 0.559410 0.850842
vt 0.539791 0.846980
vt 0.582008 0.847003
vt 0.608611 0.850862
vt 0.637232 0.847019
vt 0.033759 0.846345
vt 0.493764 0.967010
vt 0.493741 0.969310
vt 0.117133 0.850314
vt 0.202196 0.846584
vt 0.411123 0.850730
vt 0.365782 0.846815
vt 0.441927 0.846917
vt 0.290602 0.850560
vt 0.647999 0.968233
vt 0.647983 0.970559
vt 0.522083 0.850823
vt 0.501560 0.846963
vt 0.473450 0.850796
vt 0.068211 0.901783
vt 0.504522 0.901396
vt 0.276582 0.901783
vt 0.463430 0.901444
vt 0.378408 0.901735
vt 0.033748 0.853914
vt 0.637221 0.854588
vt 0.202185 0.854152
vt 0.581998 0.854571
vt 0.539780 0.854549
vt 0.501549 0.854532
vt 0.441916 0.854486
vt 0.365771 0.854384
vt 0.276582 0.886622
vt 0.378408 0.886472
vt 0.463430 0.886730
vt 0.504522 0.886778
vt 0.068211 0.886655
vt 0.549725 0.965835
vt 0.434845 0.964687
vt 0.617846 0.966183
vt 0.678149 0.966861
vt 0.045399 0.960581
vt 0.143547 0.961665
vt 0.226335 0.962860
vt 0.340959 0.964131
vt 0.434777 0.970641
vt 0.340899 0.969056
vt 0.226277 0.967502
vt 0.143483 0.966611
vt 0.045339 0.965095
vt 0.678110 0.972537
vt 0.617803 0.972348
vt 0.549679 0.971672
vt 0.718896 0.831064
vt 0.719215 0.831064
vt 0.719530 0.831064
vt 0.719234 0.831064
vt 0.719534 0.831064
vt 0.719403 0.831064
vt 0.719567 0.831064
vt 0.719218 0.831064
vt 0.719031 0.831064
vt 0.719218 0.831064
vt 0.718899 0.831064
vt 0.718862 0.831064
vt 0.720908 0.831064
vt 0.720848 0.831064
vt 0.720792 0.831064
vt 0.721161 0.831064
vt 0.720523 0.831064
vt 0.720184 0.831064
vt 0.719752 0.831064
vt 0.720189 0.831064
vt 0.719379 0.831064
vt 0.719269 0.831064
vt 0.719981 0.831064
vt 0.720151 0.831064
vt 0.720798 0.831064
vt 0.720741 0.831063
vt 0.720731 0.831064
vt 0.720674 0.831064
vt 0.720689 0.831064
vt 0.720715 0.831064
vt 0.720663 0.831064
vt 0.719249 0.831064
vt 0.719532 0.831064
vt 0.719221 0.831064
vt 0.718914 0.831064
vt 0.719566 0.831064
vt 0.719403 0.831064
vt 0.719534 0.831064
vt 0.719218 0.831064
vt 0.719034 0.831064
vt 0.719218 0.831064
vt 0.718877 0.831064
vt 0.718906 0.831064
vt 0.721138 0.831064
vt 0.720788 0.831064
vt 0.720843 0.831064
vt 0.720889 0.831064
vt 0.720188 0.831064
vt 0.719755 0.831064
vt 0.720184 0.831064
vt 0.720523 0.831064
vt 0.719282 0.831064
vt 0.719383 0.831064
vt 0.720143 0.831064
vt 0.719981 0.831064
vt 0.720730 0.831064
vt 0.720741 0.831063
vt 0.720796 0.831064
vt 0.720689 0.831064
vt 0.720673 0.831064
vt 0.720663 0.831064
vt 0.720715 0.831063
vt 0.719495 0.831064
vt 0.719217 0.831064
vt 0.718941 0.831064
vt 0.719218 0.831064
vt 0.719810 0.831064
vt 0.719572 0.831064
vt 0.719400 0.831064
vt 0.719572 0.831064
vt 0.719406 0.831064
vt 0.719528 0.831064
vt 0.719528 0.831064
vt 0.719218 0.831064
vt 0.719036 0.831064
vt 0.719218 0.831064
vt 0.719030 0.831064
vt 0.719218 0.831064
vt 0.719218 0.831064
vt 0.718862 0.831064
vt 0.719110 0.831064
vt 0.718868 0.831064
vt 0.718907 0.831064
vt 0.718909 0.831064
vt 0.721167 0.831064
vt 0.721202 0.831064
vt 0.720846 0.831064
vt 0.721193 0.831064
vt 0.720541 0.831063
vt 0.720189 0.831063
vt 0.720189 0.831063
vt 0.719786 0.831064
vt 0.720504 0.831064
vt 0.720184 0.831064
vt 0.719354 0.831064
vt 0.719405 0.831064
vt 0.720176 0.831064
vt 0.720173 0.831064
vt 0.720628 0.831064
vt 0.719953 0.831064
vt 0.720727 0.831063
vt 0.720753 0.831063
vt 0.720732 0.831063
vt 0.720806 0.831064
vt 0.720693 0.831064
vt 0.720693 0.831064
vt 0.720702 0.831064
vt 0.720653 0.831064
vt 0.720722 0.831063
vt 0.719495 0.831064
vt 0.718943 0.831064
vt 0.719030 0.831064
vt 0.719406 0.831064
vt 0.720627 0.831064
vt 0.719356 0.831064
vt 0.719786 0.831064
vt 0.720504 0.831064
vt 0.720702 0.831064
vt 0.720727 0.831063
vt 0.720753 0.831063
vt 0.719406 0.831064
vt 0.719495 0.831064
vt 0.719029 0.831064
vt 0.718938 0.831064
vt 0.719116 0.831064
vt 0.721156 0.831064
vt 0.720843 0.831064
vt 0.720541 0.831063
vt 0.719809 0.831064
vt 0.719400 0.831064
vt 0.719037 0.831064
vt 0.719034 0.831064
vt 0.719102 0.831064
vt 0.719400 0.831064
vt 0.719810 0.831064
vt 0.720541 0.831063
vt 0.720848 0.831064
vt 0.721181 0.831064
vn -0.123413 0.992299 0.010591
vn -0.000000 0.999994 -0.003592
vn -0.000001 0.999994 0.003377
vn -0.018792 0.999747 0.012333
vn 0.123424 0.992298 0.010579
vn 0.018789 0.999748 0.012322
vn -0.182139 0.939704 -0.289452
vn 0.000001 0.878072 -0.478528
vn 0.182137 0.939703 -0.289454
vn 0.221079 0.975204 -0.010108
vn 0.051196 0.998687 0.002062
vn 0.131355 0.968767 -0.210323
vn 0.032057 0.998085 -0.052910
vn -0.043816 0.995920 0.078889
vn -0.142726 0.989725 -0.008622
vn 0.000000 0.973447 -0.228913
vn 0.000000 0.998455 -0.055568
vn -0.131355 0.968767 -0.210323
vn -0.032058 0.998084 -0.052914
vn 0.043817 0.995921 0.078883
vn 0.000000 0.992796 0.119815
vn -0.221077 0.975204 -0.010108
vn -0.051201 0.998686 0.002063
vn 0.142722 0.989725 -0.008619
vn -0.171294 0.981638 0.083940
vn -0.060126 0.980860 0.185198
vn -0.019935 0.998570 0.049598
vn -0.044164 0.998837 0.019348
vn -0.000044 0.980062 0.198693
vn -0.000039 0.998611 0.052697
vn 0.000117 1.000000 -0.000333
vn -0.015324 0.999872 -0.004682
vn 0.002732 0.999727 -0.023191
vn 0.170893 0.981564 0.085599
vn 0.161446 0.986749 0.016155
vn 0.036524 0.999327 0.003564
vn 0.044274 0.998819 0.020010
vn 0.022713 0.999728 -0.005297
vn -0.125991 0.986976 0.100026
vn -0.141581 0.989751 -0.018655
vn -0.001857 0.999770 -0.021345
vn -0.000002 0.999969 -0.007918
vn -0.022683 0.999729 -0.005279
vn 0.125873 0.986999 0.099944
vn -0.000029 0.967279 0.253713
vn -0.161284 0.986780 0.015910
vn -0.036327 0.999334 0.003466
vn 0.139757 0.990003 -0.019050
vn -0.043882 0.998194 -0.041017
vn -0.220420 0.971594 -0.086142
vn 0.000442 0.999260 -0.038467
vn 0.000367 0.989094 -0.147286
vn -0.123655 0.983417 -0.132665
vn -0.349590 0.929701 -0.115942
vn 0.019615 0.998556 0.050017
vn 0.014932 0.999879 -0.004383
vn 0.059402 0.980749 0.186016
vn 0.041828 0.998321 -0.040074
vn 0.115612 0.984593 -0.131190
vn 0.211688 0.974560 -0.073630
vn 0.315518 0.943281 -0.103297
vn -0.112981 -0.993551 0.009542
vn -0.016121 -0.999817 0.010273
vn -0.000000 -1.000000 -0.000079
vn -0.000000 -0.999993 -0.003648
vn 0.195082 -0.929194 -0.313915
vn -0.000001 -0.860580 -0.509316
vn -0.195085 -0.929196 -0.313907
vn 0.016121 -0.999817 0.010276
vn 0.112993 -0.993550 0.009532
vn 0.046652 -0.998909 0.002163
vn 0.202729 -0.979190 -0.009410
vn -0.156955 -0.987548 -0.010714
vn -0.048551 -0.994993 0.087362
vn 0.029328 -0.998395 -0.048457
vn 0.120394 -0.973743 -0.193210
vn 0.000000 -0.998737 -0.050237
vn -0.000000 -0.977602 -0.210461
vn 0.000000 -0.991318 0.131486
vn 0.048547 -0.994993 0.087359
vn -0.029328 -0.998395 -0.048454
vn -0.120393 -0.973743 -0.193211
vn -0.046652 -0.998909 0.002161
vn -0.202724 -0.979191 -0.009408
vn 0.156948 -0.987549 -0.010704
vn -0.157424 -0.984510 0.077183
vn -0.044205 -0.998821 0.020050
vn -0.018952 -0.998658 0.048196
vn -0.055661 -0.983826 0.170259
vn -0.003106 -0.999885 -0.014826
vn -0.012346 -0.999921 -0.002233
vn 0.000115 -1.000000 -0.000332
vn -0.000039 -0.998733 0.050326
vn -0.000043 -0.983060 0.183286
vn 0.157062 -0.984447 0.078711
vn 0.044298 -0.998804 0.020674
vn 0.039182 -0.999224 0.003925
vn 0.148477 -0.988803 0.014937
vn 0.003791 -0.999901 -0.013546
vn -0.098934 -0.995001 -0.013621
vn -0.087225 -0.993832 0.068480
vn 0.024500 -0.999673 -0.007274
vn -0.000001 -0.999912 -0.013289
vn -0.000022 -0.983313 0.181923
vn 0.087146 -0.993842 0.068431
vn -0.024469 -0.999674 -0.007252
vn -0.038984 -0.999232 0.003837
vn -0.148323 -0.988830 0.014711
vn 0.097611 -0.995128 -0.013902
vn -0.163646 -0.984103 -0.069010
vn -0.032707 -0.998837 -0.035428
vn -0.266779 -0.959287 -0.092728
vn -0.091911 -0.990441 -0.102852
vn 0.000477 -0.993647 -0.112545
vn 0.000455 -0.999433 -0.033665
vn 0.012064 -0.999925 -0.002125
vn 0.018647 -0.998645 0.048586
vn 0.054992 -0.983728 0.171039
vn 0.086070 -0.991095 -0.101600
vn 0.031333 -0.998902 -0.034830
vn 0.239148 -0.967458 -0.082661
vn 0.157027 -0.985771 -0.059985
vn -0.455807 -0.228276 -0.860308
vn -0.000000 -0.222717 -0.974883
vn -0.000001 0.000082 -1.000000
vn -0.464232 0.000148 -0.885714
vn 0.455809 -0.228272 -0.860308
vn 0.464233 0.000151 -0.885713
vn 0.454271 0.241060 -0.857629
vn -0.000000 0.235178 -0.971952
vn -0.454264 0.241059 -0.857634
vn 0.982714 -0.166937 0.080027
vn 0.982336 -0.156201 -0.103043
vn 0.994276 0.000040 -0.106838
vn 0.996703 -0.000005 0.081137
vn 0.539571 -0.117249 -0.833736
vn 0.541531 0.000040 -0.840681
vn 0.539474 0.108355 -0.835001
vn 0.984031 0.144835 -0.103469
vn 0.984684 0.154815 0.080189
vn -0.448242 -0.241897 0.860561
vn -0.952103 -0.256349 -0.166690
vn -0.984427 0.000230 -0.175795
vn -0.457245 0.000234 0.889341
vn -0.948326 0.270407 -0.166006
vn -0.446273 0.255093 0.857769
vn -0.000001 -0.088094 -0.996112
vn -0.000001 0.000010 -1.000000
vn -0.539586 -0.117255 -0.833725
vn -0.541533 0.000035 -0.840680
vn -0.539473 0.108355 -0.835002
vn -0.000001 0.081238 -0.996695
vn 0.448235 -0.241892 0.860566
vn 0.000001 -0.210371 0.977622
vn 0.000002 0.000057 1.000000
vn 0.457235 0.000227 0.889346
vn 0.000001 0.221825 0.975087
vn 0.446264 0.255083 0.857777
vn -0.982335 -0.156208 -0.103036
vn -0.994277 0.000031 -0.106833
vn -0.982714 -0.166941 0.080027
vn -0.996703 -0.000016 0.081140
vn -0.984684 0.154812 0.080188
vn -0.984030 0.144834 -0.103476
vn 0.952103 -0.256343 -0.166699
vn 0.984429 0.000231 -0.175780
vn 0.948331 0.270404 -0.165981
vn -0.884499 -0.148022 0.442438
vn -0.294018 -0.159085 0.942468
vn -0.299513 0.000047 0.954092
vn -0.893627 0.000051 0.448810
vn 0.000000 -0.161963 0.986797
vn 0.000000 0.000006 1.000000
vn 0.000000 0.150156 0.988662
vn -0.294807 0.147535 0.944099
vn -0.886022 0.137178 0.442885
vn 0.880742 -0.148441 0.449733
vn 0.981126 -0.154203 0.116679
vn 0.992875 0.000019 0.119163
vn 0.889876 0.000061 0.456202
vn 0.982808 0.142939 0.116865
vn 0.882248 0.137570 0.450237
vn -0.787693 -0.000312 0.616068
vn -0.996273 -0.000085 -0.086252
vn -0.815057 0.572921 -0.086282
vn -0.621979 0.600929 0.502023
vn -0.849631 -0.000933 -0.527377
vn -0.433067 0.836137 -0.336641
vn 0.787874 -0.000321 0.615836
vn -0.000089 -0.000199 1.000000
vn -0.000092 0.485705 0.874123
vn 0.620997 0.602734 0.501074
vn -0.981319 -0.154115 0.115164
vn -0.993059 0.000009 0.117618
vn -0.983000 0.142852 0.115345
vn 0.814554 -0.000977 -0.580087
vn 0.995504 -0.000088 -0.094722
vn 0.806493 0.584134 -0.091408
vn 0.416869 0.835628 -0.357696
vn -0.001613 0.000109 -0.999999
vn -0.699791 0.000111 -0.714347
vn -0.434463 0.730013 -0.527563
vn 0.001979 0.791959 -0.610571
vn -0.948757 0.000113 -0.316006
vn -0.819692 0.489226 -0.297932
vn -0.967815 -0.000167 -0.251661
vn -0.830467 0.490723 -0.263657
vn 0.289872 -0.158911 0.943781
vn 0.295313 0.000055 0.955401
vn 0.290640 0.147371 0.945415
vn 0.982677 -0.000184 -0.185325
vn 0.839539 0.504189 -0.202406
vn 0.950459 0.000115 -0.310851
vn 0.797694 0.530910 -0.286040
vn 0.670400 0.000101 -0.742000
vn 0.409839 0.742691 -0.529568
vn -0.000001 -0.409862 -0.912148
vn -0.384549 -0.467928 -0.795717
vn 0.384553 -0.467929 -0.795714
vn 0.721051 -0.671786 -0.169671
vn 0.304745 -0.780639 0.545650
vn 0.000000 -0.731143 0.682225
vn -0.304741 -0.780636 0.545656
vn -0.721048 -0.671789 -0.169677
vn 0.743195 -0.663692 -0.084695
vn 0.353742 -0.886606 -0.297987
vn 0.566109 -0.686396 0.456488
vn -0.000088 -0.567383 0.823454
vn -0.567305 -0.684679 0.457581
vn -0.753323 -0.652748 -0.080154
vn -0.367174 -0.886995 -0.280039
vn 0.784663 -0.589367 -0.192226
vn 0.746962 -0.609509 -0.265607
vn 0.361112 -0.809912 -0.462213
vn 0.001689 -0.850531 -0.525923
vn -0.384477 -0.799133 -0.462129
vn -0.774621 -0.567163 -0.279800
vn -0.777745 -0.576295 -0.250994
vn -0.697410 0.697455 -0.164851
vn -0.291720 0.801734 0.521654
vn -0.377502 0.493573 -0.783504
vn 0.000000 0.753921 0.656965
vn 0.291714 0.801725 0.521671
vn 0.697408 0.697456 -0.164855
vn 0.377498 0.493568 -0.783509
vn 0.000001 0.433888 -0.900967
vn -0.499570 -0.864600 0.053822
vn -0.445039 -0.894767 0.036504
vn -0.539022 -0.797931 0.269743
vn -0.195079 -0.799386 0.568266
vn -0.000030 -0.788084 0.615568
vn 0.192373 -0.798624 0.570256
vn 0.537337 -0.797564 0.274154
vn 0.499634 -0.864517 0.054557
vn 0.445057 -0.894758 0.036501
vn 0.600302 -0.797112 -0.065199
vn 0.366305 -0.709182 -0.602396
vn -0.000001 -0.727877 -0.685707
vn -0.366305 -0.709179 -0.602401
vn -0.600302 -0.797112 -0.065195
vn -0.635252 0.769249 -0.068639
vn -0.383760 0.674526 -0.630669
vn -0.480035 0.876364 0.039390
vn 0.000000 0.692297 -0.721613
vn 0.383759 0.674522 -0.630674
vn 0.635258 0.769244 -0.068638
vn 0.480060 0.876351 0.039389
vn 0.535905 0.842253 0.058447
vn 0.569310 0.768995 0.290747
vn 0.203762 0.770087 0.604523
vn -0.000030 0.758181 0.652044
vn -0.206641 0.770927 0.602471
vn -0.571139 0.769388 0.286083
vn -0.535848 0.842343 0.057658
vn 0.047801 -0.998845 -0.004943
vn 0.000831 -0.999999 0.001214
vn 0.000000 -0.999962 0.008735
vn 0.000000 -1.000000 -0.000261
vn -0.126885 -0.974714 0.183936
vn -0.000001 -0.936468 0.350753
vn 0.126884 -0.974716 0.183926
vn -0.000830 -0.999999 0.001215
vn -0.047801 -0.998845 -0.004943
vn -0.009104 -0.999956 -0.002466
vn -0.097082 -0.995276 0.000464
vn 0.085702 -0.996318 0.002340
vn 0.025088 -0.998587 -0.046840
vn -0.006386 -0.999954 0.007174
vn -0.060049 -0.994209 0.089118
vn -0.000000 -0.999986 0.005295
vn 0.000000 -0.995643 0.093243
vn -0.000000 -0.997944 -0.064088
vn -0.025088 -0.998588 -0.046834
vn 0.006386 -0.999954 0.007169
vn 0.060049 -0.994210 0.089107
vn 0.009104 -0.999956 -0.002467
vn 0.097082 -0.995276 0.000464
vn -0.085699 -0.996318 0.002341
vn 0.067423 -0.997208 -0.032116
vn 0.004875 -0.999988 -0.001033
vn 0.003658 -0.999954 -0.008923
vn 0.021172 -0.997079 -0.073388
vn -0.010668 -0.999798 0.017038
vn 0.006217 -0.999966 0.005385
vn -0.000000 -1.000000 -0.000000
vn 0.000000 -0.999944 -0.010546
vn -0.000000 -0.997183 -0.075011
vn -0.067230 -0.997199 -0.032780
vn -0.004922 -0.999987 -0.001181
vn 0.000585 -1.000000 0.000234
vn -0.061196 -0.998111 -0.005493
vn 0.010071 -0.999825 0.015779
vn 0.095177 -0.995388 0.011992
vn 0.083647 -0.994312 -0.065928
vn 0.000169 -0.999993 -0.003832
vn -0.000000 -0.999951 -0.009888
vn -0.000000 -0.986627 -0.162996
vn -0.083646 -0.994312 -0.065930
vn -0.000169 -0.999993 -0.003833
vn -0.000604 -1.000000 0.000265
vn 0.061146 -0.998114 -0.005397
vn -0.094086 -0.995489 0.012188
vn 0.126209 -0.991157 0.040983
vn 0.024025 -0.999637 0.012174
vn 0.224350 -0.972320 0.065278
vn 0.075721 -0.994960 0.065728
vn 0.000252 -0.997328 0.073050
vn 0.000033 -0.999954 0.009609
vn -0.005964 -0.999970 0.004971
vn -0.003609 -0.999953 -0.009000
vn -0.020890 -0.997073 -0.073545
vn -0.069704 -0.995477 0.064551
vn -0.022495 -0.999683 0.011322
vn -0.198371 -0.978613 0.054458
vn -0.120425 -0.992155 0.033570
vn 0.036044 0.999343 -0.003729
vn 0.000000 1.000000 -0.000200
vn -0.000000 0.999919 0.012720
vn -0.002351 0.999991 0.003583
vn -0.036044 0.999343 -0.003728
vn 0.002350 0.999991 0.003584
vn 0.152519 0.962211 0.225585
vn 0.000001 0.908776 0.417285
vn -0.152517 0.962206 0.225605
vn -0.073417 0.997301 0.000255
vn -0.003745 0.999990 -0.002540
vn -0.045481 0.996687 0.067422
vn -0.003148 0.999993 0.001976
vn 0.030669 0.997894 -0.057165
vn 0.105082 0.994457 0.003638
vn 0.000000 0.997514 0.070472
vn -0.000000 1.000000 -0.000804
vn 0.045481 0.996688 0.067414
vn 0.003148 0.999993 0.001977
vn -0.030669 0.997894 -0.057164
vn -0.000000 0.996945 -0.078105
vn 0.073417 0.997301 0.000257
vn 0.003745 0.999990 -0.002537
vn -0.105084 0.994457 0.003637
vn 0.050911 0.998409 -0.024246
vn 0.015975 0.998335 -0.055427
vn 0.002641 0.999969 -0.007390
vn 0.005161 0.999985 -0.001842
vn -0.000000 0.998396 -0.056614
vn 0.000000 0.999968 -0.007954
vn 0.000000 1.000000 -0.000001
vn 0.003051 0.999992 0.002644
vn -0.005035 0.999954 0.008190
vn -0.050766 0.998404 -0.024746
vn -0.046178 0.998925 -0.004141
vn -0.002500 0.999997 -0.000176
vn -0.005188 0.999985 -0.001949
vn -0.001702 0.999997 -0.001553
vn 0.040353 0.998685 -0.031625
vn 0.046593 0.998897 0.005879
vn 0.004722 0.999960 0.007573
vn -0.000000 0.999991 -0.004148
vn 0.001702 0.999997 -0.001553
vn -0.040353 0.998685 -0.031623
vn -0.000000 0.996831 -0.079550
vn 0.046140 0.998927 -0.004068
vn 0.002481 0.999997 -0.000153
vn -0.046054 0.998921 0.005975
vn 0.011789 0.999913 0.005974
vn 0.062200 0.997867 0.019827
vn 0.000016 0.999989 0.004713
vn 0.000126 0.999355 0.035919
vn 0.037529 0.998769 0.032433
vn 0.112616 0.993104 0.032605
vn -0.002606 0.999969 -0.007432
vn -0.002926 0.999993 0.002437
vn -0.015763 0.998332 -0.055542
vn -0.011037 0.999924 0.005555
vn -0.034495 0.998898 0.031822
vn -0.059308 0.998107 0.016311
vn -0.099035 0.994716 0.027052
vn 0.484977 0.000000 0.874527
vn 0.485007 0.000001 0.874510
vn -0.000003 -0.000001 1.000000
vn -0.000000 0.000000 1.000000
vn 0.484961 0.000000 0.874536
vn -0.000000 -0.000000 1.000000
vn -0.484959 -0.000002 0.874537
vn -0.484986 -0.000004 0.874522
vn -0.484977 -0.000000 0.874527
vn -0.996629 0.000000 -0.082043
vn -0.996629 -0.000003 -0.082037
vn -0.995335 -0.000002 0.096484
vn -0.995333 -0.000000 0.096499
vn -0.996629 0.000000 -0.082040
vn -0.995335 -0.000000 0.096482
vn -0.540688 -0.000000 0.841224
vn -0.540715 -0.000000 0.841206
vn -0.540677 -0.000000 0.841230
vn 0.484993 0.000000 -0.874518
vn 0.484992 0.000003 -0.874519
vn 0.986443 0.000001 0.164103
vn 0.986443 -0.000000 0.164105
vn 0.484969 -0.000000 -0.874532
vn 0.986440 -0.000000 0.164120
vn 0.000000 -0.000000 1.000000
vn -0.000000 -0.000000 1.000000
vn -0.000000 -0.000000 1.000000
vn 0.540687 0.000000 0.841224
vn 0.540681 0.000001 0.841228
vn 0.540684 0.000000 0.841226
vn -0.484994 0.000000 -0.874518
vn -0.484992 -0.000003 -0.874519
vn 0.000000 -0.000000 -1.000000
vn 0.000000 -0.000000 -1.000000
vn -0.484967 -0.000000 -0.874533
vn 0.000000 0.000000 -1.000000
vn 0.995335 0.000001 0.096482
vn 0.995334 0.000000 0.096491
vn 0.995334 0.000000 0.096491
vn 0.996629 0.000000 -0.082040
vn 0.996629 0.000000 -0.082037
vn 0.996629 0.000000 -0.082041
vn -0.986441 -0.000004 0.164116
vn -0.986442 0.000000 0.164108
vn -0.986440 -0.000002 0.164123
vn 0.901545 0.000000 -0.432686
vn 0.901549 -0.000002 -0.432677
vn 0.298821 -0.000000 -0.954309
vn 0.298796 -0.000000 -0.954317
vn 0.901539 -0.000000 -0.432698
vn 0.298804 -0.000000 -0.954314
vn 0.000000 0.000000 -1.000000
vn 0.000000 0.000000 -1.000000
vn 0.000000 0.000000 -1.000000
vn -0.897730 -0.000000 -0.440546
vn -0.897748 -0.000001 -0.440508
vn -0.993818 -0.000002 -0.111025
vn -0.993816 0.000000 -0.111036
vn -0.897731 0.000000 -0.440545
vn -0.993817 -0.000000 -0.111032
vn 0.792651 -0.000000 -0.609676
vn 0.513079 -0.756723 -0.405117
vn 0.650869 -0.754655 0.082862
vn 0.992642 0.000000 0.121090
vn 0.296149 -0.922395 0.247959
vn 0.803143 -0.000000 0.595786
vn -0.792650 0.000000 -0.609677
vn -0.513079 -0.756724 -0.405116
vn -0.000000 -0.626706 -0.779256
vn 0.000000 0.000000 -1.000000
vn 0.993992 -0.000002 -0.109450
vn 0.993992 0.000000 -0.109453
vn 0.993992 0.000000 -0.109451
vn -0.769236 0.000000 0.638965
vn -0.286980 -0.921607 0.261312
vn -0.641063 -0.762691 0.085676
vn -0.991786 0.000000 0.127911
vn 0.000001 -0.000000 1.000000
vn -0.001725 -0.908436 0.418021
vn 0.329450 -0.864508 0.379590
vn 0.726261 0.000000 0.687419
vn 0.733399 -0.621518 0.275395
vn 0.947247 -0.000000 0.320505
vn 0.695702 -0.663560 0.275111
vn 0.944260 0.000000 0.329201
vn -0.294287 -0.000001 -0.955717
vn -0.294273 -0.000000 -0.955721
vn -0.294276 0.000000 -0.955720
vn -0.701962 -0.677324 0.220186
vn -0.964824 -0.000000 0.262896
vn -0.691221 -0.676563 0.253922
vn -0.950593 0.000000 0.310440
vn -0.307811 -0.873748 0.376585
vn -0.698660 -0.000000 0.715454
vn 0.389379 0.386913 0.835872
vn 0.000003 0.288773 0.957398
vn -0.389373 0.386910 0.835876
vn -0.656367 0.734832 0.170894
vn -0.228836 0.891606 -0.390734
vn 0.000000 0.874157 -0.485644
vn 0.228836 0.891604 -0.390740
vn 0.656374 0.734827 0.170888
vn -0.173303 0.972515 0.155499
vn -0.445556 0.893299 0.059132
vn -0.352781 0.893520 -0.277791
vn -0.000000 0.806543 -0.591176
vn 0.352782 0.893519 -0.277792
vn 0.454984 0.888645 0.057444
vn 0.178616 0.972903 0.146822
vn -0.522141 0.837571 0.160759
vn -0.534842 0.822837 0.192050
vn -0.213616 0.943893 0.251863
vn -0.000910 0.961181 0.275916
vn 0.230386 0.939132 0.254860
vn 0.585969 0.781091 0.215725
vn 0.519382 0.830192 0.202544
vn 0.196778 -0.921047 -0.336082
vn 0.589456 -0.792963 0.154113
vn 0.375230 -0.449478 0.810662
vn -0.196778 -0.921047 -0.336082
vn -0.000000 -0.907308 -0.420467
vn -0.375243 -0.449501 0.810642
vn -0.589459 -0.792960 0.154118
vn -0.000000 -0.341258 0.939970
vn 0.215459 0.976351 -0.017795
vn 0.253194 0.967070 -0.025852
vn 0.308306 0.939305 -0.150515
vn 0.111010 0.939796 -0.323203
vn -0.000001 0.934802 -0.355168
vn -0.109436 0.939548 -0.324458
vn -0.307513 0.939123 -0.153245
vn -0.253261 0.967042 -0.026253
vn -0.215460 0.976351 -0.017795
vn -0.374975 0.926049 0.042736
vn -0.240195 0.884883 0.399109
vn -0.000001 0.903254 0.429106
vn 0.240194 0.884895 0.399084
vn 0.374974 0.926050 0.042738
vn 0.285005 -0.832864 0.474457
vn 0.453610 -0.889707 0.051573
vn 0.271011 -0.962316 -0.022388
vn -0.284999 -0.832850 0.474486
vn 0.000002 -0.856412 0.516293
vn -0.271011 -0.962316 -0.022388
vn -0.453611 -0.889706 0.051579
vn -0.375939 -0.907483 -0.187469
vn -0.316137 -0.948151 -0.032660
vn -0.000001 -0.900288 -0.435296
vn -0.134378 -0.907907 -0.397049
vn 0.376950 -0.907742 -0.184157
vn 0.136322 -0.908275 -0.395542
vn 0.316065 -0.948193 -0.032158
s 1
g autoUnwrapFaces tab:group1 tab:pPlane1 tab:polySurface1
usemtl body:blinn1SG
f 68/68/1 273/320/2 411/182/3 276/324/4
f 273/320/2 69/70/5 274/321/6 411/182/3
f 411/182/3 274/321/6 70/72/7 275/322/8
f 276/324/4 411/182/3 275/322/8 71/74/9
f 69/70/5 277/325/10 412/183/11 274/321/6
f 277/325/10 72/77/12 278/327/13 412/183/11
f 412/183/11 278/327/13 73/79/14 279/328/15
f 274/321/6 412/183/11 279/328/15 70/72/7
f 72/77/12 280/330/16 413/184/17 278/327/13
f 280/330/16 74/81/18 281/332/19 413/184/17
f 413/184/17 281/332/19 75/83/20 282/333/21
f 278/327/13 413/184/17 282/333/21 73/79/14
f 74/81/18 283/335/22 414/185/23 281/332/19
f 283/335/22 68/68/1 276/324/4 414/185/23
f 414/185/23 276/324/4 71/74/9 284/337/24
f 281/332/19 414/185/23 284/337/24 75/83/20
f 76/85/25 285/339/26 415/186/27 288/343/28
f 285/339/26 77/87/29 286/341/30 415/186/27
f 415/186/27 286/341/30 78/89/31 287/342/32
f 288/343/28 415/186/27 287/342/32 79/90/33
f 80/92/34 289/344/35 416/187/36 292/349/37
f 289/344/35 69/70/5 290/346/38 416/187/36
f 416/187/36 290/346/38 81/95/39 291/347/40
f 292/349/37 416/187/36 291/347/40 82/97/41
f 69/70/5 273/320/2 417/188/42 290/346/38
f 273/320/2 68/68/1 293/350/43 417/188/42
f 417/188/42 293/350/43 83/99/44 294/351/45
f 290/346/38 417/188/42 294/351/45 81/95/39
f 68/68/1 295/353/46 418/189/47 293/350/43
f 295/353/46 76/85/25 288/343/28 418/189/47
f 418/189/47 288/343/28 79/90/33 296/355/48
f 293/350/43 418/189/47 296/355/48 83/99/44
f 79/90/33 287/342/32 419/190/49 299/360/50
f 287/342/32 78/89/31 297/357/51 419/190/49
f 419/190/49 297/357/51 84/102/52 298/358/53
f 299/360/50 419/190/49 298/358/53 85/104/54
f 78/89/31 286/341/30 420/191/55 301/364/56
f 286/341/30 77/87/29 300/362/57 420/191/55
f 420/191/55 300/362/57 80/92/34 292/349/37
f 301/364/56 420/191/55 292/349/37 82/97/41
f 84/102/52 297/357/51 421/192/58 303/367/59
f 297/357/51 78/89/31 301/364/56 421/192/58
f 421/192/58 301/364/56 82/97/41 302/365/60
f 303/367/59 421/192/58 302/365/60 86/106/61
f 87/108/62 304/369/63 422/193/64 307/373/65
f 304/369/63 88/110/66 305/370/67 422/193/64
f 422/193/64 305/370/67 89/113/68 306/372/69
f 307/373/65 422/193/64 306/372/69 90/115/70
f 90/115/70 306/372/69 423/194/71 310/377/72
f 306/372/69 89/113/68 308/374/73 423/194/71
f 423/194/71 308/374/73 91/117/74 309/376/75
f 310/377/72 423/194/71 309/376/75 92/119/76
f 92/119/76 309/376/75 424/195/77 313/382/78
f 309/376/75 91/117/74 311/379/79 424/195/77
f 424/195/77 311/379/79 93/121/80 312/381/81
f 313/382/78 424/195/77 312/381/81 94/123/82
f 94/123/82 312/381/81 425/196/83 315/386/84
f 312/381/81 93/121/80 314/384/85 425/196/83
f 425/196/83 314/384/85 88/110/66 304/369/63
f 315/386/84 425/196/83 304/369/63 87/108/62
f 95/125/86 316/388/87 426/197/88 319/391/89
f 316/388/87 96/127/90 317/389/91 426/197/88
f 426/197/88 317/389/91 97/129/92 318/390/93
f 319/391/89 426/197/88 318/390/93 98/130/94
f 99/132/95 320/393/96 427/198/97 323/397/98
f 320/393/96 100/135/99 321/394/100 427/198/97
f 427/198/97 321/394/100 101/137/101 322/396/102
f 323/397/98 427/198/97 322/396/102 90/115/70
f 90/115/70 322/396/102 428/199/103 307/373/65
f 322/396/102 101/137/101 324/399/104 428/199/103
f 428/199/103 324/399/104 102/139/105 325/401/106
f 307/373/65 428/199/103 325/401/106 87/108/62
f 87/108/62 325/401/106 429/200/107 327/404/108
f 325/401/106 102/139/105 326/402/109 429/200/107
f 429/200/107 326/402/109 96/127/90 316/388/87
f 327/404/108 429/200/107 316/388/87 95/125/86
f 96/127/90 328/406/110 430/201/111 317/389/91
f 328/406/110 103/142/112 329/408/113 430/201/111
f 430/201/111 329/408/113 104/144/114 330/410/115
f 317/389/91 430/201/111 330/410/115 97/129/92
f 97/129/92 331/411/116 431/202/117 318/390/93
f 331/411/116 100/135/99 320/393/96 431/202/117
f 431/202/117 320/393/96 99/132/95 332/412/118
f 318/390/93 431/202/117 332/412/118 98/130/94
f 104/144/114 333/414/119 432/203/120 330/410/115
f 333/414/119 105/146/121 334/416/122 432/203/120
f 432/203/120 334/416/122 100/135/99 331/411/116
f 330/410/115 432/203/120 331/411/116 97/129/92
f 106/148/123 335/418/124 433/204/125 338/422/126
f 335/418/124 107/149/127 336/419/128 433/204/125
f 433/204/125 336/419/128 108/151/129 337/421/130
f 338/422/126 433/204/125 337/421/130 109/153/131
f 110/154/132 339/423/133 434/205/134 342/426/135
f 339/423/133 111/155/136 340/424/137 434/205/134
f 434/205/134 340/424/137 112/156/138 341/425/139
f 342/426/135 434/205/134 341/425/139 113/157/140
f 114/158/141 343/427/142 435/206/143 345/429/144
f 343/427/142 106/148/123 338/422/126 435/206/143
f 435/206/143 338/422/126 109/153/131 344/428/145
f 345/429/144 435/206/143 344/428/145 115/159/146
f 111/155/136 346/430/147 436/207/148 340/424/137
f 346/430/147 116/160/149 347/431/150 436/207/148
f 436/207/148 347/431/150 117/161/151 348/432/152
f 340/424/137 436/207/148 348/432/152 112/156/138
f 118/162/153 349/433/154 437/208/155 351/435/156
f 349/433/154 114/158/141 345/429/144 437/208/155
f 437/208/155 345/429/144 115/159/146 350/434/157
f 351/435/156 437/208/155 350/434/157 119/163/158
f 116/160/149 352/436/159 438/209/160 347/431/150
f 352/436/159 120/164/161 353/437/162 438/209/160
f 438/209/160 353/437/162 121/165/163 354/438/164
f 347/431/150 438/209/160 354/438/164 117/161/151
f 107/150/127 355/439/165 439/210/166 336/420/128
f 355/439/165 118/162/153 351/435/156 439/210/166
f 439/210/166 351/435/156 119/163/158 356/440/167
f 336/420/128 439/210/166 356/440/167 108/152/129
f 122/166/168 357/441/169 440/211/170 360/444/171
f 357/441/169 123/167/172 358/442/173 440/211/170
f 440/211/170 358/442/173 124/168/174 359/443/175
f 360/444/171 440/211/170 359/443/175 125/169/176
f 126/170/177 361/445/178 441/212/179 363/447/180
f 361/445/178 110/154/132 342/426/135 441/212/179
f 441/212/179 342/426/135 113/157/140 362/446/181
f 363/447/180 441/212/179 362/446/181 127/172/182
f 128/174/183 364/449/184 442/213/185 366/451/186
f 364/449/184 129/175/187 365/450/188 442/213/185
f 442/213/185 365/450/188 82/98/41 291/348/40
f 366/451/186 442/213/185 291/348/40 81/96/39
f 130/176/189 367/452/190 443/214/191 368/453/192
f 367/452/190 128/174/183 366/451/186 443/214/191
f 443/214/191 366/451/186 81/96/39 294/352/45
f 368/453/192 443/214/191 294/352/45 83/101/44
f 120/164/161 369/455/193 444/215/194 353/437/162
f 369/455/193 122/166/168 360/444/171 444/215/194
f 444/215/194 360/444/171 125/169/176 370/456/195
f 353/437/162 444/215/194 370/456/195 121/165/163
f 131/178/196 371/457/197 445/216/198 372/458/199
f 371/457/197 130/177/189 368/454/192 445/216/198
f 445/216/198 368/454/192 83/100/44 296/356/48
f 372/458/199 445/216/198 296/356/48 79/91/33
f 132/179/200 373/459/201 446/217/202 375/461/203
f 373/459/201 133/180/204 374/460/205 446/217/202
f 446/217/202 374/460/205 85/105/54 298/359/53
f 375/461/203 446/217/202 298/359/53 84/103/52
f 133/180/204 376/462/206 447/218/207 374/460/205
f 376/462/206 131/178/196 372/458/199 447/218/207
f 447/218/207 372/458/199 79/91/33 299/361/50
f 374/460/205 447/218/207 299/361/50 85/105/54
f 123/167/172 377/463/208 448/219/209 358/442/173
f 377/463/208 126/171/177 363/448/180 448/219/209
f 448/219/209 363/448/180 127/173/182 378/464/210
f 358/442/173 448/219/209 378/464/210 124/168/174
f 129/175/187 379/465/211 449/220/212 365/450/188
f 379/465/211 134/181/213 380/466/214 449/220/212
f 449/220/212 380/466/214 86/107/61 302/366/60
f 365/450/188 449/220/212 302/366/60 82/98/41
f 134/181/213 381/467/215 450/221/216 380/466/214
f 381/467/215 132/179/200 375/461/203 450/221/216
f 450/221/216 375/461/203 84/103/52 303/368/59
f 380/466/214 450/221/216 303/368/59 86/107/61
f 89/114/68 305/371/67 451/222/217 383/470/218
f 305/371/67 88/112/66 382/468/219 451/222/217
f 451/222/217 382/468/219 107/149/127 335/418/124
f 383/470/218 451/222/217 335/418/124 106/148/123
f 88/111/66 314/385/85 452/223/220 382/469/219
f 314/385/85 93/122/80 384/471/221 452/223/220
f 452/223/220 384/471/221 118/162/153 355/439/165
f 382/469/219 452/223/220 355/439/165 107/150/127
f 93/122/80 311/380/79 453/224/222 384/471/221
f 311/380/79 91/118/74 385/472/223 453/224/222
f 453/224/222 385/472/223 114/158/141 349/433/154
f 384/471/221 453/224/222 349/433/154 118/162/153
f 91/118/74 308/375/73 454/225/224 385/472/223
f 308/375/73 89/114/68 383/470/218 454/225/224
f 454/225/224 383/470/218 106/148/123 343/427/142
f 385/472/223 454/225/224 343/427/142 114/158/141
f 96/128/90 326/403/109 455/226/225 387/475/226
f 326/403/109 102/141/105 386/473/227 455/226/225
f 455/226/225 386/473/227 130/177/189 371/457/197
f 387/475/226 455/226/225 371/457/197 131/178/196
f 102/140/105 324/400/104 456/227/228 386/474/227
f 324/400/104 101/138/101 388/476/229 456/227/228
f 456/227/228 388/476/229 128/174/183 367/452/190
f 386/474/227 456/227/228 367/452/190 130/176/189
f 101/138/101 321/395/100 457/228/230 388/476/229
f 321/395/100 100/136/99 389/477/231 457/228/230
f 457/228/230 389/477/231 129/175/187 364/449/184
f 388/476/229 457/228/230 364/449/184 128/174/183
f 100/136/99 334/417/122 458/229/232 389/477/231
f 334/417/122 105/147/121 390/478/233 458/229/232
f 458/229/232 390/478/233 134/181/213 379/465/211
f 389/477/231 458/229/232 379/465/211 129/175/187
f 105/147/121 333/415/119 459/230/234 390/478/233
f 333/415/119 104/145/114 391/479/235 459/230/234
f 459/230/234 391/479/235 132/179/200 381/467/215
f 390/478/233 459/230/234 381/467/215 134/181/213
f 104/145/114 329/409/113 460/231/236 391/479/235
f 329/409/113 103/143/112 392/480/237 460/231/236
f 460/231/236 392/480/237 133/180/204 373/459/201
f 391/479/235 460/231/236 373/459/201 132/179/200
f 103/143/112 328/407/110 461/232/238 392/480/237
f 328/407/110 96/128/90 387/475/226 461/232/238
f 461/232/238 387/475/226 131/178/196 376/462/206
f 392/480/237 461/232/238 376/462/206 133/180/204
f 115/159/146 344/428/145 462/233/239 394/482/240
f 344/428/145 109/153/131 393/481/241 462/233/239
f 462/233/239 393/481/241 70/73/7 279/329/15
f 394/482/240 462/233/239 279/329/15 73/80/14
f 119/163/158 350/434/157 463/234/242 395/483/243
f 350/434/157 115/159/146 394/482/240 463/234/242
f 463/234/242 394/482/240 73/80/14 282/334/21
f 395/483/243 463/234/242 282/334/21 75/84/20
f 108/152/129 356/440/167 464/235/244 396/484/245
f 356/440/167 119/163/158 395/483/243 464/235/244
f 464/235/244 395/483/243 75/84/20 284/338/24
f 396/484/245 464/235/244 284/338/24 71/76/9
f 109/153/131 337/421/130 465/236/246 393/481/241
f 337/421/130 108/151/129 396/485/245 465/236/246
f 465/236/246 396/485/245 71/75/9 275/323/8
f 393/481/241 465/236/246 275/323/8 70/73/7
f 87/109/62 327/405/108 466/237/247 398/487/248
f 327/405/108 95/126/86 397/486/249 466/237/247
f 466/237/247 397/486/249 122/166/168 369/455/193
f 398/487/248 466/237/247 369/455/193 120/164/161
f 95/126/86 319/392/89 467/238/250 397/486/249
f 319/392/89 98/131/94 399/488/251 467/238/250
f 467/238/250 399/488/251 123/167/172 357/441/169
f 397/486/249 467/238/250 357/441/169 122/166/168
f 98/131/94 332/413/118 468/239/252 399/488/251
f 332/413/118 99/134/95 400/489/253 468/239/252
f 468/239/252 400/489/253 126/171/177 377/463/208
f 399/488/251 468/239/252 377/463/208 123/167/172
f 99/133/95 323/398/98 469/240/254 400/490/253
f 323/398/98 90/116/70 401/491/255 469/240/254
f 469/240/254 401/491/255 110/154/132 361/445/178
f 400/490/253 469/240/254 361/445/178 126/170/177
f 90/116/70 310/378/72 470/241/256 401/491/255
f 310/378/72 92/120/76 402/492/257 470/241/256
f 470/241/256 402/492/257 111/155/136 339/423/133
f 401/491/255 470/241/256 339/423/133 110/154/132
f 92/120/76 313/383/78 471/242/258 402/492/257
f 313/383/78 94/124/82 403/493/259 471/242/258
f 471/242/258 403/493/259 116/160/149 346/430/147
f 402/492/257 471/242/258 346/430/147 111/155/136
f 94/124/82 315/387/84 472/243/260 403/493/259
f 315/387/84 87/109/62 398/487/248 472/243/260
f 472/243/260 398/487/248 120/164/161 352/436/159
f 403/493/259 472/243/260 352/436/159 116/160/149
f 117/161/151 354/438/164 473/244/261 405/495/262
f 354/438/164 121/165/163 404/494/263 473/244/261
f 473/244/261 404/494/263 68/69/1 283/336/22
f 405/495/262 473/244/261 283/336/22 74/82/18
f 112/156/138 348/432/152 474/245/264 406/496/265
f 348/432/152 117/161/151 405/495/262 474/245/264
f 474/245/264 405/495/262 74/82/18 280/331/16
f 406/496/265 474/245/264 280/331/16 72/78/12
f 113/157/140 341/425/139 475/246/266 407/497/267
f 341/425/139 112/156/138 406/496/265 475/246/266
f 475/246/266 406/496/265 72/78/12 277/326/10
f 407/497/267 475/246/266 277/326/10 69/71/5
f 127/172/182 362/446/181 476/247/268 408/498/269
f 362/446/181 113/157/140 407/497/267 476/247/268
f 476/247/268 407/497/267 69/71/5 289/345/35
f 408/498/269 476/247/268 289/345/35 80/94/34
f 124/168/174 378/464/210 477/248/270 409/500/271
f 378/464/210 127/173/182 408/499/269 477/248/270
f 477/248/270 408/499/269 80/93/34 300/363/57
f 409/500/271 477/248/270 300/363/57 77/88/29
f 125/169/176 359/443/175 478/249/272 410/501/273
f 359/443/175 124/168/174 409/500/271 478/249/272
f 478/249/272 409/500/271 77/88/29 285/340/26
f 410/501/273 478/249/272 285/340/26 76/86/25
f 121/165/163 370/456/195 479/250/274 404/494/263
f 370/456/195 125/169/176 410/501/273 479/250/274
f 479/250/274 410/501/273 76/86/25 295/354/46
f 404/494/263 479/250/274 295/354/46 68/69/1
s 17
f 20/20/275 135/502/276 480/251/277 138/505/278
f 135/502/276 23/23/279 136/503/280 480/251/277
f 480/251/277 136/503/280 22/22/281 137/504/282
f 138/505/278 480/251/277 137/504/282 21/21/283
f 21/21/283 137/504/282 481/252/284 141/508/285
f 137/504/282 22/22/281 139/506/286 481/252/284
f 481/252/284 139/506/286 25/25/287 140/507/288
f 141/508/285 481/252/284 140/507/288 24/24/289
f 24/24/289 140/507/288 482/253/290 144/511/291
f 140/507/288 25/25/287 142/509/292 482/253/290
f 482/253/290 142/509/292 27/27/293 143/510/294
f 144/511/291 482/253/290 143/510/294 26/26/295
f 26/26/295 143/510/294 483/254/296 146/513/297
f 143/510/294 27/27/293 145/512/298 483/254/296
f 483/254/296 145/512/298 23/23/279 135/502/276
f 146/513/297 483/254/296 135/502/276 20/20/275
f 28/28/299 147/514/300 484/255/301 150/517/302
f 147/514/300 31/31/303 148/515/304 484/255/301
f 484/255/301 148/515/304 30/30/305 149/516/306
f 150/517/302 484/255/301 149/516/306 29/29/307
f 32/32/308 151/518/309 485/256/310 154/521/311
f 151/518/309 34/34/312 152/519/313 485/256/310
f 485/256/310 152/519/313 33/33/314 153/520/315
f 154/521/311 485/256/310 153/520/315 21/21/283
f 21/21/283 153/520/315 486/257/316 138/505/278
f 153/520/315 33/33/314 155/522/317 486/257/316
f 486/257/316 155/522/317 35/35/318 156/523/319
f 138/505/278 486/257/316 156/523/319 20/20/275
f 20/20/275 156/523/319 487/258/320 158/525/321
f 156/523/319 35/35/318 157/524/322 487/258/320
f 487/258/320 157/524/322 31/31/303 147/514/300
f 158/525/321 487/258/320 147/514/300 28/28/299
f 31/31/303 159/526/323 488/259/324 148/515/304
f 159/526/323 37/37/325 160/527/326 488/259/324
f 488/259/324 160/527/326 36/36/327 161/528/328
f 148/515/304 488/259/324 161/528/328 30/30/305
f 30/30/305 162/529/329 489/260/330 149/516/306
f 162/529/329 34/34/312 151/518/309 489/260/330
f 489/260/330 151/518/309 32/32/308 163/530/331
f 149/516/306 489/260/330 163/530/331 29/29/307
f 36/36/327 164/531/332 490/261/333 161/528/328
f 164/531/332 38/38/334 165/532/335 490/261/333
f 490/261/333 165/532/335 34/34/312 162/529/329
f 161/528/328 490/261/333 162/529/329 30/30/305
f 5/5/336 166/533/337 491/262/338 169/536/339
f 166/533/337 6/6/340 167/534/341 491/262/338
f 491/262/338 167/534/341 8/8/342 168/535/343
f 169/536/339 491/262/338 168/535/343 7/7/344
f 6/6/340 170/537/345 492/263/346 167/534/341
f 170/537/345 4/4/347 171/538/348 492/263/346
f 492/263/346 171/538/348 9/9/349 172/539/350
f 167/534/341 492/263/346 172/539/350 8/8/342
f 4/4/347 173/540/351 493/264/352 171/538/348
f 173/540/351 3/3/353 174/541/354 493/264/352
f 493/264/352 174/541/354 10/10/355 175/542/356
f 171/538/348 493/264/352 175/542/356 9/9/349
f 3/3/353 176/543/357 494/265/358 174/541/354
f 176/543/357 5/5/336 169/536/339 494/265/358
f 494/265/358 169/536/339 7/7/344 177/544/359
f 174/541/354 494/265/358 177/544/359 10/10/355
f 1/1/360 178/545/361 495/266/362 181/548/363
f 178/545/361 17/17/364 179/546/365 495/266/362
f 495/266/362 179/546/365 18/18/366 180/547/367
f 181/548/363 495/266/362 180/547/367 11/11/368
f 2/2/369 182/549/370 496/267/371 185/552/372
f 182/549/370 6/6/340 183/550/373 496/267/371
f 496/267/371 183/550/373 13/13/374 184/551/375
f 185/552/372 496/267/371 184/551/375 12/12/376
f 6/6/340 166/533/337 497/268/377 183/550/373
f 166/533/337 5/5/336 186/553/378 497/268/377
f 497/268/377 186/553/378 14/14/379 187/554/380
f 183/550/373 497/268/377 187/554/380 13/13/374
f 5/5/336 188/555/381 498/269/382 186/553/378
f 188/555/381 1/1/360 181/548/363 498/269/382
f 498/269/382 181/548/363 11/11/368 189/556/383
f 186/553/378 498/269/382 189/556/383 14/14/379
f 11/11/368 180/547/367 499/270/384 192/559/385
f 180/547/367 18/18/366 190/557/386 499/270/384
f 499/270/384 190/557/386 19/19/387 191/558/388
f 192/559/385 499/270/384 191/558/388 15/15/389
f 18/18/366 179/546/365 500/271/390 194/561/391
f 179/546/365 17/17/364 193/560/392 500/271/390
f 500/271/390 193/560/392 2/2/369 185/552/372
f 194/561/391 500/271/390 185/552/372 12/12/376
f 19/19/387 190/557/386 501/272/393 196/563/394
f 190/557/386 18/18/366 194/561/391 501/272/393
f 501/272/393 194/561/391 12/12/376 195/562/395
f 196/563/394 501/272/393 195/562/395 16/16/396
f 39/39/397 197/564/398 502/273/399 200/567/400
f 197/564/398 50/50/401 198/565/402 502/273/399
f 502/273/399 198/565/402 53/53/403 199/566/404
f 200/567/400 502/273/399 199/566/404 40/40/405
f 58/58/406 201/568/407 503/274/408 204/571/409
f 201/568/407 64/64/410 202/569/411 503/274/408
f 503/274/408 202/569/411 63/63/412 203/570/413
f 204/571/409 503/274/408 203/570/413 59/59/414
f 42/42/415 205/572/416 504/275/417 207/574/418
f 205/572/416 51/51/419 206/573/420 504/275/417
f 504/275/417 206/573/420 50/50/401 197/564/398
f 207/574/418 504/275/417 197/564/398 39/39/397
f 59/59/414 203/570/413 505/276/421 210/577/422
f 203/570/413 63/63/412 208/575/423 505/276/421
f 505/276/421 208/575/423 62/62/424 209/576/425
f 210/577/422 505/276/421 209/576/425 60/60/426
f 41/41/427 211/578/428 506/277/429 213/580/430
f 211/578/428 52/52/431 212/579/432 506/277/429
f 506/277/429 212/579/432 51/51/419 205/572/416
f 213/580/430 506/277/429 205/572/416 42/42/415
f 60/60/426 209/576/425 507/278/433 216/583/434
f 209/576/425 62/62/424 214/581/435 507/278/433
f 507/278/433 214/581/435 61/61/436 215/582/437
f 216/583/434 507/278/433 215/582/437 54/54/438
f 40/40/405 199/566/404 508/279/439 218/585/440
f 199/566/404 53/53/403 217/584/441 508/279/439
f 508/279/439 217/584/441 52/52/431 211/578/428
f 218/585/440 508/279/439 211/578/428 41/41/427
f 55/55/442 219/586/443 509/280/444 222/589/445
f 219/586/443 67/67/446 220/587/447 509/280/444
f 509/280/444 220/587/447 66/66/448 221/588/449
f 222/589/445 509/280/444 221/588/449 56/56/450
f 57/57/451 223/590/452 510/281/453 225/592/454
f 223/590/452 65/65/455 224/591/456 510/281/453
f 510/281/453 224/591/456 64/64/410 201/568/407
f 225/592/454 510/281/453 201/568/407 58/58/406
f 45/45/457 226/593/458 511/282/459 228/595/460
f 226/593/458 33/33/314 152/519/313 511/282/459
f 511/282/459 152/519/313 34/34/312 227/594/461
f 228/595/460 511/282/459 227/594/461 46/46/462
f 44/44/463 229/596/464 512/283/465 230/597/466
f 229/596/464 35/35/318 155/522/317 512/283/465
f 512/283/465 155/522/317 33/33/314 226/593/458
f 230/597/466 512/283/465 226/593/458 45/45/457
f 54/54/438 215/582/437 513/284/467 232/599/468
f 215/582/437 61/61/436 231/598/469 513/284/467
f 513/284/467 231/598/469 67/67/446 219/586/443
f 232/599/468 513/284/467 219/586/443 55/55/442
f 43/43/470 233/600/471 514/285/472 234/601/473
f 233/600/471 31/31/303 157/524/322 514/285/472
f 514/285/472 157/524/322 35/35/318 229/596/464
f 234/601/473 514/285/472 229/596/464 44/44/463
f 48/48/474 235/602/475 515/286/476 237/604/477
f 235/602/475 36/36/327 160/527/326 515/286/476
f 515/286/476 160/527/326 37/37/325 236/603/478
f 237/604/477 515/286/476 236/603/478 49/49/479
f 49/49/479 236/603/478 516/287/480 238/605/481
f 236/603/478 37/37/325 159/526/323 516/287/480
f 516/287/480 159/526/323 31/31/303 233/600/471
f 238/605/481 516/287/480 233/600/471 43/43/470
f 56/56/450 221/588/449 517/288/482 240/607/483
f 221/588/449 66/66/448 239/606/484 517/288/482
f 517/288/482 239/606/484 65/65/455 223/590/452
f 240/607/483 517/288/482 223/590/452 57/57/451
f 46/46/462 227/594/461 518/289/485 242/609/486
f 227/594/461 34/34/312 165/532/335 518/289/485
f 518/289/485 165/532/335 38/38/334 241/608/487
f 242/609/486 518/289/485 241/608/487 47/47/488
f 47/47/488 241/608/487 519/290/489 243/610/490
f 241/608/487 38/38/334 164/531/332 519/290/489
f 519/290/489 164/531/332 36/36/327 235/602/475
f 243/610/490 519/290/489 235/602/475 48/48/474
f 8/8/342 244/611/491 520/291/492 168/535/343
f 244/611/491 39/39/397 200/567/400 520/291/492
f 520/291/492 200/567/400 40/40/405 245/612/493
f 168/535/343 520/291/492 245/612/493 7/7/344
f 7/7/344 245/612/493 521/292/494 177/544/359
f 245/612/493 40/40/405 218/585/440 521/292/494
f 521/292/494 218/585/440 41/41/427 246/613/495
f 177/544/359 521/292/494 246/613/495 10/10/355
f 10/10/355 246/613/495 522/293/496 175/542/356
f 246/613/495 41/41/427 213/580/430 522/293/496
f 522/293/496 213/580/430 42/42/415 247/614/497
f 175/542/356 522/293/496 247/614/497 9/9/349
f 9/9/349 247/614/497 523/294/498 172/539/350
f 247/614/497 42/42/415 207/574/418 523/294/498
f 523/294/498 207/574/418 39/39/397 244/611/491
f 172/539/350 523/294/498 244/611/491 8/8/342
f 11/11/368 248/615/499 524/295/500 189/556/383
f 248/615/499 43/43/470 234/601/473 524/295/500
f 524/295/500 234/601/473 44/44/463 249/616/501
f 189/556/383 524/295/500 249/616/501 14/14/379
f 14/14/379 249/616/501 525/296/502 187/554/380
f 249/616/501 44/44/463 230/597/466 525/296/502
f 525/296/502 230/597/466 45/45/457 250/617/503
f 187/554/380 525/296/502 250/617/503 13/13/374
f 13/13/374 250/617/503 526/297/504 184/551/375
f 250/617/503 45/45/457 228/595/460 526/297/504
f 526/297/504 228/595/460 46/46/462 251/618/505
f 184/551/375 526/297/504 251/618/505 12/12/376
f 12/12/376 251/618/505 527/298/506 195/562/395
f 251/618/505 46/46/462 242/609/486 527/298/506
f 527/298/506 242/609/486 47/47/488 252/619/507
f 195/562/395 527/298/506 252/619/507 16/16/396
f 16/16/396 252/619/507 528/299/508 196/563/394
f 252/619/507 47/47/488 243/610/490 528/299/508
f 528/299/508 243/610/490 48/48/474 253/620/509
f 196/563/394 528/299/508 253/620/509 19/19/387
f 19/19/387 253/620/509 529/300/510 191/558/388
f 253/620/509 48/48/474 237/604/477 529/300/510
f 529/300/510 237/604/477 49/49/479 254/621/511
f 191/558/388 529/300/510 254/621/511 15/15/389
f 15/15/389 254/621/511 530/301/512 192/559/385
f 254/621/511 49/49/479 238/605/481 530/301/512
f 530/301/512 238/605/481 43/43/470 248/615/499
f 192/559/385 530/301/512 248/615/499 11/11/368
f 51/51/419 255/622/513 531/302/514 206/573/420
f 255/622/513 25/25/287 139/506/286 531/302/514
f 531/302/514 139/506/286 22/22/281 256/623/515
f 206/573/420 531/302/514 256/623/515 50/50/401
f 52/52/431 257/624/516 532/303/517 212/579/432
f 257/624/516 27/27/293 142/509/292 532/303/517
f 532/303/517 142/509/292 25/25/287 255/622/513
f 212/579/432 532/303/517 255/622/513 51/51/419
f 53/53/403 258/625/518 533/304/519 217/584/441
f 258/625/518 23/23/279 145/512/298 533/304/519
f 533/304/519 145/512/298 27/27/293 257/624/516
f 217/584/441 533/304/519 257/624/516 52/52/431
f 50/50/401 256/623/515 534/305/520 198/565/402
f 256/623/515 22/22/281 136/503/280 534/305/520
f 534/305/520 136/503/280 23/23/279 258/625/518
f 198/565/402 534/305/520 258/625/518 53/53/403
f 5/5/336 259/626/521 535/306/522 188/555/381
f 259/626/521 54/54/438 232/599/468 535/306/522
f 535/306/522 232/599/468 55/55/442 260/627/523
f 188/555/381 535/306/522 260/627/523 1/1/360
f 1/1/360 260/627/523 536/307/524 178/545/361
f 260/627/523 55/55/442 222/589/445 536/307/524
f 536/307/524 222/589/445 56/56/450 261/628/525
f 178/545/361 536/307/524 261/628/525 17/17/364
f 17/17/364 261/628/525 537/308/526 193/560/392
f 261/628/525 56/56/450 240/607/483 537/308/526
f 537/308/526 240/607/483 57/57/451 262/629/527
f 193/560/392 537/308/526 262/629/527 2/2/369
f 2/2/369 262/629/527 538/309/528 182/549/370
f 262/629/527 57/57/451 225/592/454 538/309/528
f 538/309/528 225/592/454 58/58/406 263/630/529
f 182/549/370 538/309/528 263/630/529 6/6/340
f 6/6/340 263/630/529 539/310/530 170/537/345
f 263/630/529 58/58/406 204/571/409 539/310/530
f 539/310/530 204/571/409 59/59/414 264/631/531
f 170/537/345 539/310/530 264/631/531 4/4/347
f 4/4/347 264/631/531 540/311/532 173/540/351
f 264/631/531 59/59/414 210/577/422 540/311/532
f 540/311/532 210/577/422 60/60/426 265/632/533
f 173/540/351 540/311/532 265/632/533 3/3/353
f 3/3/353 265/632/533 541/312/534 176/543/357
f 265/632/533 60/60/426 216/583/434 541/312/534
f 541/312/534 216/583/434 54/54/438 259/626/521
f 176/543/357 541/312/534 259/626/521 5/5/336
f 62/62/424 266/633/535 542/313/536 214/581/435
f 266/633/535 26/26/295 146/513/297 542/313/536
f 542/313/536 146/513/297 20/20/275 267/634/537
f 214/581/435 542/313/536 267/634/537 61/61/436
f 63/63/412 268/635/538 543/314/539 208/575/423
f 268/635/538 24/24/289 144/511/291 543/314/539
f 543/314/539 144/511/291 26/26/295 266/633/535
f 208/575/423 543/314/539 266/633/535 62/62/424
f 64/64/410 269/636/540 544/315/541 202/569/411
f 269/636/540 21/21/283 141/508/285 544/315/541
f 544/315/541 141/508/285 24/24/289 268/635/538
f 202/569/411 544/315/541 268/635/538 63/63/412
f 65/65/455 270/637/542 545/316/543 224/591/456
f 270/637/542 32/32/308 154/521/311 545/316/543
f 545/316/543 154/521/311 21/21/283 269/636/540
f 224/591/456 545/316/543 269/636/540 64/64/410
f 66/66/448 271/638/544 546/317/545 239/606/484
f 271/638/544 29/29/307 163/530/331 546/317/545
f 546/317/545 163/530/331 32/32/308 270/637/542
f 239/606/484 546/317/545 270/637/542 65/65/455
f 67/67/446 272/639/546 547/318/547 220/587/447
f 272/639/546 28/28/299 150/517/302 547/318/547
f 547/318/547 150/517/302 29/29/307 271/638/544
f 220/587/447 547/318/547 271/638/544 66/66/448
f 61/61/436 267/634/537 548/319/548 231/598/469
f 267/634/537 20/20/275 158/525/321 548/319/548
f 548/319/548 158/525/321 28/28/299 272/639/546
f 231/598/469 548/319/548 272/639/546 67/67/446
g body:default1
v 2.485418 1.689331 -0.787816
v 2.113482 1.689329 -1.493628
v 1.534178 1.689328 -2.053764
v 0.804210 1.689326 -2.413394
v -0.004966 1.689326 -2.537315
v -0.814143 1.689326 -2.413394
v -1.544110 1.689328 -2.053764
v -2.123415 1.689329 -1.493627
v -2.495350 1.689331 -0.787816
v -2.623510 1.689332 -0.005419
v -2.495350 1.689331 0.776978
v -2.123414 1.689329 1.482789
v -1.544110 1.689328 2.042924
v -0.814142 1.689326 2.402555
v -0.004966 1.689326 2.526475
v 0.804210 1.689326 2.402555
v 1.534177 1.689328 2.042924
v 2.113481 1.689329 1.482789
v 2.485416 1.689331 0.776978
v 2.613577 1.689332 -0.005419
v 2.935846 15.247518 -0.922612
v 2.497309 15.247520 -1.754857
v 1.814338 15.247522 -2.415264
v 0.953827 15.247524 -2.839227
v 0.000000 15.247525 -2.985307
v -0.953827 15.247524 -2.839227
v -1.814336 15.247522 -2.415263
v -2.497310 15.247520 -1.754857
v -2.935848 15.247518 -0.922611
v -3.086970 15.247517 0.000000
v -2.935848 15.247518 0.922612
v -2.497310 15.247520 1.754857
v -1.814338 15.247522 2.415262
v -0.953828 15.247524 2.839227
v -0.000000 15.247525 2.985307
v 0.953826 15.247524 2.839227
v 1.814335 15.247522 2.415263
v 2.497309 15.247520 1.754857
v 2.935849 15.247518 0.922612
v 3.086967 15.247517 0.000000
v 3.545811 14.048377 -1.113988
v 3.016248 14.048377 -2.118930
v 2.191432 14.048377 -2.916458
v 1.152104 14.048377 -3.428501
v 0.000000 14.048377 -3.604939
v -1.152104 14.048377 -3.428501
v -2.191432 14.048377 -2.916457
v -3.016247 14.048377 -2.118930
v -3.545810 14.048377 -1.113988
v -3.728286 14.048377 0.000000
v -3.545810 14.048377 1.113988
v -3.016248 14.048377 2.118930
v -2.191431 14.048377 2.916456
v -1.152103 14.048377 3.428500
v -0.000000 14.048377 3.604939
v 1.152103 14.048377 3.428500
v 2.191430 14.048377 2.916456
v 3.016246 14.048377 2.118930
v 3.545810 14.048377 1.113988
v 3.728285 14.048377 0.000000
v 3.557970 2.603552 -1.117808
v 3.026590 2.603552 -2.126196
v 2.198946 2.603552 -2.926459
v 1.156054 2.603552 -3.440260
v -0.000000 2.603552 -3.617301
v -1.156054 2.603552 -3.440257
v -2.198946 2.603552 -2.926457
v -3.026590 2.603552 -2.126195
v -3.557968 2.603552 -1.117807
v -3.741069 2.603552 -0.000000
v -3.557968 2.603552 1.117808
v -3.026589 2.603552 2.126196
v -2.198946 2.603552 2.926457
v -1.156054 2.603552 3.440257
v -0.000000 2.603552 3.617301
v 1.156054 2.603552 3.440257
v 2.198945 2.603552 2.926456
v 3.026588 2.603552 2.126196
v 3.557967 2.603552 1.117808
v 3.741069 2.603552 0.000000
v -0.045461 2.440775 -0.062945
v -0.046874 2.440758 -0.065590
v -0.049087 2.440739 -0.067700
v -0.051890 2.440723 -0.069062
v -0.055008 2.440715 -0.069533
v -0.058125 2.440723 -0.069062
v -0.060928 2.440739 -0.067700
v -0.063141 2.440758 -0.065590
v -0.064554 2.440775 -0.062945
v -0.065039 2.440783 -0.060025
v -0.064554 2.440775 -0.057105
v -0.063141 2.440758 -0.054460
v -0.060928 2.440739 -0.052350
v -0.058125 2.440723 -0.050988
v -0.055008 2.440715 -0.050517
v -0.051890 2.440723 -0.050988
v -0.049087 2.440739 -0.052350
v -0.046874 2.440758 -0.054460
v -0.045461 2.440775 -0.057105
v -0.044976 2.440783 -0.060025
v 2.829908 15.812190 -0.889256
v 2.407177 15.812192 -1.691399
v 1.748841 15.812198 -2.327901
v 0.919387 15.812200 -2.736511
v -0.000000 15.812201 -2.877300
v -0.919387 15.812200 -2.736511
v -1.748839 15.812198 -2.327901
v -2.407178 15.812194 -1.691397
v -2.829909 15.812190 -0.889255
v -2.975586 15.812189 0.000000
v -2.829909 15.812190 0.889255
v -2.407178 15.812192 1.691398
v -1.748841 15.812198 2.327900
v -0.919388 15.812200 2.736510
v -0.000000 15.812201 2.877298
v 0.919387 15.812200 2.736510
v 1.748838 15.812198 2.327901
v 2.407177 15.812192 1.691398
v 2.829911 15.812190 0.889255
v 2.975583 15.812188 -0.000000
v 3.056765 15.500426 -0.965280
v 2.598831 15.500462 -1.835022
v 2.592822 15.881677 -1.830472
v 3.049682 15.881643 -0.962882
v 1.886920 15.500504 -2.523936
v 1.882568 15.881723 -2.517694
v 0.991494 15.500539 -2.965429
v 0.989212 15.881758 -2.958109
v -0.000000 15.500552 -3.117386
v -0.000000 15.881773 -3.109698
v -0.991494 15.500539 -2.965429
v -0.989212 15.881758 -2.958109
v -1.886919 15.500504 -2.523937
v -1.882566 15.881723 -2.517695
v -2.598832 15.500462 -1.835021
v -2.592823 15.881678 -1.830471
v -3.056767 15.500426 -0.965280
v -3.049684 15.881642 -0.962882
v -3.214749 15.500412 0.000000
v -3.207295 15.881628 0.000000
v -3.056767 15.500426 0.965281
v -3.049684 15.881642 0.962883
v -2.598833 15.500462 1.835021
v -2.592823 15.881677 1.830472
v -1.886920 15.500504 2.523936
v -1.882568 15.881723 2.517694
v -0.991495 15.500539 2.965429
v -0.989212 15.881758 2.958108
v -0.000000 15.500552 3.117386
v -0.000000 15.881773 3.109697
v 0.991493 15.500539 2.965429
v 0.989211 15.881758 2.958109
v 1.886917 15.500504 2.523937
v 1.882565 15.881723 2.517694
v 2.598832 15.500462 1.835022
v 2.592822 15.881678 1.830472
v 3.056768 15.500426 0.965280
v 3.049685 15.881642 0.962882
v 3.214747 15.500412 -0.000000
v 3.207292 15.881627 -0.000000
v 2.643665 15.503858 -0.828883
v 2.257814 15.503717 -1.588485
v 1.657720 15.503009 -2.219363
v 0.886947 15.503723 -2.657163
v -0.004001 15.503776 -2.807534
v -0.901295 15.503322 -2.647107
v -1.662016 15.503774 -2.216821
v -2.253805 15.503863 -1.589227
v -2.636982 15.503860 -0.833636
v -2.779617 15.503858 -0.001337
v -2.672336 15.503859 0.851462
v -2.310995 15.503860 1.633345
v -1.706443 15.503863 2.276108
v -0.902842 15.503866 2.691030
v 0.000297 15.503866 2.833249
v 0.905068 15.503866 2.688059
v 1.710599 15.503864 2.279524
v 2.319907 15.503861 1.636762
v 2.682289 15.503859 0.852204
v 2.786299 15.503858 -0.003862
v 3.649513 3.150850 -1.146568
v 3.837323 3.150850 0.000000
v 3.649511 3.150850 1.146568
v 3.104460 3.150850 2.180901
v 2.255522 3.150850 3.001752
v 1.185798 3.150850 3.528772
v 0.000000 3.150850 3.710371
v -1.185798 3.150850 3.528772
v -2.255522 3.150850 3.001753
v -3.104461 3.150850 2.180901
v -3.649512 3.150850 1.146568
v -3.837324 3.150850 -0.000000
v -3.649512 3.150850 -1.146568
v -3.104461 3.150850 -2.180901
v -2.255523 3.150850 -3.001753
v -1.185799 3.150850 -3.528772
v 0.000000 3.150850 -3.710371
v 1.185799 3.150850 -3.528775
v 2.255523 3.150850 -3.001754
v 3.104462 3.150850 -2.180901
v 3.649513 13.486176 -1.146568
v 3.837323 13.486176 -0.000000
v 3.649511 13.486176 1.146568
v 3.104460 13.486176 2.180901
v 2.255522 13.486176 3.001752
v 1.185798 13.486176 3.528771
v 0.000000 13.486176 3.710371
v -1.185798 13.486176 3.528771
v -2.255522 13.486176 3.001752
v -3.104461 13.486176 2.180901
v -3.649512 13.486176 1.146568
v -3.837324 13.486176 0.000000
v -3.649512 13.486176 -1.146568
v -3.104461 13.486176 -2.180901
v -2.255523 13.486176 -3.001753
v -1.185799 13.486176 -3.528772
v -0.000000 13.486176 -3.710371
v 1.185799 13.486176 -3.528772
v 2.255523 13.486176 -3.001754
v 3.104462 13.486176 -2.180901
v 3.649513 12.342729 -1.146568
v 3.104462 12.342729 -2.180902
v 2.255523 12.342729 -3.001754
v 1.185799 12.342729 -3.528772
v -0.000000 12.342729 -3.710371
v -1.185799 12.342729 -3.528772
v -2.255523 12.342729 -3.001753
v -3.104461 12.342729 -2.180901
v -3.649512 12.342729 -1.146568
v -3.837324 12.342729 0.000000
v -3.649512 12.342729 1.146568
v -3.104461 12.342729 2.180901
v -2.255522 12.342729 3.001752
v -1.185798 12.342729 3.528772
v 0.000000 12.342729 3.710371
v 1.185798 12.342729 3.528771
v 2.255522 12.342729 3.001752
v 3.104460 12.342729 2.180901
v 3.649512 12.342729 1.146568
v 3.837323 12.342729 -0.000000
v 3.649513 7.691405 -1.146568
v 3.104462 7.691405 -2.180901
v 2.255523 7.691405 -3.001755
v 1.185799 7.691405 -3.528775
v 0.000000 7.691405 -3.710371
v -1.185799 7.691405 -3.528772
v -2.255523 7.691405 -3.001753
v -3.104461 7.691405 -2.180901
v -3.649512 7.691405 -1.146568
v -3.837324 7.691405 -0.000000
v -3.649512 7.691405 1.146568
v -3.104461 7.691405 2.180901
v -2.255522 7.691405 3.001753
v -1.185798 7.691405 3.528772
v -0.000000 7.691405 3.710371
v 1.185798 7.691405 3.528772
v 2.255522 7.691405 3.001752
v 3.104460 7.691405 2.180901
v 3.649512 7.691405 1.146568
v 3.837323 7.691405 0.000000
v 3.649513 10.100725 -1.146568
v 3.837323 10.100725 0.000000
v 3.649512 10.100725 1.146568
v 3.104460 10.100725 2.180901
v 2.255522 10.100725 3.001752
v 1.185798 10.100725 3.528772
v 0.000000 10.100725 3.710371
v -1.185798 10.100725 3.528772
v -2.255522 10.100725 3.001753
v -3.104461 10.100725 2.180901
v -3.649512 10.100725 1.146568
v -3.837324 10.100725 -0.000000
v -3.649512 10.100725 -1.146568
v -3.104461 10.100725 -2.180901
v -2.255523 10.100725 -3.001753
v -1.185799 10.100725 -3.528772
v 0.000000 10.100725 -3.710371
v 1.185799 10.100725 -3.528774
v 2.255523 10.100725 -3.001754
v 3.104462 10.100725 -2.180901
v 3.649513 5.282086 -1.146568
v 3.104462 5.282086 -2.180901
v 2.255523 5.282086 -3.001755
v 1.185799 5.282086 -3.528775
v 0.000000 5.282086 -3.710371
v -1.185799 5.282086 -3.528772
v -2.255523 5.282086 -3.001753
v -3.104461 5.282086 -2.180901
v -3.649512 5.282086 -1.146568
v -3.837324 5.282086 -0.000000
v -3.649512 5.282086 1.146568
v -3.104461 5.282086 2.180901
v -2.255522 5.282086 3.001753
v -1.185798 5.282086 3.528772
v -0.000000 5.282086 3.710371
v 1.185798 5.282086 3.528772
v 2.255522 5.282086 3.001752
v 3.104460 5.282086 2.180901
v 3.649512 5.282086 1.146568
v 3.837323 5.282086 0.000000
v 2.816025 15.651324 -0.884618
v 2.395464 15.651324 -1.682650
v 1.740417 15.651326 -2.315979
v 0.914994 15.651326 -2.722608
v 0.000010 15.651237 -2.862708
v -0.914934 15.650783 -2.722505
v -1.740404 15.651235 -2.315963
v -2.395466 15.651325 -1.682649
v -2.816028 15.651324 -0.884618
v -2.960943 15.651325 0.000000
v -2.816028 15.651324 0.884618
v -2.395466 15.651324 1.682649
v -1.740416 15.651326 2.315979
v -0.914995 15.651326 2.722607
v -0.000000 15.651328 2.862724
v 0.914993 15.651328 2.722607
v 1.740413 15.651325 2.315979
v 2.395465 15.651324 1.682649
v 2.816028 15.651324 0.884618
v 2.960941 15.651324 -0.000000
v 2.818080 15.567551 -0.885314
v 2.963103 15.567551 -0.000000
v 2.818083 15.567551 0.885314
v 2.397208 15.567551 1.683969
v 1.741675 15.567555 2.317790
v 0.915655 15.567557 2.724730
v -0.000000 15.567558 2.864953
v -0.915657 15.567556 2.724730
v -1.741678 15.567554 2.317790
v -2.397209 15.567551 1.683970
v -2.818082 15.567551 0.885314
v -2.963106 15.567551 0.000000
v -2.818082 15.567551 -0.885314
v -2.397209 15.567554 -1.683969
v -1.741616 15.567010 -2.317687
v -0.915296 15.564288 -2.724112
v 0.000060 15.567013 -2.864851
v 0.915656 15.567556 -2.724731
v 1.741679 15.567554 -2.317790
v 2.397208 15.567551 -1.683970
v 2.911038 15.442484 -0.916463
v 2.475738 15.442498 -1.742813
v 1.798253 15.442515 -2.398103
v 0.945198 15.442528 -2.818509
v -0.000000 15.442532 -2.963308
v -0.945198 15.442527 -2.818509
v -1.798252 15.442514 -2.398102
v -2.475739 15.442498 -1.742812
v -2.911041 15.442483 -0.916462
v -3.061109 15.442478 0.000000
v -2.911040 15.442484 0.916463
v -2.475739 15.442498 1.742812
v -1.798253 15.442515 2.398101
v -0.945199 15.442528 2.818509
v -0.000000 15.442532 2.963306
v 0.945198 15.442527 2.818508
v 1.798250 15.442514 2.398102
v 2.475738 15.442498 1.742813
v 2.911042 15.442483 0.916463
v 3.061105 15.442478 0.000000
v 2.988110 1.910471 -0.938774
v 2.541838 1.910470 -1.785656
v 1.846754 1.910470 -2.457744
v 0.970896 1.910470 -2.889252
v -0.000000 1.910470 -3.037939
v -0.970896 1.910470 -2.889251
v -1.846754 1.910470 -2.457744
v -2.541837 1.910470 -1.785655
v -2.988109 1.910470 -0.938774
v -3.141884 1.910470 0.000000
v -2.988109 1.910470 0.938775
v -2.541838 1.910470 1.785655
v -1.846753 1.910470 2.457743
v -0.970896 1.910470 2.889251
v -0.000000 1.910470 3.037939
v 0.970895 1.910470 2.889251
v 1.846753 1.910470 2.457743
v 2.541837 1.910470 1.785655
v 2.988108 1.910470 0.938775
v 3.141883 1.910470 0.000000
v 0.880954 2.164478 -0.328257
v 0.928173 2.164484 -0.040019
v 0.880953 2.164478 0.248219
v 0.743915 2.164466 0.508250
v 0.530465 2.164454 0.714619
v 0.261492 2.164444 0.847121
v -0.036674 2.164439 0.892779
v -0.334839 2.164444 0.847121
v -0.603812 2.164454 0.714619
v -0.817263 2.164466 0.508250
v -0.954301 2.164478 0.248219
v -1.001520 2.164484 -0.040019
v -0.954301 2.164478 -0.328257
v -0.817263 2.164466 -0.588287
v -0.603812 2.164454 -0.794657
v -0.334839 2.164444 -0.927159
v -0.036674 2.164439 -0.972817
v 0.261492 2.164444 -0.927159
v 0.530465 2.164454 -0.794657
v 0.743915 2.164466 -0.588287
v 1.410931 15.473773 -1.010651
v 1.145456 15.467738 -1.621789
v 0.711876 15.473247 -2.242957
v -0.027759 15.474360 -2.453850
v -0.812697 15.474354 -2.173295
v -1.178992 15.474350 -1.603640
v -1.386457 15.474351 -1.015356
v -1.542275 15.474352 -0.520839
v -1.670187 15.474354 -0.009610
v -1.789813 15.474356 0.645155
v -1.786904 15.474355 1.323816
v -1.490123 15.474354 2.018259
v -0.823429 15.474353 2.479884
v 0.001926 15.474355 2.633710
v 0.838681 15.474350 2.459210
v 1.518813 15.474343 2.042437
v 1.848861 15.474337 1.348063
v 1.859145 15.474333 0.650635
v 1.716801 15.474339 -0.027106
v 1.588533 15.474439 -0.487549
v 2.508231 15.858937 -1.767100
v 2.949541 15.858918 -0.929333
v 3.101713 15.858910 -0.000000
v 2.949543 15.858918 0.929332
v 2.508231 15.858937 1.767100
v 1.821630 15.858965 2.431211
v 0.957394 15.858985 2.857131
v -0.000000 15.858994 3.003797
v -0.957395 15.858985 2.857131
v -1.821633 15.858965 2.431210
v -2.508232 15.858937 1.767100
v -2.949543 15.858918 0.929333
v -3.101715 15.858911 0.000000
v -2.949542 15.858919 -0.929332
v -2.508231 15.858939 -1.767099
v -1.821631 15.858966 -2.431210
v -0.957395 15.858985 -2.857131
v -0.000000 15.858994 -3.003798
v 0.957395 15.858985 -2.857131
v 1.821633 15.858965 -2.431211
v 2.969473 15.443731 -0.936039
v 3.122714 15.443723 0.000000
v 2.969476 15.443731 0.936039
v 2.525099 15.443753 1.779791
v 1.833807 15.443781 2.448567
v 0.963763 15.443802 2.877432
v -0.000000 15.443810 3.025102
v -0.963765 15.443803 2.877432
v -1.833810 15.443781 2.448567
v -2.525100 15.443754 1.779791
v -2.969475 15.443731 0.936039
v -3.122716 15.443723 0.000000
v -2.969475 15.443731 -0.936039
v -2.525100 15.443753 -1.779790
v -1.833808 15.443781 -2.448567
v -0.963764 15.443802 -2.877432
v -0.000000 15.443810 -3.025102
v 0.963764 15.443803 -2.877432
v 1.833810 15.443781 -2.448567
v 2.525098 15.443754 -1.779791
v 2.605297 15.829664 -1.839825
v 1.891558 15.829714 -2.530463
v 0.993907 15.829750 -2.973022
v -0.000000 15.829765 -3.125340
v -0.993907 15.829750 -2.973022
v -1.891557 15.829714 -2.530463
v -2.605298 15.829667 -1.839824
v -3.064449 15.829629 -0.967832
v -3.222858 15.829615 0.000000
v -3.064448 15.829629 0.967833
v -2.605298 15.829664 1.839825
v -1.891558 15.829714 2.530463
v -0.993908 15.829750 2.973022
v -0.000000 15.829765 3.125339
v 0.993907 15.829750 2.973022
v 1.891555 15.829714 2.530463
v 2.605298 15.829665 1.839824
v 3.064450 15.829629 0.967831
v 3.222856 15.829615 -0.000000
v 3.064447 15.829630 -0.967832
v 2.815065 15.690489 -0.884293
v 2.394649 15.690489 -1.682033
v 1.739826 15.690490 -2.315133
v 0.914684 15.690491 -2.721615
v -0.000000 15.690491 -2.861682
v -0.914684 15.690491 -2.721615
v -1.739824 15.690490 -2.315133
v -2.394650 15.690490 -1.682031
v -2.815067 15.690489 -0.884293
v -2.959932 15.690489 0.000000
v -2.815067 15.690489 0.884293
v -2.394651 15.690489 1.682033
v -1.739825 15.690490 2.315133
v -0.914685 15.690491 2.721615
v -0.000000 15.690491 2.861681
v 0.914684 15.690491 2.721615
v 1.739822 15.690490 2.315133
v 2.394650 15.690489 1.682032
v 2.815068 15.690489 0.884293
v 2.959930 15.690488 -0.000000
v 2.770695 1.654849 -0.870469
v 2.356893 1.654849 -1.655731
v 1.712383 1.654849 -2.278918
v 0.900253 1.654849 -2.679028
v -0.000000 1.654849 -2.816897
v -0.900253 1.654849 -2.679028
v -1.712383 1.654849 -2.278917
v -2.356892 1.654849 -1.655730
v -2.770693 1.654849 -0.870468
v -2.913278 1.654849 0.000000
v -2.770693 1.654849 0.870469
v -2.356892 1.654849 1.655730
v -1.712382 1.654849 2.278917
v -0.900253 1.654849 2.679028
v -0.000000 1.654849 2.816897
v 0.900253 1.654849 2.679027
v 1.712382 1.654849 2.278917
v 2.356891 1.654849 1.655730
v 2.770692 1.654849 0.870469
v 2.913278 1.654849 0.000000
v 1.234805 15.360442 -0.909524
v 1.024825 15.356035 -1.486289
v 0.681209 15.358182 -2.160392
v -0.028222 15.358579 -2.386998
v -0.795653 15.358526 -2.087831
v -1.098908 15.358564 -1.496256
v -1.245075 15.358669 -0.915569
v -1.364504 15.358780 -0.465654
v -1.490405 15.358835 -0.008884
v -1.647161 15.358809 0.611843
v -1.702529 15.358709 1.272565
v -1.455730 15.358599 1.975229
v -0.811411 15.358525 2.444927
v 0.000640 15.358497 2.601245
v 0.825275 15.358488 2.422690
v 1.484075 15.358484 2.005570
v 1.768656 15.358496 1.303716
v 1.722700 15.358553 0.621093
v 1.541774 15.358659 -0.026880
v 1.411679 15.359120 -0.427560
v 1.250829 15.405214 -0.918531
v 1.040666 15.393496 -1.522407
v 0.683038 15.401724 -2.175641
v -0.029703 15.403432 -2.397288
v -0.798004 15.403399 -2.096913
v -1.100647 15.403421 -1.503738
v -1.245897 15.403486 -0.921607
v -1.364894 15.403552 -0.470501
v -1.490839 15.403586 -0.012598
v -1.648192 15.403570 0.609611
v -1.704313 15.403511 1.271787
v -1.457658 15.403441 1.975870
v -0.812394 15.403400 2.446296
v 0.001226 15.403381 2.602673
v 0.827632 15.403377 2.423461
v 1.487756 15.403369 2.005185
v 1.772359 15.403373 1.301620
v 1.725275 15.403407 0.617684
v 1.542988 15.403471 -0.031428
v 1.414355 15.404110 -0.432354
v -0.022061 15.364893 -1.792338
v -0.684725 15.364766 -1.545891
v -0.960928 15.364795 -1.059501
v -1.105846 15.364880 -0.586851
v -1.236988 15.364974 -0.226393
v -1.362507 15.365022 0.166178
v -1.507128 15.365001 0.712948
v -1.547254 15.364916 1.310953
v -1.303545 15.364824 1.935028
v -0.714323 15.364767 2.345145
v 0.003244 15.364744 2.481901
v 0.730433 15.364733 2.326115
v 1.324876 15.364719 1.963359
v 1.602411 15.364722 1.339831
v 1.568158 15.364767 0.715767
v 1.402700 15.364861 0.145102
v 1.266514 15.365228 -0.187710
v 1.083882 15.366372 -0.571740
v 0.889822 15.363836 -1.040205
v 0.586830 15.365134 -1.595202
v 0.666356 15.354937 -2.073997
v -0.027095 15.354967 -2.301315
v -0.778257 15.354886 -2.009845
v -1.076023 15.354926 -1.431270
v -1.220035 15.355032 -0.862953
v -1.337480 15.355143 -0.422135
v -1.460745 15.355200 0.025528
v -1.613626 15.355172 0.633374
v -1.666963 15.355073 1.280170
v -1.424704 15.354960 1.967694
v -0.793827 15.354887 2.427271
v 0.001033 15.354859 2.580253
v 0.808166 15.354849 2.405615
v 1.453147 15.354844 1.997473
v 1.732308 15.354854 1.310777
v 1.688216 15.354912 0.642560
v 1.511811 15.355019 0.008047
v 1.384268 15.355428 -0.384902
v 1.209086 15.356705 -0.856467
v 1.002649 15.353786 -1.415831
v 0.350358 15.408117 0.772569
v 0.494203 15.409004 0.783947
v 0.744695 15.408463 0.708660
v 0.951386 15.408283 0.733134
v 1.080801 15.408255 1.011514
v 1.067754 15.408267 1.467768
v 0.763019 15.408311 1.814165
v 0.378687 15.408351 1.964809
v 0.013316 15.408370 2.033642
v -0.356382 15.408366 1.971527
v -0.786555 15.408354 1.789800
v -1.070061 15.408352 1.444404
v -1.095992 15.408355 1.045434
v -0.975034 15.408352 0.778556
v -0.818081 15.408346 0.655435
v -0.590871 15.408339 0.716149
v -0.425019 15.408346 0.734405
v -0.240183 15.408373 0.713841
v 0.001758 15.408621 0.686094
v 0.209409 15.409611 0.702920
v 0.138286 15.383591 1.116292
v 0.008032 15.382497 1.125868
v 0.019486 15.400906 1.262137
v 0.087790 15.402748 1.281971
v 0.112947 15.392478 1.200212
v 0.276906 15.400460 1.352727
v 0.218798 15.400610 1.322628
v 0.311810 15.400367 1.402609
v 0.317886 15.400373 1.485335
v 0.289129 15.400438 1.587674
v 0.209657 15.400527 1.663859
v 0.114896 15.400601 1.703045
v 0.020404 15.400626 1.718352
v -0.075123 15.400600 1.703610
v -0.176629 15.400528 1.661008
v -0.253505 15.400444 1.585324
v -0.284424 15.400385 1.490657
v -0.279012 15.400364 1.408370
v -0.250117 15.400393 1.344142
v -0.194016 15.400476 1.311944
v -0.132082 15.400585 1.286000
v -0.059340 15.400681 1.268518
v 0.157801 15.400725 1.291357
v 0.245296 15.381995 1.108433
v 0.371698 15.382311 1.056072
v 0.604291 15.381848 0.929544
v 0.795814 15.381661 0.912797
v 0.902071 15.381643 1.121071
v 0.879908 15.381694 1.502241
v 0.603448 15.381801 1.769556
v 0.290477 15.381897 1.873363
v 0.015717 15.381927 1.922055
v -0.264843 15.381896 1.877556
v -0.625339 15.381820 1.748978
v -0.885041 15.381744 1.482725
v -0.921207 15.381709 1.156106
v -0.820304 15.381703 0.955783
v -0.677857 15.381750 0.880304
v -0.461930 15.381838 0.988820
v -0.307757 15.381950 1.071444
v -0.151450 15.382072 1.118250
v 0.146758 15.392592 1.086553
v 0.005823 15.391526 1.100165
v -0.166727 15.391242 1.091554
v -0.336805 15.391146 1.034305
v -0.506304 15.391064 0.933918
v -0.749108 15.391003 0.802390
v -0.910780 15.390967 0.880118
v -1.027700 15.390973 1.100313
v -0.990713 15.390998 1.465895
v -0.700506 15.391052 1.764366
v -0.296718 15.391111 1.907622
v 0.014951 15.391134 1.957185
v 0.320008 15.391109 1.902864
v 0.669470 15.391025 1.787963
v 0.978805 15.390937 1.488302
v 0.999808 15.390895 1.060309
v 0.876660 15.390920 0.830827
v 0.658735 15.391101 0.858292
v 0.396986 15.391592 1.010566
v 0.260879 15.391016 1.075422
v 0.146854 15.406895 1.084786
v 0.005751 15.405802 1.098170
v -0.166641 15.405528 1.089630
v -0.336535 15.405468 1.032698
v -0.505980 15.405419 0.932699
v -0.749063 15.405390 0.801683
v -0.911084 15.405375 0.879845
v -1.028123 15.405381 1.100272
v -0.991195 15.405398 1.466211
v -0.700952 15.405432 1.765212
v -0.297014 15.405467 1.908873
v 0.014969 15.405480 1.958558
v 0.320321 15.405460 1.904162
v 0.669924 15.405399 1.788883
v 0.979310 15.405334 1.488651
v 1.000241 15.405304 1.060249
v 0.876869 15.405324 0.830437
v 0.658595 15.405485 0.857451
v 0.396758 15.405949 1.009308
v 0.260962 15.405348 1.073917
v 0.021508 15.404134 1.308385
v 0.077829 15.404072 1.315802
v 0.173616 15.403987 1.381891
v 0.198825 15.403891 1.430826
v 0.206385 15.403811 1.484036
v 0.197081 15.403827 1.538155
v 0.170903 15.403890 1.587043
v 0.129797 15.403976 1.625974
v 0.078153 15.404045 1.651035
v 0.021067 15.404071 1.659616
v -0.036258 15.404044 1.650919
v -0.087839 15.403973 1.625915
v -0.128664 15.403887 1.587321
v -0.154949 15.403826 1.538317
v -0.164084 15.403803 1.483595
v -0.155352 15.403828 1.429161
v -0.129591 15.403910 1.380623
v -0.088638 15.404016 1.342056
v -0.036542 15.404109 1.317211
v 0.130228 15.404004 1.341047
v 0.023963 15.404335 1.482387
v 0.029183 15.404272 1.482319
v 0.035755 15.404186 1.485934
v 0.034227 15.404093 1.483930
v 0.033055 15.404015 1.482640
v 0.032932 15.404027 1.482932
v 0.032495 15.404093 1.482902
v 0.030137 15.404178 1.483954
v 0.025750 15.404247 1.485486
v 0.020241 15.404272 1.485918
v 0.014497 15.404246 1.484833
v 0.010259 15.404173 1.482773
v 0.008500 15.404089 1.481555
v 0.008532 15.404026 1.481635
v 0.008944 15.404003 1.482194
v 0.008965 15.404031 1.483249
v 0.008772 15.404112 1.484581
v 0.010479 15.404217 1.484370
v 0.015570 15.404310 1.483033
v 0.032769 15.404204 1.484303
g default
v 2.397981 15.530408 1.684554
v 2.043686 15.503862 1.981952
v 1.742235 15.530411 2.318593
v 1.326712 15.503865 2.515507
v 0.915948 15.530412 2.725672
v 0.458712 15.503866 2.795336
v -0.000000 15.530412 2.865942
v -0.457525 15.503866 2.797712
v -0.915950 15.530412 2.725672
v -1.323744 15.503865 2.515507
v -1.742238 15.530411 2.318593
v -2.037152 15.503862 1.977793
v -2.397982 15.530408 1.684555
v -2.523097 15.503860 1.255546
v -2.818992 15.530408 0.885623
v -2.757591 15.503860 0.428159
v -2.964065 15.530408 0.000000
v -2.739171 15.503860 -0.423999
v -2.818993 15.530408 -0.885622
v -2.473780 15.503861 -1.224054
v -2.397982 15.530410 -1.684554
v -1.981298 15.503864 -1.923128
v -1.742196 15.530047 -2.318524
v -1.301717 15.503502 -2.461369
v -0.915709 15.528233 -2.725260
v -0.461643 15.503503 -2.764370
v 0.000040 15.530048 -2.865875
v 0.450394 15.503866 -2.770975
v 0.915950 15.530412 -2.725672
v 1.291063 15.503296 -2.468568
v 1.742238 15.530411 -2.318593
v 1.981892 15.503293 -1.923723
v 2.397981 15.530408 -1.684555
v 2.479720 15.503860 -1.220490
v 2.440138 15.441591 -1.716143
v 2.868894 15.441584 -0.902344
v 1.772609 15.441601 -2.361706
v 0.931809 15.441607 -2.776013
v 0.000000 15.441609 -2.918740
v -0.931808 15.441607 -2.776013
v -1.772607 15.441601 -2.361706
v -2.440139 15.441591 -1.716142
v -2.868896 15.441584 -0.902343
v -3.016676 15.441581 0.000000
v -2.868896 15.441584 0.902343
v -2.440139 15.441591 1.716142
v -1.772609 15.441601 2.361705
v -0.931809 15.441607 2.776012
v -0.000000 15.441609 2.918739
v 0.931808 15.441607 2.776012
v 1.772606 15.441601 2.361705
v 2.440138 15.441591 1.716143
v 2.868897 15.441584 0.902344
v 3.016673 15.441581 0.000000
v 2.595553 1.654849 -1.278746
v 2.411403 1.730190 -1.694024
v 2.834775 1.730190 -0.890601
v 2.059842 1.654849 -1.991694
v 1.751987 1.730190 -2.331624
v 1.322500 1.654849 -2.509681
v 0.921074 1.730190 -2.740988
v 0.455702 1.654849 -2.782003
v -0.000000 1.730190 -2.882046
v -0.455702 1.654849 -2.782003
v -0.921074 1.730190 -2.740988
v -1.322500 1.654849 -2.509681
v -1.751987 1.730190 -2.331624
v -2.059841 1.654849 -1.991693
v -2.411403 1.730190 -1.694023
v -2.595551 1.654849 -1.278746
v -2.834773 1.730190 -0.890601
v -2.877191 1.654849 -0.440626
v -2.980657 1.730190 0.000000
v -2.877191 1.654849 0.440626
v -2.834773 1.730190 0.890601
v -2.595551 1.654849 1.278746
v -2.411402 1.730190 1.694024
v -2.059841 1.654849 1.991693
v -1.751987 1.730190 2.331624
v -1.322500 1.654849 2.509681
v -0.921074 1.730190 2.740988
v -0.455702 1.654849 2.782003
v 0.000000 1.730190 2.882046
v 0.455702 1.654849 2.782002
v 0.921074 1.730190 2.740988
v 1.322499 1.654849 2.509680
v 1.751986 1.730190 2.331624
v 2.059840 1.654849 1.991693
v 2.411401 1.730190 1.694024
v 2.595551 1.654849 1.278746
v 2.834772 1.730190 0.890601
v 2.877190 1.654849 0.440626
v 2.980656 1.730190 0.000000
v 2.877192 1.654849 -0.440626
v 2.581141 1.689332 -0.401464
v 1.820353 1.911173 -0.021677
v 1.730290 1.911170 -0.571495
v 2.581140 1.689332 0.390625
v 1.730289 1.911170 0.528140
v 2.327995 1.689330 1.143947
v 1.468909 1.911163 1.024141
v 1.846483 1.689329 1.784761
v 1.061797 1.911157 1.417774
v 1.183738 1.689327 2.250341
v 0.548800 1.911151 1.670505
v 0.404633 1.689326 2.495111
v -0.019865 1.911148 1.757591
v -0.414566 1.689326 2.495111
v -0.588530 1.911151 1.670505
v -1.193671 1.689327 2.250341
v -1.101527 1.911157 1.417774
v -1.856416 1.689329 1.784761
v -1.508640 1.911163 1.024141
v -2.337928 1.689330 1.143947
v -1.770020 1.911170 0.528140
v -2.591073 1.689332 0.390625
v -1.860084 1.911173 -0.021677
v -2.591073 1.689332 -0.401464
v -1.770020 1.911170 -0.571495
v -2.337928 1.689330 -1.154785
v -1.508640 1.911163 -1.067496
v -1.856417 1.689329 -1.795600
v -1.101528 1.911157 -1.461129
v -1.193672 1.689327 -2.261180
v -0.588531 1.911151 -1.713860
v -0.414566 1.689326 -2.505950
v -0.019865 1.911148 -1.800946
v 0.404633 1.689326 -2.505951
v 0.548800 1.911151 -1.713860
v 1.183739 1.689327 -2.261180
v 1.061797 1.911157 -1.461129
v 1.846484 1.689329 -1.795600
v 1.468910 1.911163 -1.067496
v 2.327996 1.689330 -1.154786
v 1.403170 15.486846 -1.920247
v 1.292645 15.470241 -1.306090
v 1.835942 15.489685 -1.299237
v 0.799416 15.489697 -2.449961
v 0.960984 15.469890 -1.957008
v -0.016043 15.490268 -2.630621
v 0.370777 15.474364 -2.410846
v -0.857051 15.490266 -2.410150
v -0.449182 15.474358 -2.365144
v -1.420400 15.490262 -1.910146
v -1.037509 15.474352 -1.906872
v -1.819901 15.490255 -1.302206
v -1.292519 15.474350 -1.301366
v -2.089330 15.490251 -0.677130
v -1.469170 15.474353 -0.760919
v -2.224571 15.490248 -0.005347
v -1.607387 15.474354 -0.277900
v -2.230745 15.490251 0.748433
v -1.736357 15.474355 0.306522
v -2.048661 15.490254 1.478679
v -1.814476 15.474355 0.980943
v -1.598062 15.490262 2.147224
v -1.683659 15.474352 1.683701
v -0.862995 15.490266 2.585433
v -1.191680 15.474353 2.285149
v 0.001188 15.490268 2.733412
v -0.420466 15.474354 2.597971
v 0.871905 15.490266 2.573549
v 0.428467 15.474353 2.581394
v 1.614696 15.490262 2.160890
v 1.212090 15.474347 2.285345
v 2.084310 15.490254 1.492344
v 1.728970 15.474339 1.713126
v 2.270555 15.490251 0.751403
v 1.884789 15.474335 0.997898
v 2.251306 15.490248 -0.015449
v 1.794324 15.474336 0.294278
v 2.116066 15.490251 -0.658117
v 1.653053 15.474345 -0.269448
v 1.508693 15.474711 -0.736210
v 2.650980 15.812191 -1.306321
v 2.882619 15.843695 -0.906913
v 2.451701 15.843704 -1.724751
v 2.938712 15.812188 -0.450140
v 3.031157 15.843689 -0.000000
v 2.938714 15.812188 0.450140
v 2.882622 15.843695 0.906912
v 2.650983 15.812191 1.306320
v 2.451701 15.843704 1.724750
v 2.103741 15.812196 2.034551
v 1.780909 15.843719 2.373415
v 1.350629 15.812200 2.563571
v 0.936132 15.843730 2.789650
v 0.465384 15.812201 2.841666
v -0.000000 15.843734 2.933026
v -0.465384 15.812201 2.841666
v -0.936133 15.843730 2.789650
v -1.350631 15.812200 2.563571
v -1.780912 15.843719 2.373414
v -2.103744 15.812196 2.034550
v -2.451702 15.843704 1.724750
v -2.650982 15.812191 1.306321
v -2.882620 15.843695 0.906913
v -2.938714 15.812190 0.450140
v -3.031159 15.843691 0.000000
v -2.938714 15.812190 -0.450140
v -2.882620 15.843695 -0.906912
v -2.650982 15.812192 -1.306319
v -2.451702 15.843706 -1.724749
v -2.103742 15.812197 -2.034550
v -1.780910 15.843719 -2.373415
v -1.350629 15.812200 -2.563571
v -0.936132 15.843730 -2.789650
v -0.465384 15.812201 -2.841667
v -0.000000 15.843734 -2.933028
v 0.465384 15.812201 -2.841667
v 0.936132 15.843730 -2.789650
v 1.350631 15.812200 -2.563571
v 1.780912 15.843719 -2.373415
v 2.103744 15.812196 -2.034551
v 3.016328 15.444733 -0.951736
v 3.174743 15.500417 -0.488693
v 3.172112 15.444720 -0.000000
v 3.174744 15.500417 0.488693
v 3.016331 15.444733 0.951736
v 2.862852 15.500443 1.417654
v 2.564677 15.444761 1.809442
v 2.270544 15.500483 2.206588
v 1.862317 15.444796 2.489032
v 1.456879 15.500524 2.778655
v 0.978649 15.444826 2.924678
v 0.501818 15.500548 3.078943
v -0.000000 15.444834 3.074651
v -0.501819 15.500548 3.078943
v -0.978651 15.444826 2.924679
v -1.456882 15.500524 2.778655
v -1.862321 15.444796 2.489032
v -2.270546 15.500483 2.206587
v -2.564678 15.444762 1.809441
v -2.862851 15.500443 1.417654
v -3.016330 15.444733 0.951737
v -3.174745 15.500417 0.488694
v -3.172115 15.444720 0.000000
v -3.174745 15.500417 -0.488693
v -3.016330 15.444733 -0.951736
v -2.862851 15.500443 -1.417654
v -2.564678 15.444761 -1.809441
v -2.270545 15.500483 -2.206587
v -1.862319 15.444796 -2.489032
v -1.456881 15.500524 -2.778655
v -0.978651 15.444826 -2.924679
v -0.501819 15.500548 -3.078943
v -0.000000 15.444834 -3.074652
v 0.501819 15.500548 -3.078943
v 0.978651 15.444826 -2.924679
v 1.456882 15.500524 -2.778655
v 1.862320 15.444796 -2.489032
v 2.270545 15.500483 -2.206588
v 2.564676 15.444762 -1.809442
v 2.862849 15.500443 -1.417655
v 1.893444 15.665231 -2.533168
v 2.607902 15.665185 -1.841797
v 0.994896 15.665268 -2.976194
v -0.000000 15.665281 -3.128671
v -0.994896 15.665268 -2.976194
v -1.893443 15.665231 -2.533168
v -2.607903 15.665186 -1.841796
v -3.067518 15.665148 -0.968871
v -3.226089 15.665133 0.000000
v -3.067518 15.665148 0.968872
v -2.607903 15.665185 1.841796
v -1.893444 15.665231 2.533168
v -0.994897 15.665268 2.976194
v -0.000000 15.665281 3.128671
v 0.994895 15.665268 2.976194
v 1.893441 15.665231 2.533168
v 2.607902 15.665185 1.841796
v 3.067519 15.665148 0.968871
v 3.226088 15.665133 -0.000000
v 3.067517 15.665148 -0.968871
v 2.393412 15.749937 -1.681097
v 2.813607 15.749936 -0.883799
v 1.738930 15.749939 -2.313848
v 0.914214 15.749939 -2.720109
v 0.000000 15.749939 -2.860101
v -0.914214 15.749939 -2.720109
v -1.738928 15.749939 -2.313848
v -2.393414 15.749939 -1.681095
v -2.813608 15.749937 -0.883799
v -2.958396 15.749939 0.000000
v -2.813608 15.749937 0.883800
v -2.393414 15.749937 1.681096
v -1.738930 15.749939 2.313848
v -0.914215 15.749939 2.720109
v -0.000000 15.749939 2.860098
v 0.914214 15.749939 2.720109
v 1.738927 15.749939 2.313848
v 2.393413 15.749937 1.681096
v 2.813610 15.749936 0.883799
v 2.958395 15.749937 -0.000000
v 2.333531 1.622560 -1.639319
v 2.743231 1.622560 -0.861841
v 1.695410 1.622560 -2.256329
v 0.891329 1.622560 -2.652474
v -0.000000 1.622560 -2.788976
v -0.891330 1.622560 -2.652473
v -1.695410 1.622560 -2.256329
v -2.333531 1.622560 -1.639318
v -2.743230 1.622560 -0.861840
v -2.884402 1.622560 0.000000
v -2.743230 1.622560 0.861841
v -2.333530 1.622560 1.639318
v -1.695409 1.622560 2.256328
v -0.891329 1.622560 2.652473
v 0.000000 1.622560 2.788975
v 0.891329 1.622560 2.652473
v 1.695409 1.622560 2.256328
v 2.333530 1.622560 1.639318
v 2.743229 1.622560 0.861841
v 2.884402 1.622560 0.000000
v 1.155195 15.398761 -1.205429
v 1.032648 15.369017 -1.509331
v 1.136986 15.358168 -1.180787
v 1.243006 15.377617 -0.918075
v 0.896522 15.396442 -1.872285
v 0.683183 15.374456 -2.174169
v 0.887625 15.356677 -1.843927
v 0.360489 15.403461 -2.353049
v -0.028871 15.375574 -2.398290
v 0.361400 15.358637 -2.342375
v -0.446119 15.403409 -2.301135
v -0.798043 15.375531 -2.098003
v -0.444079 15.358541 -2.291382
v -0.994603 15.403402 -1.816942
v -1.101549 15.375565 -1.504700
v -0.992425 15.358535 -1.808646
v -1.180869 15.403450 -1.199813
v -1.247562 15.375654 -0.922399
v -1.179615 15.358613 -1.193086
v -1.306359 15.403522 -0.685557
v -1.367004 15.375747 -0.471248
v -1.305818 15.358727 -0.680139
v -1.424139 15.403574 -0.255279
v -1.493150 15.375794 -0.013263
v -1.423793 15.358816 -0.250973
v -1.571739 15.403584 0.284832
v -1.650466 15.375772 0.609137
v -1.571058 15.358832 0.287828
v -1.701553 15.403543 0.934337
v -1.706291 15.375688 1.271613
v -1.700119 15.358764 0.935841
v -1.628960 15.403475 1.634735
v -1.459150 15.375592 1.976124
v -1.626987 15.358650 1.634759
v -1.172567 15.403418 2.247880
v -0.813309 15.375531 2.446974
v -1.170997 15.358555 2.246783
v -0.415846 15.403388 2.566651
v 0.000824 15.375505 2.603606
v -0.415597 15.358507 2.565165
v 0.422973 15.403377 2.548088
v 0.827642 15.375498 2.424464
v 0.421492 15.358491 2.546915
v 1.193439 15.403371 2.249357
v 1.488139 15.375495 2.006133
v 1.190305 15.358485 2.249091
v 1.677940 15.403369 1.670352
v 1.773200 15.375501 1.302321
v 1.674078 15.358484 1.671585
v 1.779381 15.403385 0.955755
v 1.726662 15.375550 0.617955
v 1.776149 15.358516 0.958547
v 1.636313 15.403437 0.272339
v 1.544836 15.375641 -0.031614
v 1.634447 15.358601 0.276371
v 1.475795 15.403509 -0.244763
v 1.415063 15.376242 -0.433059
v 1.475064 15.358715 -0.239921
v 1.338292 15.405839 -0.658892
v 1.328981 15.360229 -0.654604
v 1.261349 15.441442 -0.916569
v 1.051445 15.431513 -1.524534
v 0.682843 15.439288 -2.175044
v -0.030823 15.440887 -2.395940
v -0.797952 15.440869 -2.095446
v -1.099435 15.440876 -1.502445
v -1.243659 15.440906 -0.920541
v -1.362057 15.440938 -0.469497
v -1.487730 15.440953 -0.011704
v -1.645135 15.440947 0.610249
v -1.701652 15.440918 1.272020
v -1.455652 15.440886 1.975528
v -0.811165 15.440868 2.445385
v 0.001766 15.440861 2.601419
v 0.827617 15.440855 2.422112
v 1.487240 15.440849 2.003911
v 1.771228 15.440845 1.300678
v 1.723411 15.440860 0.617320
v 1.540502 15.440893 -0.031179
v 1.413404 15.441285 -0.431406
v 0.190332 15.383237 1.116993
v 0.122811 15.401363 1.281389
v 0.198754 15.390973 1.203683
v -1.438138 15.365019 0.425854
v -1.298729 15.387566 0.881003
v -1.044988 15.408355 0.893827
v -1.166258 15.387573 0.475251
v -0.903779 15.408350 0.694274
v -1.025230 15.387546 0.218148
v -1.297906 15.365005 -0.044542
v -0.704800 15.408343 0.676491
v -0.846214 15.387495 0.069015
v -1.172404 15.364929 -0.399460
v -0.503230 15.408341 0.733115
v -0.691025 15.387454 -0.157161
v -1.039008 15.364834 -0.811673
v -1.551804 15.364962 1.005922
v -1.305665 15.387522 1.378335
v -1.110395 15.408354 1.238723
v -0.956852 15.408353 1.633189
v -1.468567 15.364867 1.634214
v -1.042444 15.387475 1.861819
v -0.574960 15.408360 1.898956
v -1.039990 15.364790 2.172715
v -0.339381 15.408359 0.727037
v -0.860644 15.364772 -1.315910
v 0.857027 15.408313 0.696457
v 1.334765 15.364914 -0.035151
v -0.026482 15.356348 -2.246189
v -0.433989 15.354902 -2.208851
v -0.767086 15.356254 -1.959645
v -0.971267 15.354897 -1.736831
v -1.061214 15.356291 -1.389432
v -1.155523 15.354976 -1.134621
v -1.203742 15.356394 -0.829077
v -1.279822 15.355090 -0.632339
v -1.319855 15.356502 -0.394105
v -1.395600 15.355180 -0.211702
v -1.441401 15.356557 0.047703
v -1.539474 15.355196 0.316122
v -1.591802 15.356530 0.647256
v -1.665043 15.355127 0.950579
v -1.643873 15.356433 1.285075
v -1.592628 15.355014 1.634581
v -1.404592 15.356322 1.962824
v -1.145853 15.354918 2.233392
v -0.782420 15.356253 2.415850
v -0.406378 15.354870 2.544929
v 0.001339 15.356226 2.566655
v 0.412948 15.354853 2.527132
v 0.797183 15.356216 2.394523
v 1.165488 15.354845 2.235750
v 1.433245 15.356208 1.992150
v 1.639375 15.354844 1.670720
v 1.708867 15.356218 1.315216
v 1.740081 15.354877 0.972929
v 1.665899 15.356274 0.656303
v 1.602234 15.354961 0.305055
v 1.492334 15.356380 0.030489
v 1.446623 15.355076 -0.200827
v 1.366581 15.356783 -0.357429
v 1.302345 15.356366 -0.607510
v 1.193617 15.358040 -0.822680
v 1.112724 15.355251 -1.119585
v 0.989481 15.355186 -1.373585
v 0.868250 15.354090 -1.764171
v 0.656804 15.356402 -2.018948
v 0.767214 15.364270 -1.333379
v 0.353798 15.355103 -2.254705
v 0.311934 15.365176 -1.750391
v -0.027652 15.353709 -2.351463
v 0.675046 15.353602 -2.124073
v -0.788418 15.353644 -2.055509
v -1.089493 15.353685 -1.469328
v -1.234856 15.353793 -0.893769
v -1.353513 15.353906 -0.447634
v -1.478341 15.353964 0.005356
v -1.633481 15.353936 0.620746
v -1.687967 15.353834 1.275709
v -1.442999 15.353719 1.972124
v -0.804204 15.353644 2.437661
v 0.000755 15.353614 2.592622
v 0.818156 15.353605 2.415706
v 1.471251 15.353601 2.002316
v 1.753631 15.353611 1.306739
v 1.708517 15.353671 0.630059
v 1.529528 15.353780 -0.012367
v 1.400357 15.354197 -0.409893
v 1.223157 15.355488 -0.887201
v 1.014628 15.352515 -1.454261
v 0.299184 15.381972 1.091482
v 0.189044 15.400571 1.306285
v 0.295263 15.390562 1.189429
v 0.440608 15.390256 1.141188
v 0.482542 15.382160 0.992136
v 0.249325 15.400553 1.336846
v 0.297820 15.400400 1.374061
v 0.553799 15.390113 1.157727
v 0.709522 15.381707 0.898167
v 0.318616 15.400361 1.440131
v 0.609952 15.390107 1.303207
v 0.860748 15.381642 0.988229
v 0.309266 15.400402 1.536929
v 0.584487 15.390165 1.544936
v 0.917532 15.381659 1.307932
v 0.253844 15.400481 1.630330
v 0.406524 15.390265 1.716650
v 0.761980 15.381742 1.657425
v 0.162811 15.400568 1.687221
v 0.202667 15.390352 1.788123
v 0.444016 15.381854 1.834705
v 0.067498 15.400621 1.713958
v 0.018059 15.390379 1.820118
v 0.149623 15.381920 1.906022
v -0.026604 15.400621 1.714620
v -0.169965 15.390351 1.790505
v -0.116980 15.381919 1.910836
v -0.400956 15.390274 1.704940
v -0.444249 15.381862 1.827404
v -0.126752 15.400568 1.686173
v -0.219892 15.400485 1.626814
v -0.569243 15.390193 1.534005
v -0.778253 15.381779 1.630872
v -0.927754 15.381722 1.314171
v -0.274430 15.400412 1.538268
v -0.602789 15.390146 1.323384
v -0.880215 15.381701 1.039424
v -0.285243 15.400369 1.447500
v -0.549639 15.390132 1.182093
v -0.463989 15.390172 1.112267
v -0.756998 15.381720 0.896838
v -0.267857 15.400372 1.372837
v -0.327993 15.390260 1.150458
v -0.570438 15.381789 0.923897
v -0.224132 15.400429 1.325524
v -0.219937 15.390370 1.178823
v -0.379518 15.381891 1.036275
v -0.163883 15.400528 1.298364
v -0.105400 15.390483 1.193504
v -0.231202 15.382015 1.099510
v -0.096963 15.400638 1.276068
v -0.020026 15.400705 1.263298
v -0.070097 15.382110 1.125444
v 0.396876 15.388268 -0.439036
v 0.285425 15.408861 0.737487
v 0.113422 15.409279 0.686821
v 0.080561 15.392227 1.093809
v 0.005860 15.384321 1.101171
v 0.146709 15.385376 1.087445
v 0.205419 15.391836 1.083268
v 0.260837 15.383783 1.076182
v 0.317472 15.391193 1.054486
v 0.397101 15.384350 1.011201
v 0.521208 15.391438 0.933770
v 0.658806 15.383843 0.858716
v 0.778163 15.390958 0.818331
v 0.876555 15.383651 0.831024
v 0.951397 15.390900 0.912724
v 0.999589 15.383626 1.060339
v 1.019328 15.390909 1.269872
v 0.978550 15.383671 1.488126
v 0.847091 15.390978 1.662486
v 0.669241 15.383773 1.787499
v 0.491226 15.391071 1.860269
v 0.319851 15.383866 1.902209
v 0.163464 15.391128 1.939206
v 0.014942 15.383894 1.956492
v -0.132172 15.391129 1.944692
v -0.296568 15.383868 1.906990
v -0.497500 15.391085 1.851869
v -0.700281 15.383797 1.763939
v -0.871723 15.391024 1.632043
v -0.990469 15.383732 1.465736
v -1.037037 15.390983 1.276918
v -1.027487 15.383702 1.100333
v -0.979707 15.390967 0.971283
v -0.910627 15.383698 0.880255
v -0.838646 15.390981 0.817103
v -0.749131 15.383741 0.802747
v -0.627971 15.391030 0.856127
v -0.506467 15.383820 0.934533
v -0.415175 15.391103 0.991369
v -0.336941 15.383919 1.035115
v -0.253416 15.391196 1.068552
v -0.166771 15.384032 1.092524
v -0.078460 15.391273 1.100752
v 0.080559 15.406513 1.091905
v 0.005787 15.398854 1.099140
v 0.146807 15.399934 1.085646
v -0.078481 15.405551 1.098754
v -0.166683 15.398575 1.090566
v -0.253229 15.405499 1.066769
v -0.336666 15.398499 1.033480
v -0.414846 15.405442 0.989944
v -0.506137 15.398433 0.933292
v -0.627756 15.405404 0.855158
v -0.749085 15.398389 0.802027
v -0.838790 15.405381 0.816637
v -0.910936 15.398363 0.879978
v -0.980090 15.405377 0.971134
v -1.027917 15.398370 1.100292
v -1.037497 15.405390 1.277030
v -0.990960 15.398392 1.466057
v -0.872200 15.405415 1.632619
v -0.700735 15.398433 1.764800
v -0.497890 15.405452 1.852948
v -0.296870 15.398482 1.908264
v -0.132322 15.405479 1.946035
v 0.014960 15.398499 1.957890
v 0.163642 15.405476 1.940572
v 0.320169 15.398474 1.903530
v 0.491626 15.405432 1.861415
v 0.669703 15.398404 1.788435
v 0.847583 15.405365 1.663121
v 0.979064 15.398326 1.488481
v 1.019814 15.405313 1.269996
v 1.000031 15.398293 1.060278
v 0.951739 15.405309 0.912504
v 0.876767 15.398314 0.830627
v 0.778191 15.405355 0.817724
v 0.658663 15.398485 0.857860
v 0.520971 15.405809 0.932703
v 0.396869 15.398962 1.009921
v 0.317393 15.405539 1.053094
v 0.260922 15.398375 1.074650
v 0.205552 15.406154 1.081636
v 0.005721 15.411865 1.097322
v 0.146895 15.412969 1.084036
v -0.166604 15.411596 1.088813
v -0.336421 15.411551 1.032016
v -0.505842 15.411520 0.932181
v -0.749044 15.411504 0.801382
v -0.911213 15.411496 0.879730
v -1.028302 15.411505 1.100255
v -0.991400 15.411516 1.466345
v -0.701141 15.411539 1.765571
v -0.297139 15.411569 1.909405
v 0.014976 15.411577 1.959141
v 0.320454 15.411557 1.904713
v 0.670117 15.411506 1.789274
v 0.979524 15.411450 1.488800
v 1.000425 15.411425 1.060223
v 0.876958 15.411445 0.830271
v 0.658535 15.411598 0.857094
v 0.396661 15.412048 1.008774
v 0.260998 15.411437 1.073278
v 0.021157 15.404104 1.283528
v 0.050058 15.404108 1.309954
v 0.084779 15.404042 1.292014
v 0.193310 15.403957 1.367028
v 0.188558 15.403944 1.405636
v 0.222339 15.403863 1.423240
v 0.204739 15.403843 1.457077
v 0.231147 15.403784 1.484236
v 0.203851 15.403811 1.511353
v 0.220531 15.403797 1.546044
v 0.186020 15.403852 1.563572
v 0.190676 15.403861 1.601920
v 0.151968 15.403931 1.608011
v 0.144034 15.403946 1.646262
v 0.104976 15.404013 1.640427
v 0.085639 15.404016 1.674685
v 0.049974 15.404064 1.657464
v 0.021185 15.404043 1.684430
v -0.007940 15.404064 1.657396
v -0.043509 15.404016 1.674645
v -0.063100 15.404012 1.640301
v -0.101854 15.403944 1.646364
v -0.109850 15.403929 1.608132
v -0.148259 15.403860 1.602430
v -0.143811 15.403852 1.563853
v -0.178303 15.403797 1.546414
v -0.161734 15.403809 1.511304
v -0.188803 15.403774 1.483795
v -0.161917 15.403809 1.455972
v -0.178826 15.403799 1.421434
v -0.144512 15.403863 1.403886
v -0.149357 15.403879 1.365772
v -0.110784 15.403961 1.359849
v -0.102797 15.403986 1.321726
v -0.063697 15.404067 1.327740
v -0.043986 15.404079 1.293522
v -0.007749 15.404131 1.310782
v 0.144151 15.403975 1.320582
v 0.153678 15.403997 1.359979
v 0.104749 15.404032 1.326244
v 0.022560 15.404219 1.382957
v 0.026962 15.404310 1.482175
v 0.056981 15.404156 1.387167
v 0.114532 15.404070 1.426481
v 0.035303 15.404144 1.485157
v 0.128283 15.403977 1.453585
v 0.033482 15.404045 1.483067
v 0.132101 15.403898 1.483438
v 0.032933 15.404011 1.482723
v 0.126731 15.403912 1.514488
v 0.032865 15.404056 1.482886
v 0.111586 15.403976 1.542411
v 0.031587 15.404135 1.483295
v 0.087086 15.404060 1.565108
v 0.028146 15.404216 1.484763
v 0.055694 15.404131 1.580085
v 0.023088 15.404266 1.485883
v 0.020713 15.404158 1.585174
v 0.017293 15.404266 1.485551
v -0.014506 15.404131 1.579739
v 0.012107 15.404213 1.483811
v -0.045797 15.404058 1.564568
v 0.009092 15.404130 1.482003
v -0.069879 15.403975 1.541993
v 0.008381 15.404053 1.481482
v -0.084886 15.403911 1.514024
v 0.008751 15.404009 1.481864
v -0.089930 15.403889 1.482995
v 0.009018 15.404011 1.482652
v -0.084931 15.403914 1.452341
v 0.008774 15.404066 1.483998
v -0.070293 15.403996 1.425177
v 0.009285 15.404163 1.484682
v -0.046159 15.404101 1.403048
v 0.012523 15.404268 1.483716
v -0.014208 15.404194 1.388278
v 0.019775 15.404334 1.482631
v 0.088460 15.404089 1.402442
v 0.034626 15.404197 1.485440
v 0.031037 15.404232 1.483145
v 3.321673 14.048374 -1.636483
v 2.751604 14.667404 -1.933018
v 2.750230 15.247518 -1.355326
v 3.234704 14.667404 -1.016248
v 2.636094 14.048374 -2.548882
v 1.999158 14.667404 -2.660571
v 2.182523 15.247519 -2.110895
v 1.692477 14.048374 -3.211778
v 1.051020 14.667404 -3.127688
v 1.401220 15.247521 -2.659789
v 0.583188 14.048374 -3.560283
v 0.000000 14.667404 -3.288646
v 0.482818 15.247523 -2.948335
v -0.583188 14.048374 -3.560283
v -1.051019 14.667404 -3.127688
v -0.482818 15.247523 -2.948335
v -1.692477 14.048374 -3.211778
v -1.999157 14.667404 -2.660571
v -1.401219 15.247521 -2.659789
v -2.636094 14.048374 -2.548881
v -2.751605 14.667404 -1.933017
v -2.182522 15.247519 -2.110894
v -3.321672 14.048374 -1.636482
v -3.234704 14.667404 -1.016247
v -2.750232 15.247518 -1.355325
v -3.682102 14.048374 -0.563894
v -3.401170 14.667404 0.000000
v -3.048720 15.247517 -0.467024
v -3.682101 14.048374 0.563894
v -3.234704 14.667404 1.016248
v -3.048720 15.247517 0.467024
v -3.321672 14.048374 1.636483
v -2.751605 14.667404 1.933018
v -2.750232 15.247518 1.355326
v -2.636094 14.048374 2.548881
v -1.999158 14.667404 2.660570
v -2.182524 15.247519 2.110894
v -1.692476 14.048374 3.211777
v -1.051019 14.667404 3.127687
v -1.401220 15.247521 2.659788
v -0.583188 14.048374 3.560283
v -0.000000 14.667404 3.288646
v -0.482818 15.247523 2.948335
v 0.583187 14.048374 3.560283
v 1.051018 14.667404 3.127687
v 0.482817 15.247523 2.948335
v 1.692476 14.048374 3.211777
v 1.999156 14.667404 2.660570
v 1.401218 15.247521 2.659788
v 2.636093 14.048374 2.548881
v 2.751603 14.667404 1.933018
v 2.182521 15.247519 2.110894
v 3.321671 14.048374 1.636483
v 3.234704 14.667404 1.016248
v 2.750232 15.247518 1.355326
v 3.682100 14.048374 0.563894
v 3.401168 14.667404 -0.000000
v 3.048719 15.247517 0.467024
v 3.682101 14.048374 -0.563894
v 3.048717 15.247517 -0.467024
v 3.333063 2.603552 -1.642094
v 3.104462 2.780434 -2.180901
v 3.418820 3.150850 -1.684344
v 3.649513 2.780434 -1.146568
v 2.645133 2.603552 -2.557622
v 2.255523 2.780434 -3.001754
v 2.713191 3.150850 -2.623427
v 1.698280 2.603552 -3.222793
v 1.185799 2.780434 -3.528775
v 1.741975 3.150850 -3.305713
v 0.585188 2.603552 -3.572493
v 0.000000 2.780434 -3.710371
v 0.600244 3.150850 -3.664410
v -0.585188 2.603552 -3.572491
v -1.185799 2.780434 -3.528772
v -0.600244 3.150850 -3.664408
v -1.698280 2.603552 -3.222791
v -2.255523 2.780434 -3.001753
v -1.741975 3.150850 -3.305710
v -2.645133 2.603552 -2.557621
v -3.104462 2.780434 -2.180900
v -2.713191 3.150850 -2.623427
v -3.333062 2.603552 -1.642094
v -3.649512 2.780434 -1.146568
v -3.418819 3.150850 -1.684343
v -3.694727 2.603552 -0.565827
v -3.837325 2.780434 0.000000
v -3.789789 3.150850 -0.580386
v -3.694727 2.603552 0.565827
v -3.649512 2.780434 1.146568
v -3.789790 3.150850 0.580386
v -3.333062 2.603552 1.642094
v -3.104462 2.780434 2.180901
v -3.418819 3.150850 1.684344
v -2.645133 2.603552 2.557621
v -2.255522 2.780434 3.001753
v -2.713190 3.150850 2.623427
v -1.698279 2.603552 3.222791
v -1.185798 2.780434 3.528772
v -1.741975 3.150850 3.305710
v -0.585187 2.603552 3.572491
v 0.000000 2.780434 3.710371
v -0.600244 3.150850 3.664408
v 0.585187 2.603552 3.572491
v 1.185798 2.780434 3.528772
v 0.600244 3.150850 3.664408
v 1.698279 2.603552 3.222790
v 2.255522 2.780434 3.001752
v 1.741975 3.150850 3.305710
v 2.645132 2.603552 2.557621
v 3.104460 2.780434 2.180901
v 2.713189 3.150850 2.623426
v 3.333061 2.603552 1.642094
v 3.649511 2.780434 1.146568
v 3.418818 3.150850 1.684344
v 3.694726 2.603552 0.565827
v 3.837323 2.780434 0.000000
v 3.789788 3.150850 0.580386
v 3.694727 2.603552 -0.565827
v 3.789790 3.150850 -0.580386
v 2.799226 1.910471 -1.379089
v 2.792975 2.257578 -1.962080
v 3.283339 2.257578 -1.031527
v 2.221478 1.910471 -2.147982
v 2.029215 2.257578 -2.700572
v 1.426276 1.910471 -2.706615
v 1.066821 2.257578 -3.174714
v 0.491461 1.910471 -3.000307
v -0.000000 2.257578 -3.338090
v -0.491462 1.910471 -3.000306
v -1.066822 2.257578 -3.174712
v -1.426277 1.910471 -2.706615
v -2.029215 2.257578 -2.700572
v -2.221477 1.910471 -2.147982
v -2.792974 2.257578 -1.962079
v -2.799224 1.910471 -1.379089
v -3.283338 2.257578 -1.031526
v -3.102964 1.910471 -0.475202
v -3.452306 2.257578 0.000000
v -3.102964 1.910471 0.475202
v -3.283338 2.257578 1.031526
v -2.799224 1.910471 1.379089
v -2.792974 2.257578 1.962080
v -2.221477 1.910471 2.147982
v -2.029214 2.257578 2.700572
v -1.426276 1.910471 2.706615
v -1.066821 2.257578 3.174712
v -0.491461 1.910471 3.000306
v -0.000000 2.257578 3.338090
v 0.491461 1.910471 3.000306
v 1.066821 2.257578 3.174712
v 1.426276 1.910471 2.706615
v 2.029214 2.257578 2.700571
v 2.221476 1.910471 2.147981
v 2.792973 2.257578 1.962080
v 2.799223 1.910471 1.379089
v 3.283336 2.257578 1.031526
v 3.102963 1.910471 0.475202
v 3.452304 2.257578 -0.000000
v 3.102964 1.910471 -0.475202
v 0.991394 15.365082 -0.790965
v 0.618374 15.386865 -0.128373
v 0.413096 15.408463 0.790214
v 0.787010 15.388569 0.110455
v 0.078109 15.383600 1.124303
v 0.014474 15.391308 1.197965
v 0.057705 15.401470 1.266763
v 0.096823 15.398858 1.251841
v 0.113112 15.392544 1.201067
v -0.121291 15.408389 0.697647
v -0.010075 15.387640 -0.546018
v -0.379738 15.364782 -1.714436
v -0.460990 15.387452 -0.409562
v -0.165138 15.408369 2.018377
v -0.533877 15.387451 2.156905
v -0.362964 15.364752 2.450187
v 0.008321 15.387441 2.256063
v 0.193520 15.408363 2.011456
v 0.373460 15.364738 2.434348
v 0.553141 15.387427 2.144077
v 0.572026 15.408333 1.906691
v 1.056914 15.364725 2.175788
v 1.041370 15.387401 1.888112
v 0.941146 15.408287 1.664293
v 1.506291 15.364717 1.668815
v 1.332045 15.387383 1.404397
v 1.104192 15.408257 1.235282
v 1.614493 15.364738 1.024081
v 1.321585 15.387399 0.865433
v 1.027922 15.408266 0.841142
v 1.489029 15.364810 0.409091
v 1.174509 15.387461 0.442031
v 0.614245 15.408851 0.747293
v 1.003287 15.387733 0.264023
v 1.179237 15.366068 -0.368614
v 0.822953 2.164473 -0.463452
v 0.340521 2.325659 -0.173485
v -0.046058 2.440767 -0.064319
v 0.282601 2.325643 -0.283366
v 0.645538 2.164460 -0.699541
v -0.047893 2.440748 -0.066726
v 0.192378 2.325628 -0.370580
v 0.401339 2.164448 -0.871076
v -0.050431 2.440731 -0.068485
v 0.078678 2.325614 -0.426580
v 0.114256 2.164440 -0.961261
v -0.053429 2.440717 -0.069414
v -0.047369 2.325608 -0.445878
v -0.187604 2.164440 -0.961261
v -0.056587 2.440717 -0.069414
v -0.173415 2.325614 -0.426580
v -0.474686 2.164448 -0.871076
v -0.059584 2.440731 -0.068485
v -0.287115 2.325628 -0.370580
v -0.718886 2.164460 -0.699541
v -0.062123 2.440748 -0.066726
v -0.377339 2.325644 -0.283366
v -0.896300 2.164473 -0.463452
v -0.063956 2.440767 -0.064319
v -0.435258 2.325659 -0.173485
v -0.989569 2.164482 -0.185923
v -0.064917 2.440781 -0.061503
v -0.455215 2.325665 -0.051690
v -0.989569 2.164482 0.105885
v -0.064917 2.440781 -0.058547
v -0.435258 2.325659 0.070106
v -0.896300 2.164473 0.383415
v -0.063956 2.440767 -0.055731
v -0.377339 2.325643 0.179987
v -0.718885 2.164460 0.619503
v -0.062123 2.440748 -0.053324
v -0.287115 2.325628 0.267200
v -0.474686 2.164448 0.791038
v -0.059584 2.440731 -0.051565
v -0.173415 2.325614 0.323200
v -0.187604 2.164440 0.881223
v -0.056587 2.440717 -0.050636
v -0.047369 2.325608 0.342498
v 0.114256 2.164440 0.881223
v -0.053429 2.440717 -0.050636
v 0.078678 2.325614 0.323200
v 0.401339 2.164448 0.791038
v -0.050431 2.440731 -0.051565
v 0.192378 2.325628 0.267200
v 0.645538 2.164460 0.619503
v -0.047893 2.440748 -0.053324
v 0.282601 2.325644 0.179987
v 0.822952 2.164473 0.383415
v -0.046058 2.440767 -0.055731
v 0.340520 2.325659 0.070106
v 0.916222 2.164482 0.105885
v -0.045098 2.440781 -0.058547
v 0.360477 2.325665 -0.051690
v 0.916222 2.164482 -0.185923
v -0.045098 2.440781 -0.061503
v 2.870012 15.829644 -1.421386
v 2.604427 15.884640 -1.839166
v 2.856222 15.881659 -1.414136
v 3.063421 15.884602 -0.967485
v 2.276161 15.829689 -2.212328
v 1.890928 15.884687 -2.529559
v 2.265302 15.881701 -2.201123
v 1.460444 15.829734 -2.785801
v 0.993577 15.884725 -2.971962
v 1.453526 15.881742 -2.771790
v 0.503037 15.829761 -3.086807
v -0.000000 15.884739 -3.124227
v 0.500664 15.881767 -3.071348
v -0.503037 15.829761 -3.086807
v -0.993577 15.884725 -2.971962
v -0.500665 15.881767 -3.071348
v -1.460443 15.829734 -2.785802
v -1.890926 15.884687 -2.529559
v -1.453524 15.881742 -2.771791
v -2.276160 15.829691 -2.212327
v -2.604428 15.884642 -1.839165
v -2.265301 15.881701 -2.201123
v -2.870013 15.829646 -1.421385
v -3.063422 15.884603 -0.967485
v -2.856224 15.881659 -1.414135
v -3.182745 15.829618 -0.489989
v -3.221779 15.884588 0.000000
v -3.167384 15.881633 -0.487479
v -3.182745 15.829618 0.489989
v -3.063422 15.884603 0.967486
v -3.167384 15.881633 0.487479
v -2.870013 15.829644 1.421386
v -2.604428 15.884640 1.839166
v -2.856224 15.881659 1.414136
v -2.276161 15.829689 2.212327
v -1.890928 15.884687 2.529559
v -2.265302 15.881701 2.201123
v -1.460444 15.829734 2.785801
v -0.993577 15.884725 2.971962
v -1.453526 15.881742 2.771790
v -0.503037 15.829761 3.086806
v -0.000000 15.884739 3.124226
v -0.500665 15.881767 3.071348
v 0.503037 15.829761 3.086806
v 0.993576 15.884725 2.971962
v 0.500664 15.881767 3.071348
v 1.460442 15.829734 2.785801
v 1.890924 15.884687 2.529559
v 1.453523 15.881742 2.771790
v 2.276159 15.829689 2.212327
v 2.604427 15.884640 1.839165
v 2.265300 15.881701 2.201123
v 2.870014 15.829644 1.421385
v 3.063424 15.884602 0.967484
v 2.856224 15.881659 1.414136
v 3.182745 15.829618 0.489988
v 3.221777 15.884586 -0.000000
v 3.167384 15.881633 0.487478
v 3.182743 15.829618 -0.489989
v 3.167382 15.881633 -0.487479
v 2.726760 15.442488 -1.346170
v 2.499754 15.443108 -1.760805
v 2.781331 15.443741 -1.374837
v 2.939471 15.443090 -0.925988
v 2.762702 15.858927 -1.365008
v 3.008476 15.872324 -0.949077
v 2.558014 15.872353 -1.804395
v 2.163424 15.442506 -2.096148
v 1.815554 15.443130 -2.422657
v 2.206380 15.443768 -2.140438
v 2.191685 15.858951 -2.125221
v 1.857494 15.872391 -2.482107
v 1.388659 15.442521 -2.640606
v 0.954232 15.443148 -2.847179
v 1.416018 15.443792 -2.695971
v 1.406640 15.858975 -2.676910
v 0.976119 15.872419 -2.916558
v 0.478427 15.442531 -2.926666
v 0.000000 15.443153 -2.993375
v 0.487808 15.443808 -2.987738
v 0.484588 15.858991 -2.966687
v -0.000000 15.872431 -3.066122
v -0.478427 15.442531 -2.926666
v -0.954232 15.443148 -2.847179
v -0.487808 15.443808 -2.987738
v -0.484588 15.858991 -2.966687
v -0.976120 15.872419 -2.916558
v -1.388658 15.442521 -2.640606
v -1.815552 15.443130 -2.422657
v -1.416017 15.443792 -2.695971
v -1.406639 15.858975 -2.676910
v -1.857492 15.872391 -2.482108
v -2.163423 15.442506 -2.096147
v -2.499756 15.443108 -1.760804
v -2.206380 15.443768 -2.140438
v -2.191684 15.858952 -2.125220
v -2.558015 15.872355 -1.804394
v -2.726763 15.442488 -1.346169
v -2.939473 15.443090 -0.925987
v -2.781333 15.443741 -1.374836
v -2.762703 15.858927 -1.365007
v -3.008477 15.872325 -0.949077
v -3.023119 15.442478 -0.463936
v -3.091085 15.443081 0.000000
v -3.083919 15.443725 -0.473864
v -3.063190 15.858912 -0.470464
v -3.163851 15.872313 0.000000
v -3.023119 15.442478 0.463936
v -2.939473 15.443090 0.925988
v -3.083919 15.443725 0.473864
v -3.063190 15.858912 0.470465
v -3.008477 15.872325 0.949078
v -2.726762 15.442488 1.346169
v -2.499756 15.443108 1.760804
v -2.781333 15.443741 1.374836
v -2.762703 15.858927 1.365008
v -2.558015 15.872353 1.804395
v -2.163424 15.442506 2.096147
v -1.815554 15.443130 2.422657
v -2.206382 15.443768 2.140438
v -2.191686 15.858951 2.125220
v -1.857494 15.872391 2.482107
v -1.388660 15.442521 2.640605
v -0.954233 15.443148 2.847178
v -1.416018 15.443792 2.695971
v -1.406640 15.858975 2.676909
v -0.976120 15.872419 2.916558
v -0.478427 15.442531 2.926665
v -0.000000 15.443153 2.993374
v -0.487808 15.443808 2.987738
v -0.484588 15.858991 2.966686
v -0.000000 15.872431 3.066121
v 0.478427 15.442531 2.926665
v 0.954231 15.443148 2.847178
v 0.487807 15.443808 2.987737
v 0.484588 15.858991 2.966686
v 0.976119 15.872419 2.916558
v 1.388657 15.442521 2.640605
v 1.815551 15.443130 2.422656
v 1.416016 15.443792 2.695970
v 1.406638 15.858975 2.676910
v 1.857491 15.872391 2.482107
v 2.163422 15.442506 2.096147
v 2.499755 15.443108 1.760805
v 2.206379 15.443768 2.140438
v 2.191684 15.858951 2.125221
v 2.558014 15.872353 1.804395
v 2.726763 15.442488 1.346170
v 2.939474 15.443090 0.925988
v 2.781334 15.443741 1.374837
v 2.762704 15.858927 1.365008
v 3.008478 15.872324 0.949077
v 3.023118 15.442478 0.463936
v 3.091082 15.443081 0.000000
v 3.083919 15.443725 0.473864
v 3.063190 15.858912 0.470464
v 3.163848 15.872311 0.000000
v 3.023116 15.442478 -0.463936
v 3.083916 15.443725 -0.473864
v 3.063188 15.858912 -0.470465
v 2.638023 15.651326 -1.299534
v 2.396263 15.612951 -1.683254
v 2.639946 15.567552 -1.300555
v 2.816967 15.612951 -0.884937
v 2.093558 15.651327 -2.024081
v 1.740995 15.612953 -2.316809
v 2.095079 15.567553 -2.025666
v 1.344154 15.651329 -2.550501
v 0.915297 15.612955 -2.723580
v 1.345127 15.567554 -2.552492
v 0.463165 15.651329 -2.827261
v 0.000040 15.612592 -2.863677
v 0.463499 15.567556 -2.829464
v -0.463125 15.650966 -2.827192
v -0.915057 15.610775 -2.723168
v -0.463259 15.565376 -2.829052
v -1.344111 15.650966 -2.550432
v -1.740952 15.612590 -2.316740
v -1.344885 15.565375 -2.552080
v -2.093557 15.651328 -2.024080
v -2.396264 15.612953 -1.683253
v -2.095078 15.567554 -2.025665
v -2.638025 15.651327 -1.299533
v -2.816969 15.612951 -0.884936
v -2.639947 15.567553 -1.300554
v -2.924266 15.651327 -0.447787
v -2.961934 15.612952 0.000000
v -2.926400 15.567552 -0.448140
v -2.924266 15.651327 0.447788
v -2.816969 15.612951 0.884937
v -2.926400 15.567552 0.448141
v -2.638025 15.651326 1.299534
v -2.396264 15.612951 1.683254
v -2.639947 15.567552 1.300555
v -2.093558 15.651327 2.024080
v -1.740994 15.612953 2.316809
v -2.095080 15.567553 2.025665
v -1.344153 15.651329 2.550501
v -0.915298 15.612955 2.723580
v -1.345127 15.567554 2.552492
v -0.463165 15.651329 2.827260
v -0.000000 15.612955 2.863745
v -0.463500 15.567556 2.829463
v 0.463164 15.651329 2.827260
v 0.915296 15.612955 2.723580
v 0.463499 15.567556 2.829463
v 1.344150 15.651329 2.550501
v 1.740991 15.612953 2.316809
v 1.345124 15.567554 2.552492
v 2.093556 15.651327 2.024080
v 2.396264 15.612951 1.683254
v 2.095077 15.567553 2.025665
v 2.638026 15.651326 1.299533
v 2.816969 15.612951 0.884936
v 2.639948 15.567552 1.300554
v 2.924265 15.651325 0.447787
v 2.961932 15.612951 -0.000000
v 2.926399 15.567552 0.448140
v 2.924263 15.651325 -0.447788
v 2.926398 15.567552 -0.448140
v 3.789790 12.342728 -0.580386
v 3.649513 13.045444 -1.146568
v 3.789790 13.486175 -0.580386
v 3.837323 13.045444 0.000000
v 3.789789 12.342728 0.580386
v 3.789788 13.486175 0.580386
v 3.649511 13.045444 1.146568
v 3.418818 12.342728 1.684344
v 3.418818 13.486175 1.684344
v 3.104460 13.045444 2.180901
v 2.713189 12.342728 2.623426
v 2.713189 13.486175 2.623426
v 2.255522 13.045444 3.001752
v 1.741975 12.342728 3.305710
v 1.741975 13.486175 3.305710
v 1.185798 13.045444 3.528771
v 0.600244 12.342728 3.664408
v 0.600244 13.486175 3.664408
v 0.000000 13.045444 3.710371
v -0.600244 12.342728 3.664408
v -0.600244 13.486175 3.664408
v -1.185798 13.045444 3.528771
v -1.741975 12.342728 3.305710
v -1.741975 13.486175 3.305710
v -2.255522 13.045444 3.001752
v -2.713190 12.342728 2.623426
v -2.713190 13.486175 2.623426
v -3.104462 13.045444 2.180901
v -3.418819 12.342728 1.684344
v -3.418819 13.486175 1.684344
v -3.649512 13.045444 1.146568
v -3.789789 12.342728 0.580386
v -3.789790 13.486175 0.580386
v -3.837325 13.045444 0.000000
v -3.789790 12.342728 -0.580386
v -3.789789 13.486175 -0.580386
v -3.649512 13.045444 -1.146568
v -3.418819 12.342728 -1.684343
v -3.418819 13.486175 -1.684343
v -3.104462 13.045444 -2.180900
v -2.713191 12.342728 -2.623426
v -2.713191 13.486175 -2.623427
v -2.255523 13.045444 -3.001753
v -1.741975 12.342728 -3.305710
v -1.741975 13.486175 -3.305710
v -1.185799 13.045444 -3.528772
v -0.600244 12.342728 -3.664408
v -0.600244 13.486175 -3.664408
v 0.000000 13.045444 -3.710371
v 0.600244 12.342728 -3.664408
v 0.600244 13.486175 -3.664408
v 1.185799 13.045444 -3.528772
v 1.741975 12.342728 -3.305711
v 1.741975 13.486175 -3.305711
v 2.255523 13.045444 -3.001753
v 2.713191 12.342728 -2.623427
v 2.713191 13.486175 -2.623427
v 3.104462 13.045444 -2.180901
v 3.418820 12.342728 -1.684344
v 3.418820 13.486175 -1.684344
v 3.649513 13.737558 -1.146568
v 3.837323 13.737558 0.000000
v 3.649511 13.737558 1.146568
v 3.104460 13.737558 2.180901
v 2.255522 13.737558 3.001752
v 1.185798 13.737558 3.528771
v 0.000000 13.737558 3.710371
v -1.185798 13.737558 3.528771
v -2.255522 13.737558 3.001752
v -3.104462 13.737558 2.180901
v -3.649512 13.737558 1.146568
v -3.837325 13.737558 0.000000
v -3.649512 13.737558 -1.146568
v -3.104462 13.737558 -2.180900
v -2.255523 13.737558 -3.001753
v -1.185799 13.737558 -3.528772
v 0.000000 13.737558 -3.710371
v 1.185799 13.737558 -3.528772
v 2.255523 13.737558 -3.001753
v 3.104462 13.737558 -2.180901
v 3.418820 7.691405 -1.684344
v 3.104462 8.896065 -2.180901
v 3.418820 10.100724 -1.684344
v 3.649513 8.896065 -1.146568
v 2.713191 7.691405 -2.623427
v 2.255523 8.896065 -3.001754
v 2.713191 10.100724 -2.623427
v 1.741975 7.691405 -3.305713
v 1.185799 8.896065 -3.528774
v 1.741975 10.100724 -3.305712
v 0.600244 7.691405 -3.664410
v 0.000000 8.896065 -3.710371
v 0.600244 10.100724 -3.664410
v -0.600244 7.691405 -3.664408
v -1.185799 8.896065 -3.528772
v -0.600244 10.100724 -3.664408
v -1.741975 7.691405 -3.305710
v -2.255523 8.896065 -3.001753
v -1.741975 10.100724 -3.305710
v -2.713191 7.691405 -2.623426
v -3.104462 8.896065 -2.180900
v -2.713191 10.100724 -2.623427
v -3.418819 7.691405 -1.684343
v -3.649512 8.896065 -1.146568
v -3.418819 10.100724 -1.684343
v -3.789790 7.691405 -0.580386
v -3.837325 8.896065 0.000000
v -3.789789 10.100724 -0.580386
v -3.789789 7.691405 0.580386
v -3.649512 8.896065 1.146568
v -3.789790 10.100724 0.580386
v -3.418819 7.691405 1.684344
v -3.104462 8.896065 2.180901
v -3.418819 10.100724 1.684344
v -2.713190 7.691405 2.623427
v -2.255522 8.896065 3.001753
v -2.713190 10.100724 2.623427
v -1.741975 7.691405 3.305710
v -1.185798 8.896065 3.528772
v -1.741975 10.100724 3.305710
v -0.600244 7.691405 3.664408
v 0.000000 8.896065 3.710371
v -0.600244 10.100724 3.664408
v 0.600244 7.691405 3.664408
v 1.185798 8.896065 3.528772
v 0.600244 10.100724 3.664408
v 1.741975 7.691405 3.305710
v 2.255522 8.896065 3.001752
v 1.741975 10.100724 3.305710
v 2.713189 7.691405 2.623426
v 3.104460 8.896065 2.180901
v 2.713189 10.100724 2.623426
v 3.418818 7.691405 1.684344
v 3.649512 8.896065 1.146568
v 3.418818 10.100724 1.684344
v 3.789789 7.691405 0.580386
v 3.837324 8.896065 0.000000
v 3.789789 10.100724 0.580386
v 3.789790 7.691405 -0.580386
v 3.789790 10.100724 -0.580386
v 3.418820 5.282087 -1.684344
v 3.104462 6.486746 -2.180901
v 3.649513 6.486746 -1.146568
v 2.713191 5.282087 -2.623427
v 2.255523 6.486746 -3.001754
v 1.741975 5.282087 -3.305713
v 1.185799 6.486746 -3.528775
v 0.600244 5.282087 -3.664410
v 0.000000 6.486746 -3.710371
v -0.600244 5.282087 -3.664408
v -1.185799 6.486746 -3.528772
v -1.741975 5.282087 -3.305710
v -2.255523 6.486746 -3.001753
v -2.713191 5.282087 -2.623426
v -3.104462 6.486746 -2.180900
v -3.418819 5.282087 -1.684343
v -3.649512 6.486746 -1.146568
v -3.789790 5.282087 -0.580386
v -3.837325 6.486746 0.000000
v -3.789789 5.282087 0.580386
v -3.649512 6.486746 1.146568
v -3.418819 5.282087 1.684344
v -3.104462 6.486746 2.180901
v -2.713190 5.282087 2.623427
v -2.255522 6.486746 3.001753
v -1.741975 5.282087 3.305710
v -1.185798 6.486746 3.528772
v -0.600244 5.282087 3.664408
v 0.000000 6.486746 3.710371
v 0.600244 5.282087 3.664408
v 1.185798 6.486746 3.528772
v 1.741975 5.282087 3.305710
v 2.255522 6.486746 3.001752
v 2.713189 5.282087 2.623426
v 3.104460 6.486746 2.180901
v 3.418818 5.282087 1.684344
v 3.649512 6.486746 1.146568
v 3.789789 5.282087 0.580386
v 3.837324 6.486746 0.000000
v 3.789790 5.282087 -0.580386
v 3.649513 11.305384 -1.146568
v 3.837324 11.305384 0.000000
v 3.649512 11.305384 1.146568
v 3.104460 11.305384 2.180901
v 2.255522 11.305384 3.001752
v 1.185798 11.305384 3.528771
v 0.000000 11.305384 3.710371
v -1.185798 11.305384 3.528772
v -2.255522 11.305384 3.001752
v -3.104462 11.305384 2.180901
v -3.649512 11.305384 1.146568
v -3.837325 11.305384 0.000000
v -3.649512 11.305384 -1.146568
v -3.104462 11.305384 -2.180900
v -2.255523 11.305384 -3.001753
v -1.185799 11.305384 -3.528772
v 0.000000 11.305384 -3.710371
v 1.185799 11.305384 -3.528773
v 2.255523 11.305384 -3.001754
v 3.104462 11.305384 -2.180901
v 3.104462 4.077427 -2.180901
v 3.649513 4.077427 -1.146568
v 2.255523 4.077427 -3.001754
v 1.185799 4.077427 -3.528775
v 0.000000 4.077427 -3.710371
v -1.185799 4.077427 -3.528772
v -2.255523 4.077427 -3.001753
v -3.104462 4.077427 -2.180900
v -3.649512 4.077427 -1.146568
v -3.837325 4.077427 0.000000
v -3.649512 4.077427 1.146568
v -3.104462 4.077427 2.180901
v -2.255522 4.077427 3.001753
v -1.185798 4.077427 3.528772
v 0.000000 4.077427 3.710371
v 1.185798 4.077427 3.528772
v 2.255522 4.077427 3.001752
v 3.104460 4.077427 2.180901
v 3.649511 4.077427 1.146568
v 3.837323 4.077427 0.000000
v 2.637124 15.690488 -1.299057
v 2.395130 15.667395 -1.682397
v 2.815632 15.667394 -0.884485
v 2.092847 15.690489 -2.023340
v 1.740175 15.667397 -2.315632
v 1.343698 15.690489 -2.549571
v 0.914867 15.667397 -2.722200
v 0.463008 15.690489 -2.826231
v 0.000000 15.667397 -2.862297
v -0.463008 15.690489 -2.826231
v -0.914867 15.667397 -2.722200
v -1.343696 15.690489 -2.549571
v -1.740172 15.667397 -2.315632
v -2.092846 15.690489 -2.023339
v -2.395131 15.667397 -1.682396
v -2.637126 15.690489 -1.299056
v -2.815634 15.667395 -0.884484
v -2.923267 15.690488 -0.447623
v -2.960528 15.667396 0.000000
v -2.923267 15.690488 0.447623
v -2.815634 15.667395 0.884485
v -2.637126 15.690488 1.299057
v -2.395132 15.667395 1.682396
v -2.092847 15.690489 2.023339
v -1.740174 15.667397 2.315632
v -1.343698 15.690489 2.549570
v -0.914868 15.667397 2.722200
v -0.463008 15.690489 2.826230
v -0.000000 15.667397 2.862295
v 0.463008 15.690489 2.826230
v 0.914866 15.667397 2.722200
v 1.343695 15.690489 2.549570
v 1.740170 15.667397 2.315632
v 2.092845 15.690489 2.023339
v 2.395131 15.667395 1.682396
v 2.637126 15.690488 1.299056
v 2.815634 15.667394 0.884484
v 2.923266 15.690487 0.447623
v 2.960526 15.667394 -0.000000
v 2.923265 15.690487 -0.447623
v 2.818991 15.530408 -0.885622
v 2.745705 15.503860 -0.422811
v 2.964062 15.530408 -0.000000
v 2.765908 15.503860 0.426376
v 2.818994 15.530408 0.885622
v 2.533199 15.503860 1.257923
v 3.030231 14.667405 -1.492900
v 2.404806 14.667405 -2.325246
v 1.543981 14.667405 -2.929980
v 0.532019 14.667405 -3.247908
v -0.532019 14.667405 -3.247908
v -1.543980 14.667405 -2.929980
v -2.404806 14.667405 -2.325245
v -3.030232 14.667405 -1.492899
v -3.359038 14.667405 -0.514418
v -3.359038 14.667405 0.514418
v -3.030232 14.667405 1.492900
v -2.404806 14.667405 2.325245
v -1.543980 14.667405 2.929979
v -0.532019 14.667405 3.247908
v 0.532019 14.667405 3.247908
v 1.543979 14.667405 2.929979
v 2.404804 14.667405 2.325245
v 3.030231 14.667405 1.492900
v 3.359037 14.667405 0.514418
v 3.359036 14.667405 -0.514418
v 3.418820 2.780434 -1.684344
v 2.713191 2.780434 -2.623428
v 1.741976 2.780434 -3.305713
v 0.600244 2.780434 -3.664411
v -0.600244 2.780434 -3.664409
v -1.741976 2.780434 -3.305711
v -2.713191 2.780434 -2.623426
v -3.418819 2.780434 -1.684344
v -3.789790 2.780434 -0.580386
v -3.789790 2.780434 0.580386
v -3.418819 2.780434 1.684344
v -2.713190 2.780434 2.623427
v -1.741975 2.780434 3.305710
v -0.600244 2.780434 3.664409
v 0.600244 2.780434 3.664409
v 1.741975 2.780434 3.305710
v 2.713189 2.780434 2.623426
v 3.418818 2.780434 1.684344
v 3.789788 2.780434 0.580386
v 3.789790 2.780434 -0.580386
v 3.075792 2.257578 -1.515345
v 2.440962 2.257578 -2.360205
v 1.567194 2.257578 -2.974033
v 0.540018 2.257578 -3.296741
v -0.540018 2.257578 -3.296740
v -1.567194 2.257578 -2.974032
v -2.440962 2.257578 -2.360205
v -3.075791 2.257578 -1.515345
v -3.409540 2.257578 -0.522152
v -3.409540 2.257578 0.522152
v -3.075791 2.257578 1.515345
v -2.440962 2.257578 2.360205
v -1.567194 2.257578 2.974031
v -0.540018 2.257578 3.296740
v 0.540018 2.257578 3.296740
v 1.567193 2.257578 2.974031
v 2.440960 2.257578 2.360204
v 3.075789 2.257578 1.515345
v 3.409539 2.257578 0.522152
v 3.409541 2.257578 -0.522152
v 0.700369 15.387655 0.004444
v 0.070748 15.393642 1.211000
v -0.249676 15.387466 -0.501554
v -0.263274 15.387444 2.232637
v 0.282786 15.387435 2.221293
v 0.812406 15.387414 2.040161
v 1.220822 15.387388 1.666498
v 1.356323 15.387384 1.130885
v 1.255763 15.387424 0.627510
v 0.894557 15.388342 0.193261
v 0.316007 2.325651 -0.230614
v 0.241019 2.325635 -0.330382
v 0.137794 2.325620 -0.402877
v 0.016436 2.325609 -0.440993
v -0.111173 2.325609 -0.440993
v -0.232532 2.325620 -0.402877
v -0.335756 2.325635 -0.330382
v -0.410744 2.325651 -0.230614
v -0.450164 2.325664 -0.113341
v -0.450164 2.325664 0.009962
v -0.410744 2.325651 0.127235
v -0.335756 2.325635 0.227003
v -0.232532 2.325620 0.299498
v -0.111173 2.325609 0.337614
v 0.016436 2.325609 0.337614
v 0.137794 2.325620 0.299498
v 0.241019 2.325635 0.227003
v 0.316007 2.325651 0.127235
v 0.355426 2.325664 0.009962
v 0.355427 2.325664 -0.113341
v 2.869052 15.884619 -1.420876
v 2.275402 15.884663 -2.211536
v 1.459958 15.884708 -2.784807
v 0.502870 15.884735 -3.085707
v -0.502870 15.884735 -3.085707
v -1.459957 15.884708 -2.784808
v -2.275401 15.884665 -2.211536
v -2.869054 15.884619 -1.420875
v -3.181679 15.884592 -0.489813
v -3.181679 15.884592 0.489813
v -2.869054 15.884619 1.420876
v -2.275402 15.884663 2.211536
v -1.459958 15.884708 2.784807
v -0.502870 15.884735 3.085706
v 0.502870 15.884735 3.085706
v 1.459955 15.884708 2.784807
v 2.275400 15.884665 2.211536
v 2.869054 15.884619 1.420875
v 3.181678 15.884591 0.489812
v 3.181677 15.884592 -0.489813
v 2.753313 15.443098 -1.360118
v 2.817740 15.872337 -1.393920
v 2.184325 15.443119 -2.117698
v 2.235010 15.872372 -2.169890
v 1.401971 15.443140 -2.667544
v 1.434233 15.872408 -2.732748
v 0.482991 15.443151 -2.956382
v 0.494049 15.872429 -3.028281
v -0.482991 15.443151 -2.956382
v -0.494049 15.872429 -3.028281
v -1.401970 15.443140 -2.667544
v -1.434232 15.872408 -2.732749
v -2.184325 15.443119 -2.117697
v -2.235009 15.872372 -2.169890
v -2.753315 15.443098 -1.360117
v -2.817741 15.872337 -1.393919
v -3.052702 15.443085 -0.468767
v -3.124510 15.872316 -0.480478
v -3.052702 15.443085 0.468767
v -3.124510 15.872316 0.480478
v -2.753315 15.443098 1.360117
v -2.817741 15.872337 1.393920
v -2.184326 15.443119 2.117697
v -2.235011 15.872372 2.169890
v -1.401971 15.443140 2.667544
v -1.434233 15.872408 2.732748
v -0.482992 15.443151 2.956381
v -0.494049 15.872429 3.028281
v 0.482991 15.443151 2.956381
v 0.494049 15.872429 3.028281
v 1.401969 15.443140 2.667543
v 1.434230 15.872408 2.732748
v 2.184323 15.443119 2.117698
v 2.235008 15.872372 2.169890
v 2.753315 15.443098 1.360118
v 2.817742 15.872337 1.393920
v 3.052701 15.443085 0.468767
v 3.124509 15.872315 0.480478
v 3.052699 15.443085 -0.468767
v 3.124507 15.872315 -0.480478
v 2.638904 15.612950 -1.300002
v 2.094254 15.612951 -2.024806
v 1.344599 15.612954 -2.551413
v 0.463318 15.612956 -2.828270
v -0.463158 15.611503 -2.827995
v -1.344437 15.611502 -2.551139
v -2.094254 15.612953 -2.024806
v -2.638906 15.612951 -1.300001
v -2.925244 15.612950 -0.447949
v -2.925244 15.612950 0.447949
v -2.638906 15.612950 1.300002
v -2.094255 15.612951 2.024806
v -1.344599 15.612954 2.551413
v -0.463318 15.612956 2.828269
v 0.463318 15.612956 2.828269
v 1.344596 15.612955 2.551413
v 2.094253 15.612951 2.024806
v 2.638906 15.612950 1.300001
v 2.925243 15.612950 0.447949
v 2.925241 15.612950 -0.447949
v 3.789790 13.045445 -0.580386
v 3.789789 13.045445 0.580386
v 3.418818 13.045445 1.684344
v 2.713189 13.045445 2.623426
v 1.741975 13.045445 3.305709
v 0.600244 13.045445 3.664408
v -0.600244 13.045445 3.664408
v -1.741975 13.045445 3.305710
v -2.713190 13.045445 2.623426
v -3.418819 13.045445 1.684344
v -3.789790 13.045445 0.580386
v -3.789790 13.045445 -0.580386
v -3.418819 13.045445 -1.684344
v -2.713191 13.045445 -2.623426
v -1.741976 13.045445 -3.305711
v -0.600244 13.045445 -3.664409
v 0.600244 13.045445 -3.664409
v 1.741976 13.045445 -3.305711
v 2.713191 13.045445 -2.623428
v 3.418820 13.045445 -1.684344
v 3.789790 13.737558 -0.580386
v 3.789788 13.737558 0.580386
v 3.418818 13.737558 1.684344
v 2.713189 13.737558 2.623426
v 1.741975 13.737558 3.305709
v 0.600244 13.737558 3.664408
v -0.600244 13.737558 3.664408
v -1.741975 13.737558 3.305709
v -2.713190 13.737558 2.623426
v -3.418819 13.737558 1.684344
v -3.789790 13.737558 0.580386
v -3.789790 13.737558 -0.580386
v -3.418819 13.737558 -1.684344
v -2.713191 13.737558 -2.623426
v -1.741976 13.737558 -3.305711
v -0.600244 13.737558 -3.664409
v 0.600244 13.737558 -3.664409
v 1.741976 13.737558 -3.305711
v 2.713191 13.737558 -2.623428
v 3.418820 13.737558 -1.684344
v 3.418820 8.896065 -1.684344
v 2.713191 8.896065 -2.623428
v 1.741976 8.896065 -3.305713
v 0.600244 8.896065 -3.664410
v -0.600244 8.896065 -3.664409
v -1.741976 8.896065 -3.305711
v -2.713191 8.896065 -2.623426
v -3.418819 8.896065 -1.684344
v -3.789790 8.896065 -0.580386
v -3.789790 8.896065 0.580386
v -3.418819 8.896065 1.684344
v -2.713190 8.896065 2.623427
v -1.741975 8.896065 3.305710
v -0.600244 8.896065 3.664409
v 0.600244 8.896065 3.664409
v 1.741975 8.896065 3.305710
v 2.713189 8.896065 2.623426
v 3.418818 8.896065 1.684344
v 3.789789 8.896065 0.580386
v 3.789790 8.896065 -0.580386
v 3.418820 6.486745 -1.684344
v 2.713191 6.486745 -2.623428
v 1.741976 6.486745 -3.305713
v 0.600244 6.486745 -3.664411
v -0.600244 6.486745 -3.664409
v -1.741976 6.486745 -3.305711
v -2.713191 6.486745 -2.623426
v -3.418819 6.486745 -1.684344
v -3.789790 6.486745 -0.580386
v -3.789790 6.486745 0.580386
v -3.418819 6.486745 1.684344
v -2.713190 6.486745 2.623427
v -1.741975 6.486745 3.305710
v -0.600244 6.486745 3.664409
v 0.600244 6.486745 3.664409
v 1.741975 6.486745 3.305710
v 2.713189 6.486745 2.623426
v 3.418818 6.486745 1.684344
v 3.789789 6.486745 0.580386
v 3.789790 6.486745 -0.580386
v 3.789790 11.305384 -0.580386
v 3.789789 11.305384 0.580386
v 3.418818 11.305384 1.684344
v 2.713189 11.305384 2.623426
v 1.741975 11.305384 3.305710
v 0.600244 11.305384 3.664408
v -0.600244 11.305384 3.664409
v -1.741975 11.305384 3.305710
v -2.713190 11.305384 2.623427
v -3.418819 11.305384 1.684344
v -3.789790 11.305384 0.580386
v -3.789790 11.305384 -0.580386
v -3.418819 11.305384 -1.684344
v -2.713191 11.305384 -2.623426
v -1.741976 11.305384 -3.305711
v -0.600244 11.305384 -3.664409
v 0.600244 11.305384 -3.664409
v 1.741976 11.305384 -3.305712
v 2.713191 11.305384 -2.623428
v 3.418820 11.305384 -1.684344
v 3.418820 4.077427 -1.684344
v 2.713191 4.077427 -2.623428
v 1.741976 4.077427 -3.305713
v 0.600244 4.077427 -3.664411
v -0.600244 4.077427 -3.664409
v -1.741976 4.077427 -3.305711
v -2.713191 4.077427 -2.623426
v -3.418819 4.077427 -1.684344
v -3.789790 4.077427 -0.580386
v -3.789790 4.077427 0.580386
v -3.418819 4.077427 1.684344
v -2.713190 4.077427 2.623427
v -1.741975 4.077427 3.305710
v -0.600244 4.077427 3.664409
v 0.600244 4.077427 3.664409
v 1.741975 4.077427 3.305710
v 2.713189 4.077427 2.623426
v 3.418818 4.077427 1.684344
v 3.789789 4.077427 0.580386
v 3.789790 4.077427 -0.580386
v 2.637654 15.667394 -1.299339
v 2.093266 15.667395 -2.023777
v 1.343966 15.667397 -2.550119
v 0.463100 15.667397 -2.826839
v -0.463100 15.667397 -2.826839
v -1.343965 15.667397 -2.550120
v -2.093265 15.667396 -2.023776
v -2.637656 15.667395 -1.299337
v -2.923856 15.667395 -0.447720
v -2.923856 15.667395 0.447720
v -2.637656 15.667394 1.299338
v -2.093266 15.667395 2.023776
v -1.343966 15.667397 2.550119
v -0.463101 15.667397 2.826838
v 0.463100 15.667397 2.826838
v 1.343964 15.667397 2.550119
v 2.093264 15.667395 2.023776
v 2.637656 15.667394 1.299338
v 2.923855 15.667393 0.447720
v 2.923853 15.667393 -0.447720
v 2.927345 15.530407 -0.448296
v 2.927347 15.530407 0.448296
v 2.640800 15.530407 1.301007
v 2.095752 15.530409 2.026368
v 1.345556 15.530411 2.553375
v 0.463647 15.530411 2.830440
v -0.463648 15.530411 2.830440
v -1.345559 15.530411 2.553375
v -2.095754 15.530409 2.026368
v -2.640800 15.530407 1.301008
v -2.927347 15.530407 0.448297
v -2.927347 15.530407 -0.448296
v -2.640800 15.530408 -1.301006
v -2.095752 15.530409 -2.026367
v -1.345397 15.528957 -2.553101
v -0.463488 15.528957 -2.830166
v 0.463648 15.530411 -2.830441
v 1.345558 15.530411 -2.553375
v 2.095753 15.530409 -2.026368
v 2.640798 15.530407 -1.301008
v 2.687403 15.441587 -1.325494
v 2.132443 15.441596 -2.064204
v 1.368928 15.441605 -2.600676
v 0.471661 15.441609 -2.882620
v -0.471661 15.441609 -2.882620
v -1.368926 15.441605 -2.600676
v -2.132442 15.441597 -2.064204
v -2.687405 15.441587 -1.325493
v -2.979270 15.441582 -0.456775
v -2.979269 15.441583 0.456776
v -2.687405 15.441587 1.325494
v -2.132443 15.441596 2.064204
v -1.368928 15.441605 2.600675
v -0.471662 15.441609 2.882619
v 0.471661 15.441609 2.882619
v 1.368925 15.441605 2.600675
v 2.132441 15.441597 2.064204
v 2.687406 15.441587 1.325494
v 2.979268 15.441582 0.456776
v 2.979266 15.441583 -0.456776
v 2.655583 1.730190 -1.308321
v 2.107482 1.730190 -2.037758
v 1.353086 1.730190 -2.567725
v 0.466242 1.730190 -2.846345
v -0.466242 1.730190 -2.846345
v -1.353087 1.730190 -2.567724
v -2.107481 1.730190 -2.037757
v -2.655581 1.730190 -1.308321
v -2.943734 1.730190 -0.450817
v -2.943734 1.730190 0.450817
v -2.655581 1.730190 1.308321
v -2.107481 1.730190 2.037757
v -1.353086 1.730190 2.567725
v -0.466242 1.730190 2.846345
v 0.466242 1.730190 2.846344
v 1.353086 1.730190 2.567724
v 2.107481 1.730190 2.037757
v 2.655580 1.730190 1.308321
v 2.943733 1.730190 0.450817
v 2.943735 1.730190 -0.450817
v 1.797559 1.911172 -0.299991
v 1.797558 1.911172 0.256637
v 1.619660 1.911166 0.786023
v 1.281274 1.911160 1.236350
v 0.815521 1.911154 1.563536
v 0.267990 1.911149 1.735549
v -0.307720 1.911149 1.735549
v -0.855251 1.911153 1.563536
v -1.321004 1.911160 1.236350
v -1.659391 1.911166 0.786023
v -1.837289 1.911172 0.256637
v -1.837289 1.911172 -0.299991
v -1.659391 1.911166 -0.829377
v -1.321005 1.911160 -1.279705
v -0.855251 1.911154 -1.606891
v -0.307720 1.911149 -1.778904
v 0.267990 1.911149 -1.778904
v 0.815521 1.911153 -1.606891
v 1.281275 1.911160 -1.279705
v 1.619661 1.911166 -0.829378
v 1.639112 15.487981 -1.614538
v 1.126811 15.487988 -2.212575
v 0.410368 15.490267 -2.590842
v -0.455526 15.490268 -2.564698
v -1.169591 15.490265 -2.184055
v -1.636735 15.490259 -1.612160
v -1.971205 15.490252 -0.992392
v -2.172960 15.490250 -0.350831
v -2.246638 15.490249 0.367469
v -2.168473 15.490252 1.118359
v -1.860148 15.490258 1.830819
v -1.257532 15.490265 2.400336
v -0.438890 15.490267 2.697793
v 0.443641 15.490268 2.688286
v 1.269412 15.490265 2.400336
v 1.886289 15.490258 1.847456
v 2.208877 15.490252 1.127866
v 2.279911 15.490250 0.360338
v 2.199101 15.490249 -0.346078
v 1.994970 15.490252 -0.978133
v 2.700205 15.843699 -1.332177
v 2.993557 15.843692 -0.459095
v 2.993558 15.843691 0.459095
v 2.700207 15.843699 1.332177
v 2.142488 15.843712 2.074497
v 1.375305 15.843725 2.613503
v 0.473844 15.843734 2.896743
v -0.473845 15.843733 2.896743
v -1.375308 15.843726 2.613503
v -2.142490 15.843712 2.074496
v -2.700207 15.843699 1.332177
v -2.993559 15.843693 0.459095
v -2.993559 15.843693 -0.459095
v -2.700207 15.843700 -1.332176
v -2.142489 15.843714 -2.074496
v -1.375306 15.843725 -2.613503
v -0.473845 15.843734 -2.896744
v 0.473844 15.843733 -2.896744
v 1.375307 15.843726 -2.613503
v 2.142490 15.843712 -2.074497
v 3.132667 15.444723 -0.481825
v 3.132669 15.444723 0.481825
v 2.825090 15.444746 1.397823
v 2.240823 15.444777 2.175951
v 1.437953 15.444812 2.740363
v 0.495329 15.444833 3.036707
v -0.495330 15.444833 3.036708
v -1.437955 15.444812 2.740364
v -2.240825 15.444778 2.175951
v -2.825090 15.444745 1.397822
v -3.132669 15.444723 0.481825
v -3.132669 15.444723 -0.481825
v -2.825089 15.444746 -1.397822
v -2.240824 15.444777 -2.175951
v -1.437954 15.444812 -2.740364
v -0.495330 15.444833 -3.036708
v 0.495329 15.444833 -3.036708
v 1.437955 15.444812 -2.740364
v 2.240824 15.444778 -2.175951
v 2.825087 15.444745 -1.397823
v 2.278433 15.665207 -2.214695
v 1.461898 15.665251 -2.788776
v 0.503537 15.665277 -3.090098
v -0.503538 15.665277 -3.090098
v -1.461897 15.665251 -2.788776
v -2.278433 15.665208 -2.214695
v -2.872886 15.665164 -1.422909
v -3.185935 15.665137 -0.490515
v -3.185935 15.665137 0.490516
v -2.872886 15.665164 1.422910
v -2.278434 15.665207 2.214695
v -1.461899 15.665251 2.788775
v -0.503538 15.665277 3.090097
v 0.503537 15.665277 3.090097
v 1.461896 15.665251 2.788775
v 2.278431 15.665207 2.214695
v 2.872887 15.665163 1.422910
v 3.185935 15.665137 0.490515
v 3.185933 15.665137 -0.490515
v 2.872884 15.665164 -1.422910
v 2.635760 15.749937 -1.298333
v 2.091767 15.749938 -2.022215
v 1.343007 15.749939 -2.548158
v 0.462770 15.749939 -2.824669
v -0.462770 15.749939 -2.824669
v -1.343005 15.749939 -2.548158
v -2.091767 15.749939 -2.022214
v -2.635761 15.749938 -1.298331
v -2.921751 15.749937 -0.447373
v -2.921751 15.749937 0.447373
v -2.635762 15.749937 1.298332
v -2.091768 15.749938 2.022214
v -1.343007 15.749939 2.548157
v -0.462771 15.749939 2.824667
v 0.462770 15.749939 2.824667
v 1.343004 15.749939 2.548157
v 2.091765 15.749938 2.022214
v 2.635762 15.749937 1.298332
v 2.921751 15.749936 0.447373
v 2.921749 15.749937 -0.447373
v 2.569825 1.622560 -1.266071
v 2.039424 1.622560 -1.971952
v 1.309391 1.622560 -2.484805
v 0.451185 1.622560 -2.754428
v -0.451185 1.622560 -2.754427
v -1.309391 1.622560 -2.484805
v -2.039425 1.622560 -1.971952
v -2.569824 1.622560 -1.266071
v -2.848672 1.622560 -0.436258
v -2.848672 1.622560 0.436258
v -2.569824 1.622560 1.266071
v -2.039424 1.622560 1.971952
v -1.309391 1.622560 2.484804
v -0.451185 1.622560 2.754427
v 0.451185 1.622560 2.754427
v 1.309391 1.622560 2.484804
v 2.039424 1.622560 1.971952
v 2.569824 1.622560 1.266071
v 2.848671 1.622560 0.436258
v 2.848673 1.622560 -0.436258
v 1.145872 15.372975 -1.197598
v 0.892622 15.370882 -1.863737
v 0.361724 15.375615 -2.353983
v -0.445717 15.375545 -2.302200
v -0.995078 15.375539 -1.817988
v -1.182181 15.375605 -1.200682
v -1.308284 15.375703 -0.686319
v -1.426378 15.375778 -0.255996
v -1.574063 15.375792 0.284249
v -1.703709 15.375735 0.933998
v -1.630714 15.375639 1.634766
v -1.173772 15.375555 2.248358
v -0.416493 15.375515 2.567481
v 0.422787 15.375502 2.549074
v 1.193633 15.375496 2.250352
v 1.678538 15.375494 1.671201
v 1.780494 15.375521 0.956255
v 1.637948 15.375593 0.272372
v 1.477814 15.375691 -0.245127
v 1.334764 15.377794 -0.660302
v 1.167729 15.435842 -1.205657
v 0.901765 15.434410 -1.873477
v 0.358829 15.440904 -2.351793
v -0.446661 15.440876 -2.299703
v -0.993963 15.440870 -1.815536
v -1.179106 15.440889 -1.198646
v -1.303771 15.440922 -0.684532
v -1.421127 15.440948 -0.254315
v -1.568613 15.440952 0.285617
v -1.698656 15.440934 0.934794
v -1.626602 15.440903 1.634693
v -1.170948 15.440876 2.247237
v -0.414978 15.440864 2.565536
v 0.423222 15.440859 2.546761
v 1.193179 15.440853 2.248020
v 1.677135 15.440846 1.669209
v 1.777884 15.440851 0.955082
v 1.634115 15.440875 0.272293
v 1.473079 15.440912 -0.244273
v 1.343034 15.442359 -0.656996
v 0.145405 15.393442 1.214066
v -1.238893 15.387573 0.662216
v -1.098447 15.387563 0.328148
v -0.936378 15.387521 0.142489
v -0.769060 15.387470 -0.034432
v -1.328144 15.387546 1.123570
v -1.209821 15.387497 1.633715
v -0.805365 15.387461 2.034758
v -0.598221 15.387446 -0.288484
v 1.093477 15.387501 0.333907
v -0.427567 15.356268 -2.155738
v -0.957624 15.356262 -1.690599
v -1.139886 15.356339 -1.096980
v -1.262882 15.356451 -0.601557
v -1.377208 15.356538 -0.186402
v -1.518893 15.356554 0.334359
v -1.642244 15.356487 0.960084
v -1.570343 15.356376 1.634463
v -1.129555 15.356282 2.224734
v -0.400376 15.356236 2.531831
v 0.407489 15.356219 2.514305
v 1.149534 15.356211 2.227056
v 1.617022 15.356210 1.670052
v 1.716783 15.356239 0.982094
v 1.581342 15.356323 0.323460
v 1.428100 15.356437 -0.175687
v 1.285717 15.357708 -0.577097
v 1.098390 15.356609 -1.082171
v 0.856332 15.355534 -1.714942
v 0.348754 15.356533 -2.198311
v 0.358386 15.353802 -2.306004
v -0.439831 15.353660 -2.257165
v -0.983678 15.353655 -1.778887
v -1.169748 15.353735 -1.168861
v -1.295232 15.353853 -0.660339
v -1.412331 15.353945 -0.234718
v -1.558196 15.353961 0.299532
v -1.685783 15.353891 0.941933
v -1.612900 15.353773 1.634688
v -1.160679 15.353676 2.241268
v -0.411839 15.353626 2.556844
v 0.417914 15.353610 2.538801
v 1.180001 15.353603 2.243659
v 1.659709 15.353601 1.671328
v 1.761274 15.353635 0.964592
v 1.621239 15.353723 0.288312
v 1.463472 15.353840 -0.223696
v 1.317470 15.355147 -0.635177
v 1.125763 15.354014 -1.153620
v 0.879091 15.352775 -1.808952
v 0.244119 15.390375 1.198970
v 0.365949 15.390459 1.164558
v 0.503669 15.390153 1.136152
v 0.589661 15.390100 1.214194
v 0.613369 15.390130 1.422423
v 0.507881 15.390213 1.643838
v 0.303389 15.390313 1.760891
v 0.108549 15.390373 1.809904
v -0.071782 15.390372 1.812644
v -0.285476 15.390316 1.756721
v -0.499043 15.390231 1.628808
v -0.601063 15.390165 1.426213
v -0.582705 15.390133 1.243472
v -0.512418 15.390146 1.134867
v -0.397299 15.390210 1.124771
v -0.271721 15.390314 1.167408
v -0.164094 15.390432 1.187901
v -0.045060 15.390515 1.194496
v 0.524769 15.387459 -0.291595
v 0.212019 15.388118 -0.524511
v 0.080562 15.385019 1.094769
v 0.205352 15.384611 1.084092
v 0.317512 15.383955 1.055189
v 0.521328 15.384187 0.934307
v 0.778149 15.383693 0.818636
v 0.951225 15.383628 0.912834
v 1.019082 15.383640 1.269810
v 0.846843 15.383718 1.662166
v 0.491025 15.383824 1.859692
v 0.163374 15.383888 1.938517
v -0.132096 15.383887 1.944015
v -0.497303 15.383835 1.851325
v -0.871482 15.383760 1.631753
v -1.036804 15.383713 1.276861
v -0.979513 15.383695 0.971359
v -0.838573 15.383714 0.817339
v -0.628079 15.383778 0.856616
v -0.415340 15.383866 0.992088
v -0.253509 15.383979 1.069452
v -0.078449 15.384069 1.101760
v 0.080560 15.399561 1.092832
v -0.078471 15.398602 1.099726
v -0.253320 15.398538 1.067637
v -0.415006 15.398463 0.990637
v -0.627860 15.398409 0.855630
v -0.838720 15.398373 0.816864
v -0.979903 15.398363 0.971207
v -1.037273 15.398378 1.276975
v -0.871968 15.398411 1.632339
v -0.497700 15.398460 1.852423
v -0.132249 15.398495 1.945381
v 0.163556 15.398493 1.939907
v 0.491431 15.398441 1.860857
v 0.847344 15.398361 1.662812
v 1.019577 15.398304 1.269936
v 0.951573 15.398294 0.912611
v 0.778177 15.398348 0.818019
v 0.521086 15.398815 0.933222
v 0.317431 15.398558 1.053771
v 0.205487 15.399185 1.082430
v 0.080557 15.412581 1.091097
v -0.078490 15.411615 1.097905
v -0.253150 15.411573 1.066012
v -0.414706 15.411531 0.989338
v -0.627664 15.411509 0.854746
v -0.838852 15.411497 0.816438
v -0.980253 15.411498 0.971071
v -1.037692 15.411510 1.277078
v -0.872403 15.411528 1.632863
v -0.498056 15.411554 1.853406
v -0.132386 15.411575 1.946604
v 0.163718 15.411571 1.941152
v 0.491795 15.411533 1.861901
v 0.847791 15.411476 1.663391
v 1.020020 15.411432 1.270048
v 0.951885 15.411427 0.912410
v 0.778203 15.411470 0.817466
v 0.520870 15.411914 0.932250
v 0.317359 15.411633 1.052503
v 0.205609 15.412236 1.080943
v 0.053357 15.404081 1.285351
v 0.210451 15.403916 1.394275
v 0.229204 15.403814 1.453364
v 0.228268 15.403782 1.515443
v 0.207899 15.403826 1.575098
v 0.169165 15.403903 1.625828
v 0.115952 15.403985 1.662665
v 0.053815 15.404036 1.681975
v -0.011544 15.404036 1.681945
v -0.073844 15.403984 1.662657
v -0.126842 15.403902 1.626150
v -0.165552 15.403826 1.575620
v -0.186089 15.403781 1.515509
v -0.186336 15.403781 1.452161
v -0.166410 15.403835 1.392442
v -0.127937 15.403933 1.342016
v -0.074586 15.404038 1.305458
v -0.011681 15.404103 1.286232
v 0.170685 15.403970 1.342056
v 0.115279 15.404005 1.303829
v 0.040160 15.404196 1.383763
v 0.122877 15.404030 1.439716
v 0.131343 15.403930 1.468215
v 0.130601 15.403895 1.499083
v 0.120382 15.403940 1.528992
v 0.100376 15.404018 1.554562
v 0.072049 15.404099 1.573714
v 0.038451 15.404150 1.583929
v 0.002874 15.404150 1.583748
v -0.030869 15.404099 1.573234
v -0.058875 15.404015 1.554077
v -0.078586 15.403938 1.528551
v -0.088669 15.403894 1.498687
v -0.088659 15.403894 1.467407
v -0.078818 15.403950 1.438220
v -0.059326 15.404049 1.413348
v -0.031031 15.404154 1.394587
v 0.004047 15.404219 1.384432
v 0.102656 15.404083 1.413748
v 0.073158 15.404119 1.393487
vt 0.486400 0.675229
vt 0.491101 0.654724
vt 0.488942 0.633952
vt 0.480478 0.614963
vt 0.466754 0.599485
vt 0.449211 0.588876
vt 0.429578 0.584022
vt 0.409718 0.585276
vt 0.391459 0.592429
vt 0.376438 0.604768
vt 0.366003 0.621153
vt 0.361112 0.640097
vt 0.362240 0.659886
vt 0.369358 0.678699
vt 0.381882 0.694749
vt 0.398711 0.706471
vt 0.418319 0.712652
vt 0.438894 0.712545
vt 0.458461 0.705932
vt 0.474982 0.693131
vt 0.731854 0.436180
vt 0.742963 0.482911
vt 0.769930 0.436180
vt 0.772857 0.482911
vt 0.808747 0.436180
vt 0.803332 0.482911
vt 0.848334 0.436180
vt 0.834411 0.482911
vt 0.888411 0.436180
vt 0.111653 0.436180
vt 0.256047 0.482911
vt 0.865875 0.482911
vt 0.151730 0.436180
vt 0.287511 0.482911
vt 0.191316 0.436180
vt 0.318590 0.482911
vt 0.230134 0.436180
vt 0.349066 0.482911
vt 0.268210 0.436180
vt 0.378959 0.482911
vt 0.305842 0.436180
vt 0.408504 0.482911
vt 0.343474 0.436180
vt 0.438049 0.482911
vt 0.381551 0.436180
vt 0.467942 0.482911
vt 0.420368 0.436180
vt 0.498418 0.482911
vt 0.459955 0.436180
vt 0.529497 0.482911
vt 0.500032 0.436180
vt 0.560961 0.482911
vt 0.540109 0.436180
vt 0.592425 0.482911
vt 0.579695 0.436180
vt 0.623504 0.482911
vt 0.618513 0.436180
vt 0.653980 0.482911
vt 0.656589 0.436180
vt 0.683874 0.482911
vt 0.694221 0.436180
vt 0.713418 0.482911
vt 0.731909 0.393781
vt 0.770023 0.393781
vt 0.808843 0.393781
vt 0.848395 0.393781
vt 0.888411 0.389088
vt 0.111653 0.389088
vt 0.151668 0.393781
vt 0.191220 0.393781
vt 0.230041 0.393781
vt 0.268154 0.393781
vt 0.305842 0.393781
vt 0.343530 0.393781
vt 0.381643 0.393781
vt 0.420464 0.393781
vt 0.460016 0.393781
vt 0.500032 0.393781
vt 0.540047 0.393781
vt 0.579599 0.393781
vt 0.618420 0.393781
vt 0.656534 0.393781
vt 0.694221 0.393781
vt 0.731853 0.047801
vt 0.533924 0.693837
vt 0.769930 0.047801
vt 0.539782 0.657652
vt 0.808747 0.047801
vt 0.534724 0.622204
vt 0.848334 0.047801
vt 0.519526 0.590223
vt 0.888411 0.047801
vt 0.495767 0.564370
vt 0.111653 0.047801
vt 0.151730 0.047801
vt 0.465794 0.546828
vt 0.191316 0.047801
vt 0.432413 0.539032
vt 0.230134 0.047801
vt 0.398766 0.541557
vt 0.268210 0.047801
vt 0.367912 0.553943
vt 0.305842 0.047801
vt 0.342545 0.574942
vt 0.343474 0.047801
vt 0.324839 0.602676
vt 0.381551 0.047801
vt 0.316352 0.634737
vt 0.420368 0.047801
vt 0.317977 0.668274
vt 0.459955 0.047801
vt 0.329684 0.700263
vt 0.500032 0.047801
vt 0.350582 0.727662
vt 0.540109 0.047801
vt 0.378842 0.747879
vt 0.579695 0.047801
vt 0.411962 0.758913
vt 0.618513 0.047801
vt 0.447027 0.759581
vt 0.656589 0.047801
vt 0.481023 0.749562
vt 0.694221 0.047801
vt 0.511223 0.729276
vt 0.425165 0.646239
vt 0.425181 0.646173
vt 0.425175 0.646105
vt 0.425149 0.646040
vt 0.425103 0.645986
vt 0.425044 0.645947
vt 0.424976 0.645929
vt 0.424908 0.645931
vt 0.424845 0.645954
vt 0.424794 0.645996
vt 0.424758 0.646052
vt 0.424742 0.646117
vt 0.424747 0.646185
vt 0.424773 0.646250
vt 0.424818 0.646305
vt 0.424877 0.646344
vt 0.424945 0.646363
vt 0.425014 0.646361
vt 0.425077 0.646338
vt 0.425129 0.646296
vt 0.743012 0.517189
vt 0.772938 0.517190
vt 0.803416 0.517190
vt 0.834465 0.517190
vt 0.256047 0.518607
vt 0.865875 0.518607
vt 0.287458 0.517190
vt 0.318506 0.517190
vt 0.348985 0.517190
vt 0.378910 0.517189
vt 0.408504 0.517189
vt 0.438097 0.517189
vt 0.468024 0.517190
vt 0.498502 0.517190
vt 0.529550 0.517190
vt 0.560961 0.517190
vt 0.592372 0.517190
vt 0.623421 0.517190
vt 0.653899 0.517190
vt 0.683825 0.517189
vt 0.713418 0.517189
vt 0.743146 0.488434
vt 0.773156 0.488437
vt 0.773149 0.523599
vt 0.743141 0.523595
vt 0.803636 0.488441
vt 0.803629 0.523603
vt 0.834602 0.488444
vt 0.834597 0.523606
vt 0.256047 0.483419
vt 0.865875 0.483419
vt 0.865875 0.523901
vt 0.256047 0.523901
vt 0.287320 0.488445
vt 0.287325 0.523606
vt 0.318286 0.488441
vt 0.318293 0.523603
vt 0.348766 0.488437
vt 0.348774 0.523599
vt 0.378777 0.488434
vt 0.378781 0.523595
vt 0.408504 0.488433
vt 0.408504 0.523594
vt 0.438231 0.488434
vt 0.438227 0.523595
vt 0.468242 0.488437
vt 0.468234 0.523599
vt 0.498722 0.488441
vt 0.498714 0.523603
vt 0.529687 0.488444
vt 0.529683 0.523606
vt 0.560961 0.488446
vt 0.560961 0.523607
vt 0.592235 0.488445
vt 0.592239 0.523606
vt 0.623200 0.488441
vt 0.623208 0.523603
vt 0.653681 0.488437
vt 0.653688 0.523599
vt 0.683691 0.488434
vt 0.683695 0.523595
vt 0.713418 0.488433
vt 0.713418 0.523594
vt 0.742963 0.488154
vt 0.239539 0.667104
vt 0.772857 0.488154
vt 0.232287 0.700394
vt 0.803332 0.488154
vt 0.214646 0.729481
vt 0.834411 0.488154
vt 0.189422 0.751821
vt 0.256047 0.488154
vt 0.158150 0.766663
vt 0.865875 0.488154
vt 0.287511 0.488154
vt 0.124173 0.771603
vt 0.318590 0.488154
vt 0.090424 0.767633
vt 0.349065 0.488154
vt 0.059178 0.753287
vt 0.378959 0.488154
vt 0.034730 0.729399
vt 0.408504 0.488154
vt 0.020011 0.698781
vt 0.438049 0.488154
vt 0.016489 0.665179
vt 0.467942 0.488154
vt 0.023982 0.632392
vt 0.498418 0.488154
vt 0.040921 0.603377
vt 0.529497 0.488154
vt 0.065424 0.579479
vt 0.560961 0.488154
vt 0.096525 0.564341
vt 0.592425 0.488154
vt 0.130666 0.559159
vt 0.623505 0.488154
vt 0.164447 0.565486
vt 0.653980 0.488154
vt 0.194738 0.580270
vt 0.683874 0.488154
vt 0.219239 0.603427
vt 0.713418 0.488154
vt 0.234947 0.633417
vt 0.731909 0.061894
vt 0.694221 0.061894
vt 0.656534 0.061894
vt 0.618420 0.061894
vt 0.579599 0.061894
vt 0.540047 0.061894
vt 0.500032 0.061894
vt 0.460016 0.061894
vt 0.420464 0.061894
vt 0.381643 0.061894
vt 0.343530 0.061894
vt 0.305842 0.061894
vt 0.268154 0.061894
vt 0.230041 0.061894
vt 0.191220 0.061894
vt 0.151668 0.061894
vt 0.888411 0.053425
vt 0.111653 0.053425
vt 0.848395 0.061894
vt 0.808843 0.061894
vt 0.770023 0.061894
vt 0.731909 0.376659
vt 0.694221 0.376659
vt 0.656534 0.376659
vt 0.618420 0.376659
vt 0.579599 0.376659
vt 0.540047 0.376659
vt 0.500032 0.376659
vt 0.460016 0.376659
vt 0.420464 0.376659
vt 0.381643 0.376659
vt 0.343530 0.376659
vt 0.305842 0.376659
vt 0.268154 0.376659
vt 0.230041 0.376659
vt 0.191220 0.376659
vt 0.151668 0.376659
vt 0.111653 0.379543
vt 0.888411 0.379543
vt 0.848395 0.376659
vt 0.808843 0.376659
vt 0.770023 0.376659
vt 0.731909 0.341835
vt 0.770023 0.341835
vt 0.808843 0.341835
vt 0.848395 0.341835
vt 0.111653 0.346931
vt 0.888411 0.346931
vt 0.151668 0.341835
vt 0.191220 0.341835
vt 0.230041 0.341835
vt 0.268154 0.341835
vt 0.305842 0.341835
vt 0.343530 0.341835
vt 0.381643 0.341835
vt 0.420464 0.341835
vt 0.460016 0.341835
vt 0.500032 0.341835
vt 0.540047 0.341835
vt 0.579599 0.341835
vt 0.618420 0.341835
vt 0.656534 0.341835
vt 0.694221 0.341835
vt 0.731909 0.200178
vt 0.770023 0.200178
vt 0.808843 0.200178
vt 0.848395 0.200178
vt 0.888411 0.200178
vt 0.111653 0.200178
vt 0.151668 0.200178
vt 0.191220 0.200178
vt 0.230041 0.200178
vt 0.268154 0.200178
vt 0.305842 0.200178
vt 0.343530 0.200178
vt 0.381643 0.200178
vt 0.420464 0.200178
vt 0.460016 0.200178
vt 0.500032 0.200178
vt 0.540047 0.200178
vt 0.579599 0.200178
vt 0.618420 0.200178
vt 0.656534 0.200178
vt 0.694221 0.200178
vt 0.731909 0.273554
vt 0.694221 0.273554
vt 0.656534 0.273554
vt 0.618420 0.273554
vt 0.579599 0.273554
vt 0.540047 0.273554
vt 0.500032 0.273554
vt 0.460016 0.273554
vt 0.420464 0.273554
vt 0.381643 0.273554
vt 0.343530 0.273554
vt 0.305842 0.273554
vt 0.268154 0.273554
vt 0.230041 0.273554
vt 0.191220 0.273554
vt 0.151668 0.273554
vt 0.888411 0.273554
vt 0.111653 0.273554
vt 0.848395 0.273554
vt 0.808843 0.273554
vt 0.770023 0.273554
vt 0.731909 0.126801
vt 0.770023 0.126801
vt 0.808843 0.126801
vt 0.848395 0.126801
vt 0.888411 0.126801
vt 0.111653 0.126801
vt 0.151668 0.126801
vt 0.191220 0.126801
vt 0.230041 0.126801
vt 0.268154 0.126801
vt 0.305842 0.126801
vt 0.343530 0.126801
vt 0.381643 0.126801
vt 0.420464 0.126801
vt 0.460016 0.126801
vt 0.500032 0.126801
vt 0.540047 0.126801
vt 0.579599 0.126801
vt 0.618420 0.126801
vt 0.656534 0.126801
vt 0.694221 0.126801
vt 0.743004 0.502352
vt 0.772925 0.502352
vt 0.803403 0.502352
vt 0.834457 0.502352
vt 0.865875 0.503381
vt 0.256047 0.503381
vt 0.287465 0.502302
vt 0.318519 0.502344
vt 0.348997 0.502352
vt 0.378918 0.502352
vt 0.408504 0.502352
vt 0.438090 0.502352
vt 0.468011 0.502352
vt 0.498488 0.502352
vt 0.529542 0.502352
vt 0.560961 0.502352
vt 0.592380 0.502352
vt 0.623434 0.502352
vt 0.653912 0.502352
vt 0.683833 0.502352
vt 0.713418 0.502352
vt 0.743006 0.494625
vt 0.713418 0.494625
vt 0.683831 0.494625
vt 0.653909 0.494625
vt 0.623431 0.494626
vt 0.592379 0.494626
vt 0.560961 0.494626
vt 0.529544 0.494626
vt 0.498491 0.494626
vt 0.468013 0.494625
vt 0.438091 0.494625
vt 0.408504 0.494625
vt 0.378917 0.494625
vt 0.348995 0.494626
vt 0.318516 0.494575
vt 0.287459 0.494324
vt 0.865875 0.494245
vt 0.256047 0.494245
vt 0.834458 0.494626
vt 0.803405 0.494626
vt 0.772927 0.494625
vt 0.743063 0.483090
vt 0.773021 0.483091
vt 0.803500 0.483093
vt 0.834517 0.483094
vt 0.865875 0.483108
vt 0.256047 0.483108
vt 0.287405 0.483094
vt 0.318422 0.483093
vt 0.348902 0.483091
vt 0.378860 0.483090
vt 0.408504 0.483089
vt 0.438148 0.483090
vt 0.468106 0.483091
vt 0.498585 0.483093
vt 0.529603 0.483094
vt 0.560961 0.483094
vt 0.592320 0.483094
vt 0.623337 0.483093
vt 0.653816 0.483091
vt 0.683774 0.483090
vt 0.713418 0.483089
vt 0.502983 0.682351
vt 0.508611 0.656198
vt 0.505575 0.630042
vt 0.494745 0.606253
vt 0.477400 0.586927
vt 0.455328 0.573731
vt 0.430675 0.567755
vt 0.405768 0.569426
vt 0.382884 0.578469
vt 0.364061 0.593973
vt 0.350962 0.614523
vt 0.344777 0.638276
vt 0.346117 0.663097
vt 0.354954 0.686717
vt 0.370575 0.706901
vt 0.391620 0.721694
vt 0.416197 0.729591
vt 0.442073 0.729665
vt 0.466859 0.721631
vt 0.488101 0.705654
vt 0.446768 0.656522
vt 0.442789 0.662785
vt 0.437013 0.667355
vt 0.430095 0.669803
vt 0.422747 0.669948
vt 0.415689 0.667827
vt 0.409591 0.663683
vt 0.405024 0.657943
vt 0.402403 0.651169
vt 0.401954 0.644015
vt 0.403705 0.637151
vt 0.407482 0.631219
vt 0.412930 0.626768
vt 0.419546 0.624217
vt 0.426719 0.623821
vt 0.433773 0.625637
vt 0.440032 0.629520
vt 0.444876 0.635126
vt 0.447802 0.641941
vt 0.448478 0.649317
vt 0.190463 0.685727
vt 0.186545 0.709555
vt 0.176800 0.735558
vt 0.152377 0.751011
vt 0.121084 0.749960
vt 0.100888 0.735118
vt 0.086713 0.717713
vt 0.075906 0.702488
vt 0.066231 0.686051
vt 0.055919 0.664170
vt 0.050022 0.639940
vt 0.054048 0.612175
vt 0.072392 0.588459
vt 0.099586 0.574067
vt 0.130667 0.571101
vt 0.159064 0.578941
vt 0.179008 0.599411
vt 0.188130 0.623431
vt 0.191295 0.648421
vt 0.191781 0.665760
vt 0.773056 0.521501
vt 0.743084 0.521499
vt 0.713418 0.521498
vt 0.683752 0.521499
vt 0.653781 0.521501
vt 0.623302 0.521504
vt 0.592298 0.521505
vt 0.560961 0.521506
vt 0.529624 0.521505
vt 0.498621 0.521504
vt 0.468141 0.521501
vt 0.438170 0.521499
vt 0.408504 0.521499
vt 0.378838 0.521499
vt 0.348867 0.521501
vt 0.318387 0.521504
vt 0.287383 0.521505
vt 0.865875 0.521591
vt 0.256047 0.521591
vt 0.834539 0.521505
vt 0.803535 0.521504
vt 0.743097 0.483205
vt 0.713418 0.483204
vt 0.683740 0.483205
vt 0.653760 0.483207
vt 0.623281 0.483209
vt 0.592285 0.483211
vt 0.560961 0.483212
vt 0.529638 0.483211
vt 0.498642 0.483209
vt 0.468162 0.483207
vt 0.438183 0.483205
vt 0.408504 0.483204
vt 0.378825 0.483205
vt 0.348846 0.483207
vt 0.318366 0.483209
vt 0.287370 0.483211
vt 0.865875 0.483195
vt 0.256047 0.483195
vt 0.834552 0.483211
vt 0.803556 0.483209
vt 0.773077 0.483207
vt 0.773162 0.518801
vt 0.803643 0.518806
vt 0.834606 0.518809
vt 0.865875 0.523861
vt 0.256047 0.523861
vt 0.287316 0.518809
vt 0.318280 0.518806
vt 0.348760 0.518801
vt 0.378773 0.518798
vt 0.408504 0.518797
vt 0.438235 0.518798
vt 0.468248 0.518801
vt 0.498728 0.518806
vt 0.529691 0.518809
vt 0.560961 0.518810
vt 0.592231 0.518809
vt 0.623194 0.518806
vt 0.653675 0.518801
vt 0.683687 0.518798
vt 0.713418 0.518796
vt 0.743150 0.518798
vt 0.743003 0.505964
vt 0.772924 0.505964
vt 0.803401 0.505964
vt 0.834456 0.505965
vt 0.865875 0.504288
vt 0.256047 0.504288
vt 0.287467 0.505965
vt 0.318521 0.505964
vt 0.348999 0.505964
vt 0.378919 0.505964
vt 0.408504 0.505964
vt 0.438089 0.505964
vt 0.468009 0.505964
vt 0.498487 0.505964
vt 0.529541 0.505965
vt 0.560961 0.505965
vt 0.592381 0.505965
vt 0.623435 0.505964
vt 0.653913 0.505964
vt 0.683833 0.505964
vt 0.713418 0.505964
vt 0.493978 0.678722
vt 0.499218 0.655659
vt 0.496744 0.632348
vt 0.487213 0.611065
vt 0.471800 0.593735
vt 0.452121 0.581868
vt 0.430112 0.576454
vt 0.407859 0.577881
vt 0.387403 0.585911
vt 0.370577 0.599742
vt 0.358884 0.618100
vt 0.353395 0.639324
vt 0.354642 0.661497
vt 0.362599 0.682584
vt 0.376613 0.700585
vt 0.395460 0.713745
vt 0.417434 0.720707
vt 0.440513 0.720629
vt 0.462493 0.713258
vt 0.481099 0.698907
vt 0.180353 0.683699
vt 0.178487 0.705273
vt 0.172279 0.730776
vt 0.150771 0.745187
vt 0.121956 0.743451
vt 0.105261 0.727895
vt 0.093913 0.710396
vt 0.085095 0.696457
vt 0.076153 0.682135
vt 0.065037 0.662309
vt 0.057451 0.640437
vt 0.059326 0.614680
vt 0.075774 0.592547
vt 0.101024 0.579074
vt 0.130197 0.576496
vt 0.156176 0.583811
vt 0.173342 0.603692
vt 0.179822 0.626653
vt 0.181188 0.650428
vt 0.181130 0.665423
vt 0.182243 0.683935
vt 0.180131 0.706598
vt 0.173449 0.732103
vt 0.151164 0.746896
vt 0.121471 0.745072
vt 0.104088 0.729201
vt 0.092517 0.711537
vt 0.083648 0.697528
vt 0.074675 0.683115
vt 0.063485 0.663071
vt 0.055824 0.640689
vt 0.057844 0.614160
vt 0.074719 0.591344
vt 0.100586 0.577514
vt 0.130417 0.574889
vt 0.157109 0.582544
vt 0.174839 0.603006
vt 0.181541 0.626481
vt 0.182940 0.650520
vt 0.182881 0.665585
vt 0.145122 0.725800
vt 0.120153 0.724739
vt 0.105658 0.711993
vt 0.095697 0.697958
vt 0.087426 0.687123
vt 0.079149 0.674990
vt 0.069102 0.657616
vt 0.062504 0.637724
vt 0.064926 0.614595
vt 0.080154 0.595075
vt 0.102414 0.583278
vt 0.128026 0.580940
vt 0.151276 0.587015
vt 0.167301 0.604456
vt 0.173432 0.625390
vt 0.174391 0.646395
vt 0.173459 0.659197
vt 0.171485 0.674173
vt 0.169430 0.691824
vt 0.163934 0.713159
vt 0.171070 0.727920
vt 0.149934 0.742253
vt 0.121687 0.740639
vt 0.105436 0.725346
vt 0.094411 0.708222
vt 0.085792 0.694600
vt 0.077049 0.680592
vt 0.066178 0.661214
vt 0.058759 0.639844
vt 0.060586 0.614689
vt 0.076662 0.593101
vt 0.101310 0.579960
vt 0.129784 0.577438
vt 0.155150 0.584541
vt 0.171912 0.603950
vt 0.178240 0.626380
vt 0.179586 0.649612
vt 0.179559 0.664287
vt 0.178754 0.682118
vt 0.177033 0.702981
vt 0.132510 0.639069
vt 0.137143 0.636929
vt 0.146122 0.636128
vt 0.152674 0.632462
vt 0.153892 0.621408
vt 0.148100 0.606310
vt 0.134222 0.597973
vt 0.120095 0.596934
vt 0.107472 0.598505
vt 0.095969 0.604186
vt 0.083644 0.614426
vt 0.077457 0.628845
vt 0.080182 0.642805
vt 0.086846 0.651003
vt 0.093614 0.653932
vt 0.101005 0.650177
vt 0.106579 0.648205
vt 0.113112 0.647159
vt 0.121595 0.645625
vt 0.128442 0.642907
vt 0.121775 0.629304
vt 0.117250 0.630405
vt 0.116350 0.625629
vt 0.118373 0.624285
vt 0.120067 0.626737
vt 0.123339 0.619887
vt 0.121817 0.621616
vt 0.123857 0.617816
vt 0.123127 0.615041
vt 0.121118 0.611985
vt 0.117833 0.610286
vt 0.114466 0.609948
vt 0.111346 0.610407
vt 0.108486 0.611824
vt 0.105704 0.614201
vt 0.103995 0.617423
vt 0.103894 0.620846
vt 0.104824 0.623549
vt 0.106330 0.625479
vt 0.108522 0.626121
vt 0.110901 0.626430
vt 0.113593 0.626273
vt 0.120286 0.623330
vt 0.125405 0.628340
vt 0.130123 0.628431
vt 0.138882 0.629559
vt 0.144892 0.627823
vt 0.145812 0.620041
vt 0.140829 0.608037
vt 0.129219 0.602305
vt 0.118233 0.602167
vt 0.109059 0.603434
vt 0.100565 0.607518
vt 0.090231 0.615060
vt 0.084321 0.626119
vt 0.086001 0.637160
vt 0.090928 0.642894
vt 0.096036 0.644293
vt 0.102204 0.639137
vt 0.106716 0.635215
vt 0.111749 0.632285
vt 0.122428 0.630555
vt 0.117510 0.631635
vt 0.111616 0.633652
vt 0.106259 0.637021
vt 0.101394 0.641635
vt 0.094424 0.647752
vt 0.088445 0.646421
vt 0.082682 0.640038
vt 0.080672 0.627504
vt 0.087350 0.614933
vt 0.099025 0.606429
vt 0.108556 0.601859
vt 0.118833 0.600437
vt 0.131208 0.600577
vt 0.144383 0.607125
vt 0.149950 0.620831
vt 0.148613 0.629701
vt 0.141513 0.631550
vt 0.131499 0.629980
vt 0.126346 0.629612
vt 0.122511 0.630989
vt 0.117623 0.632062
vt 0.111812 0.634049
vt 0.106535 0.637397
vt 0.101677 0.642012
vt 0.094544 0.648152
vt 0.088248 0.646784
vt 0.082285 0.640229
vt 0.080232 0.627432
vt 0.086990 0.614620
vt 0.098767 0.605996
vt 0.108412 0.601372
vt 0.118803 0.599933
vt 0.131321 0.600111
vt 0.144704 0.606826
vt 0.150373 0.620784
vt 0.148887 0.629965
vt 0.141566 0.631997
vt 0.131481 0.630448
vt 0.126382 0.630052
vt 0.115907 0.624082
vt 0.117582 0.623259
vt 0.119654 0.620212
vt 0.119935 0.618269
vt 0.119587 0.616402
vt 0.118712 0.614702
vt 0.117380 0.613323
vt 0.115704 0.612419
vt 0.113846 0.612094
vt 0.111973 0.612385
vt 0.110268 0.613248
vt 0.108918 0.614592
vt 0.108027 0.616280
vt 0.107679 0.618171
vt 0.107914 0.620100
vt 0.108714 0.621871
vt 0.110061 0.623285
vt 0.111852 0.624180
vt 0.113873 0.624439
vt 0.118797 0.622009
vt 0.113907 0.618481
vt 0.114056 0.618456
vt 0.114215 0.618261
vt 0.114241 0.618152
vt 0.114183 0.618127
vt 0.114181 0.618105
vt 0.114167 0.618114
vt 0.114079 0.618106
vt 0.113909 0.618105
vt 0.113717 0.618156
vt 0.113526 0.618258
vt 0.113401 0.618380
vt 0.113359 0.618441
vt 0.113352 0.618449
vt 0.113363 0.618474
vt 0.113372 0.618506
vt 0.113403 0.618553
vt 0.113451 0.618548
vt 0.113616 0.618554
vt 0.114129 0.618358
vt 0.750892 0.412634
vt 0.789339 0.412634
vt 0.828541 0.412634
vt 0.868372 0.412634
vt 0.131691 0.412634
vt 0.171523 0.412634
vt 0.210725 0.412634
vt 0.249172 0.412634
vt 0.287026 0.412634
vt 0.324658 0.412634
vt 0.362513 0.412634
vt 0.400959 0.412634
vt 0.440161 0.412634
vt 0.479993 0.412634
vt 0.520070 0.412634
vt 0.559902 0.412634
vt 0.599104 0.412634
vt 0.637551 0.412634
vt 0.675405 0.412634
vt 0.713037 0.412634
vt 0.750892 0.050613
vt 0.789339 0.050613
vt 0.828541 0.050613
vt 0.868372 0.050613
vt 0.131691 0.050613
vt 0.171523 0.050613
vt 0.210725 0.050613
vt 0.249172 0.050613
vt 0.287026 0.050613
vt 0.324658 0.050613
vt 0.362513 0.050613
vt 0.400959 0.050613
vt 0.440161 0.050613
vt 0.479993 0.050613
vt 0.520070 0.050613
vt 0.559902 0.050613
vt 0.599104 0.050613
vt 0.637551 0.050613
vt 0.675405 0.050613
vt 0.713037 0.050613
vt 0.520255 0.672245
vt 0.521090 0.641620
vt 0.512667 0.612597
vt 0.496074 0.587630
vt 0.473041 0.568850
vt 0.445820 0.557838
vt 0.416989 0.555465
vt 0.389222 0.561798
vt 0.365007 0.576120
vt 0.346463 0.597085
vt 0.335219 0.622825
vt 0.332327 0.651057
vt 0.338144 0.679239
vt 0.352260 0.704758
vt 0.373489 0.725181
vt 0.399954 0.738516
vt 0.429290 0.743373
vt 0.458885 0.739079
vt 0.486119 0.725660
vt 0.508127 0.702176
vt 0.152370 0.659986
vt 0.118566 0.626826
vt 0.124723 0.686535
vt 0.096246 0.594443
vt 0.114351 0.589227
vt 0.133578 0.589803
vt 0.150994 0.597942
vt 0.161606 0.614159
vt 0.164076 0.632128
vt 0.156868 0.651347
vt 0.434429 0.648992
vt 0.434662 0.645958
vt 0.433932 0.642985
vt 0.432324 0.640367
vt 0.430005 0.638356
vt 0.427209 0.637138
vt 0.424211 0.636822
vt 0.421298 0.637432
vt 0.418747 0.638904
vt 0.416796 0.641097
vt 0.415631 0.643802
vt 0.415363 0.646764
vt 0.416023 0.649702
vt 0.417553 0.652333
vt 0.419813 0.654401
vt 0.422590 0.655697
vt 0.425616 0.656085
vt 0.428596 0.655517
vt 0.431231 0.654035
vt 0.433246 0.651782
vt 0.758106 0.523870
vt 0.788339 0.523874
vt 0.819071 0.523878
vt 0.850220 0.523880
vt 0.271702 0.523880
vt 0.302851 0.523878
vt 0.333583 0.523874
vt 0.363816 0.523870
vt 0.393657 0.523867
vt 0.423351 0.523867
vt 0.453192 0.523870
vt 0.483424 0.523874
vt 0.514157 0.523878
vt 0.545305 0.523880
vt 0.576617 0.523880
vt 0.607766 0.523878
vt 0.638498 0.523874
vt 0.668731 0.523870
vt 0.698571 0.523867
vt 0.728265 0.523867
vt 0.758011 0.483146
vt 0.758064 0.522737
vt 0.788220 0.483148
vt 0.788286 0.522740
vt 0.818974 0.483150
vt 0.819028 0.522743
vt 0.850183 0.483151
vt 0.850204 0.522745
vt 0.271739 0.483151
vt 0.271719 0.522745
vt 0.302948 0.483150
vt 0.302894 0.522743
vt 0.333702 0.483148
vt 0.333636 0.522740
vt 0.363912 0.483146
vt 0.363859 0.522737
vt 0.393693 0.483145
vt 0.393673 0.522735
vt 0.423315 0.483145
vt 0.423335 0.522735
vt 0.453097 0.483146
vt 0.453149 0.522737
vt 0.483306 0.483148
vt 0.483371 0.522740
vt 0.514060 0.483150
vt 0.514114 0.522743
vt 0.545268 0.483151
vt 0.545289 0.522745
vt 0.576654 0.483151
vt 0.576633 0.522745
vt 0.607862 0.483150
vt 0.607809 0.522743
vt 0.638616 0.483148
vt 0.638551 0.522740
vt 0.668826 0.483146
vt 0.668773 0.522737
vt 0.698608 0.483145
vt 0.698587 0.522735
vt 0.728229 0.483145
vt 0.728249 0.522735
vt 0.757907 0.498813
vt 0.788091 0.498813
vt 0.818869 0.498813
vt 0.850142 0.498813
vt 0.271778 0.498679
vt 0.303051 0.498679
vt 0.333831 0.498813
vt 0.364015 0.498813
vt 0.393732 0.498813
vt 0.423275 0.498813
vt 0.452993 0.498813
vt 0.483176 0.498813
vt 0.513954 0.498813
vt 0.545228 0.498813
vt 0.576694 0.498813
vt 0.607968 0.498813
vt 0.638746 0.498813
vt 0.668930 0.498813
vt 0.698647 0.498813
vt 0.728190 0.498813
vt 0.713037 0.363237
vt 0.675405 0.363237
vt 0.637551 0.363237
vt 0.599104 0.363237
vt 0.559902 0.363237
vt 0.520070 0.363237
vt 0.479993 0.363237
vt 0.440161 0.363237
vt 0.400959 0.363237
vt 0.362513 0.363237
vt 0.324658 0.363237
vt 0.287026 0.363237
vt 0.249172 0.363237
vt 0.210725 0.363237
vt 0.171523 0.363237
vt 0.131691 0.363237
vt 0.868372 0.363237
vt 0.828541 0.363237
vt 0.789339 0.363237
vt 0.750892 0.363237
vt 0.713037 0.384315
vt 0.675405 0.384315
vt 0.637551 0.384315
vt 0.599104 0.384315
vt 0.559902 0.384315
vt 0.520070 0.384315
vt 0.479993 0.384315
vt 0.440161 0.384315
vt 0.400959 0.384315
vt 0.362513 0.384315
vt 0.324658 0.384315
vt 0.287026 0.384315
vt 0.249172 0.384315
vt 0.210725 0.384315
vt 0.171523 0.384315
vt 0.131691 0.384315
vt 0.868372 0.384315
vt 0.828541 0.384315
vt 0.789339 0.384315
vt 0.750892 0.384315
vt 0.750892 0.236866
vt 0.789339 0.236866
vt 0.828541 0.236866
vt 0.868372 0.236866
vt 0.131691 0.236866
vt 0.171523 0.236866
vt 0.210725 0.236866
vt 0.249172 0.236866
vt 0.287026 0.236866
vt 0.324658 0.236866
vt 0.362513 0.236866
vt 0.400959 0.236866
vt 0.440161 0.236866
vt 0.479993 0.236866
vt 0.520070 0.236866
vt 0.559902 0.236866
vt 0.599104 0.236866
vt 0.637551 0.236866
vt 0.675405 0.236866
vt 0.713037 0.236866
vt 0.750892 0.163490
vt 0.789339 0.163490
vt 0.828541 0.163490
vt 0.868372 0.163490
vt 0.131691 0.163490
vt 0.171523 0.163490
vt 0.210725 0.163490
vt 0.249172 0.163490
vt 0.287026 0.163490
vt 0.324658 0.163490
vt 0.362513 0.163490
vt 0.400959 0.163490
vt 0.440161 0.163490
vt 0.479993 0.163490
vt 0.520070 0.163490
vt 0.559902 0.163490
vt 0.599104 0.163490
vt 0.637551 0.163490
vt 0.675405 0.163490
vt 0.713037 0.163490
vt 0.713037 0.310243
vt 0.675405 0.310243
vt 0.637551 0.310243
vt 0.599104 0.310243
vt 0.559902 0.310243
vt 0.520070 0.310243
vt 0.479993 0.310243
vt 0.440161 0.310243
vt 0.400959 0.310243
vt 0.362513 0.310243
vt 0.324658 0.310243
vt 0.287026 0.310243
vt 0.249172 0.310243
vt 0.210725 0.310243
vt 0.171523 0.310243
vt 0.131691 0.310243
vt 0.868372 0.310243
vt 0.828541 0.310243
vt 0.789339 0.310243
vt 0.750892 0.310243
vt 0.750892 0.090113
vt 0.789339 0.090113
vt 0.828541 0.090113
vt 0.868372 0.090113
vt 0.131691 0.090113
vt 0.171523 0.090113
vt 0.210725 0.090113
vt 0.249172 0.090113
vt 0.287026 0.090113
vt 0.324658 0.090113
vt 0.362513 0.090113
vt 0.400959 0.090113
vt 0.440161 0.090113
vt 0.479993 0.090113
vt 0.520070 0.090113
vt 0.559902 0.090113
vt 0.599104 0.090113
vt 0.637551 0.090113
vt 0.675405 0.090113
vt 0.713037 0.090113
vt 0.757906 0.503834
vt 0.788089 0.503834
vt 0.818867 0.503834
vt 0.850142 0.503834
vt 0.271781 0.503834
vt 0.303055 0.503834
vt 0.333833 0.503834
vt 0.364017 0.503834
vt 0.393733 0.503834
vt 0.423275 0.503834
vt 0.452991 0.503834
vt 0.483175 0.503834
vt 0.513953 0.503834
vt 0.545227 0.503834
vt 0.576695 0.503834
vt 0.607969 0.503834
vt 0.638748 0.503834
vt 0.668931 0.503834
vt 0.698647 0.503834
vt 0.728189 0.503834
vt 0.728190 0.491199
vt 0.698646 0.491199
vt 0.668928 0.491199
vt 0.638743 0.491200
vt 0.607966 0.491200
vt 0.576694 0.491200
vt 0.545229 0.491200
vt 0.513956 0.491200
vt 0.483179 0.491200
vt 0.452995 0.491199
vt 0.423276 0.491199
vt 0.393732 0.491199
vt 0.364013 0.491200
vt 0.333829 0.491200
vt 0.303049 0.491066
vt 0.271777 0.491066
vt 0.850143 0.491200
vt 0.818871 0.491200
vt 0.788093 0.491200
vt 0.757909 0.491199
vt 0.757952 0.483007
vt 0.788146 0.483008
vt 0.818914 0.483009
vt 0.850160 0.483009
vt 0.271763 0.483009
vt 0.303008 0.483009
vt 0.333776 0.483008
vt 0.363971 0.483007
vt 0.393716 0.483007
vt 0.423292 0.483007
vt 0.453037 0.483007
vt 0.483232 0.483008
vt 0.514000 0.483009
vt 0.545245 0.483009
vt 0.576677 0.483009
vt 0.607922 0.483009
vt 0.638690 0.483008
vt 0.668885 0.483007
vt 0.698630 0.483007
vt 0.728207 0.483007
vt 0.500237 0.667976
vt 0.501543 0.643635
vt 0.495163 0.620301
vt 0.482051 0.600124
vt 0.463656 0.584885
vt 0.441828 0.575882
vt 0.418669 0.573832
vt 0.396333 0.578809
vt 0.376840 0.590260
vt 0.361924 0.607101
vt 0.352926 0.627803
vt 0.350685 0.650501
vt 0.355470 0.673137
vt 0.366936 0.693602
vt 0.384104 0.709931
vt 0.405447 0.720500
vt 0.429021 0.724165
vt 0.452640 0.720356
vt 0.474006 0.709091
vt 0.490706 0.690869
vt 0.464213 0.672910
vt 0.454396 0.683711
vt 0.441720 0.690552
vt 0.427597 0.692955
vt 0.413431 0.690859
vt 0.400561 0.684582
vt 0.390176 0.674806
vt 0.383215 0.662507
vt 0.380281 0.648874
vt 0.381597 0.635184
vt 0.387010 0.622696
vt 0.396009 0.612548
vt 0.407775 0.605671
vt 0.421245 0.602722
vt 0.435187 0.604022
vt 0.448292 0.609510
vt 0.459293 0.618739
vt 0.467076 0.630903
vt 0.470782 0.644903
vt 0.469879 0.659407
vt 0.203965 0.704753
vt 0.191377 0.730637
vt 0.169561 0.751328
vt 0.138374 0.759834
vt 0.108558 0.754892
vt 0.085188 0.741057
vt 0.066238 0.723519
vt 0.052181 0.703155
vt 0.042438 0.678438
vt 0.038231 0.650942
vt 0.042521 0.622554
vt 0.057879 0.595877
vt 0.083294 0.576298
vt 0.114402 0.566951
vt 0.146501 0.568502
vt 0.174456 0.581468
vt 0.194432 0.602810
vt 0.206223 0.628719
vt 0.211473 0.654404
vt 0.210670 0.678859
vt 0.757961 0.520096
vt 0.728210 0.520095
vt 0.698626 0.520095
vt 0.668875 0.520096
vt 0.638678 0.520097
vt 0.607913 0.520098
vt 0.576673 0.520099
vt 0.545249 0.520099
vt 0.514010 0.520098
vt 0.483244 0.520097
vt 0.453047 0.520096
vt 0.423296 0.520095
vt 0.393712 0.520095
vt 0.363961 0.520096
vt 0.333764 0.520097
vt 0.302998 0.520098
vt 0.271759 0.520099
vt 0.850163 0.520099
vt 0.818924 0.520098
vt 0.788159 0.520097
vt 0.728252 0.483296
vt 0.698585 0.483296
vt 0.668766 0.483298
vt 0.638542 0.483301
vt 0.607801 0.483305
vt 0.576630 0.483306
vt 0.545292 0.483306
vt 0.514121 0.483305
vt 0.483380 0.483301
vt 0.453156 0.483298
vt 0.423337 0.483296
vt 0.393670 0.483296
vt 0.363852 0.483298
vt 0.333627 0.483301
vt 0.302887 0.483305
vt 0.271716 0.483306
vt 0.850206 0.483306
vt 0.819035 0.483305
vt 0.788295 0.483301
vt 0.758071 0.483298
vt 0.788343 0.503633
vt 0.819075 0.503637
vt 0.850222 0.503639
vt 0.271701 0.503639
vt 0.302847 0.503637
vt 0.333579 0.503633
vt 0.363813 0.503629
vt 0.393656 0.503626
vt 0.423352 0.503626
vt 0.453195 0.503628
vt 0.483429 0.503633
vt 0.514160 0.503637
vt 0.545307 0.503639
vt 0.576615 0.503639
vt 0.607762 0.503637
vt 0.638493 0.503633
vt 0.668727 0.503628
vt 0.698570 0.503626
vt 0.728266 0.503626
vt 0.758110 0.503628
vt 0.757904 0.511448
vt 0.788086 0.511448
vt 0.818865 0.511448
vt 0.850141 0.511448
vt 0.271781 0.511448
vt 0.303057 0.511448
vt 0.333836 0.511448
vt 0.364019 0.511448
vt 0.393734 0.511448
vt 0.423274 0.511448
vt 0.452989 0.511448
vt 0.483172 0.511448
vt 0.513951 0.511448
vt 0.545227 0.511448
vt 0.576696 0.511448
vt 0.607972 0.511448
vt 0.638750 0.511448
vt 0.668933 0.511448
vt 0.698648 0.511447
vt 0.728188 0.511447
vt 0.496445 0.667121
vt 0.497789 0.643994
vt 0.491783 0.621764
vt 0.479333 0.602521
vt 0.461829 0.587972
vt 0.441043 0.579363
vt 0.418979 0.577380
vt 0.397695 0.582097
vt 0.379119 0.592992
vt 0.364908 0.609032
vt 0.356346 0.628756
vt 0.354230 0.650382
vt 0.358813 0.671947
vt 0.369763 0.691436
vt 0.386143 0.706978
vt 0.406491 0.717021
vt 0.428950 0.720467
vt 0.451414 0.716773
vt 0.471665 0.705976
vt 0.487407 0.688733
vt 0.180435 0.694447
vt 0.177321 0.719221
vt 0.163658 0.740662
vt 0.135921 0.747221
vt 0.111979 0.737469
vt 0.098651 0.719545
vt 0.088747 0.703713
vt 0.080232 0.690289
vt 0.069929 0.673158
vt 0.059730 0.652048
vt 0.056078 0.627633
vt 0.065426 0.602433
vt 0.087273 0.583939
vt 0.115513 0.575830
vt 0.144255 0.578040
vt 0.166649 0.592331
vt 0.178361 0.614761
vt 0.181650 0.639218
vt 0.182048 0.658509
vt 0.181671 0.674194
vt 0.182856 0.694698
vt 0.179329 0.720239
vt 0.164668 0.742319
vt 0.135722 0.749218
vt 0.110671 0.739098
vt 0.096778 0.720828
vt 0.086782 0.704919
vt 0.078259 0.691462
vt 0.067922 0.674212
vt 0.057608 0.652683
vt 0.053973 0.627387
vt 0.063711 0.601160
vt 0.086269 0.581973
vt 0.115329 0.573604
vt 0.144973 0.576011
vt 0.168260 0.590959
vt 0.180488 0.614161
vt 0.183900 0.639093
vt 0.184271 0.658532
vt 0.183977 0.674064
vt 0.120947 0.625943
vt 0.078764 0.657117
vt 0.086875 0.667308
vt 0.094472 0.672219
vt 0.102162 0.676639
vt 0.071554 0.642104
vt 0.070941 0.623733
vt 0.080451 0.606394
vt 0.110687 0.683240
vt 0.161913 0.644065
vt 0.134967 0.741693
vt 0.112193 0.732345
vt 0.099667 0.715077
vt 0.090230 0.699901
vt 0.082041 0.687016
vt 0.072146 0.670583
vt 0.062358 0.650404
vt 0.058833 0.627151
vt 0.067734 0.603212
vt 0.088549 0.585659
vt 0.115437 0.577950
vt 0.142803 0.579983
vt 0.164099 0.593512
vt 0.175222 0.614878
vt 0.178349 0.638252
vt 0.178783 0.656755
vt 0.178358 0.671860
vt 0.177223 0.690812
vt 0.174576 0.714201
vt 0.161603 0.735109
vt 0.162785 0.738546
vt 0.135667 0.745033
vt 0.112353 0.735490
vt 0.099417 0.717841
vt 0.089687 0.702229
vt 0.081277 0.688983
vt 0.071107 0.672100
vt 0.061056 0.651383
vt 0.057433 0.627540
vt 0.066550 0.602976
vt 0.087910 0.584942
vt 0.115533 0.577022
vt 0.143634 0.579126
vt 0.165475 0.593022
vt 0.176875 0.614940
vt 0.180077 0.638947
vt 0.180489 0.657952
vt 0.180052 0.673488
vt 0.178877 0.693051
vt 0.176045 0.717224
vt 0.124218 0.625332
vt 0.128500 0.624890
vt 0.133092 0.624084
vt 0.134817 0.620605
vt 0.133215 0.613675
vt 0.127479 0.607633
vt 0.119806 0.605944
vt 0.113167 0.606359
vt 0.107443 0.608059
vt 0.101186 0.611883
vt 0.095564 0.618038
vt 0.094125 0.625597
vt 0.096311 0.631449
vt 0.099448 0.634472
vt 0.103255 0.633965
vt 0.107105 0.631607
vt 0.110655 0.629998
vt 0.114755 0.628600
vt 0.149142 0.671656
vt 0.140620 0.682516
vt 0.120069 0.630815
vt 0.124382 0.629773
vt 0.128432 0.629342
vt 0.136321 0.630629
vt 0.145615 0.631145
vt 0.149886 0.626115
vt 0.147973 0.613898
vt 0.138136 0.603023
vt 0.124726 0.600305
vt 0.113520 0.601159
vt 0.104062 0.603916
vt 0.093239 0.610340
vt 0.083230 0.621001
vt 0.081051 0.634190
vt 0.085546 0.643801
vt 0.091367 0.647752
vt 0.097879 0.644899
vt 0.103816 0.638862
vt 0.108700 0.634986
vt 0.114514 0.632265
vt 0.120173 0.631270
vt 0.114671 0.632702
vt 0.108947 0.635393
vt 0.104117 0.639251
vt 0.098108 0.645290
vt 0.091331 0.648143
vt 0.085225 0.644095
vt 0.080610 0.634254
vt 0.082819 0.620793
vt 0.092926 0.609946
vt 0.103858 0.603445
vt 0.113431 0.600651
vt 0.124758 0.599799
vt 0.138353 0.602622
vt 0.148374 0.613712
vt 0.150255 0.626222
vt 0.145765 0.631520
vt 0.136320 0.631111
vt 0.128443 0.629819
vt 0.124457 0.630235
vt 0.120253 0.631651
vt 0.114804 0.633062
vt 0.109166 0.635727
vt 0.104387 0.639581
vt 0.098315 0.645651
vt 0.091298 0.648512
vt 0.084934 0.644364
vt 0.080208 0.634313
vt 0.082443 0.620608
vt 0.092641 0.609596
vt 0.103672 0.603018
vt 0.113350 0.600193
vt 0.124791 0.599346
vt 0.138555 0.602259
vt 0.148739 0.613543
vt 0.150601 0.626330
vt 0.145914 0.631870
vt 0.136313 0.631538
vt 0.128436 0.630219
vt 0.124505 0.630614
vt 0.117228 0.624485
vt 0.120680 0.619389
vt 0.120637 0.617203
vt 0.119928 0.615149
vt 0.118656 0.613367
vt 0.116925 0.612046
vt 0.114901 0.611334
vt 0.112770 0.611312
vt 0.110725 0.611971
vt 0.108980 0.613232
vt 0.107699 0.614971
vt 0.106986 0.617033
vt 0.106920 0.619240
vt 0.107512 0.621379
vt 0.108743 0.623219
vt 0.110549 0.624553
vt 0.112742 0.625221
vt 0.115077 0.625159
vt 0.120012 0.621564
vt 0.118856 0.623323
vt 0.115588 0.621468
vt 0.117454 0.618798
vt 0.117424 0.617671
vt 0.117056 0.616635
vt 0.116416 0.615741
vt 0.115524 0.615078
vt 0.114447 0.614720
vt 0.113292 0.614721
vt 0.112173 0.615089
vt 0.111222 0.615776
vt 0.110540 0.616691
vt 0.110171 0.617739
vt 0.110138 0.618851
vt 0.110440 0.619934
vt 0.111065 0.620874
vt 0.111992 0.621554
vt 0.113141 0.621889
vt 0.114419 0.621838
vt 0.117092 0.619937
vt 0.116457 0.620857
vt 0.750892 0.393781
vt 0.770023 0.412634
vt 0.750892 0.436180
vt 0.757910 0.482911
vt 0.731909 0.412634
vt 0.789339 0.393781
vt 0.808843 0.412634
vt 0.789339 0.436180
vt 0.788095 0.482911
vt 0.828541 0.393781
vt 0.848395 0.412634
vt 0.828541 0.436180
vt 0.818872 0.482911
vt 0.868372 0.393781
vt 0.888411 0.412634
vt 0.111653 0.412634
vt 0.868372 0.436180
vt 0.850143 0.482911
vt 0.131691 0.393781
vt 0.151668 0.412634
vt 0.131691 0.436180
vt 0.271779 0.482911
vt 0.171523 0.393781
vt 0.191220 0.412634
vt 0.171523 0.436180
vt 0.303051 0.482911
vt 0.210725 0.393781
vt 0.230041 0.412634
vt 0.210725 0.436180
vt 0.333828 0.482911
vt 0.249172 0.393781
vt 0.268154 0.412634
vt 0.249172 0.436180
vt 0.364013 0.482911
vt 0.287026 0.393781
vt 0.305842 0.412634
vt 0.287026 0.436180
vt 0.393732 0.482911
vt 0.324658 0.393781
vt 0.343530 0.412634
vt 0.324658 0.436180
vt 0.423276 0.482911
vt 0.362513 0.393781
vt 0.381643 0.412634
vt 0.362513 0.436180
vt 0.452996 0.482911
vt 0.400959 0.393781
vt 0.420464 0.412634
vt 0.400959 0.436180
vt 0.483180 0.482911
vt 0.440161 0.393781
vt 0.460016 0.412634
vt 0.440161 0.436180
vt 0.513957 0.482911
vt 0.479993 0.393781
vt 0.500032 0.412634
vt 0.479993 0.436180
vt 0.545229 0.482911
vt 0.520070 0.393781
vt 0.540047 0.412634
vt 0.520070 0.436180
vt 0.576693 0.482911
vt 0.559902 0.393781
vt 0.579599 0.412634
vt 0.559902 0.436180
vt 0.607965 0.482911
vt 0.599104 0.393781
vt 0.618420 0.412634
vt 0.599104 0.436180
vt 0.638742 0.482911
vt 0.637551 0.393781
vt 0.656534 0.412634
vt 0.637551 0.436180
vt 0.668927 0.482911
vt 0.675405 0.393781
vt 0.694221 0.412634
vt 0.675405 0.436180
vt 0.698646 0.482911
vt 0.713037 0.393781
vt 0.713037 0.436180
vt 0.728191 0.482911
vt 0.750892 0.047801
vt 0.536853 0.675744
vt 0.770023 0.050613
vt 0.750892 0.061894
vt 0.731909 0.050613
vt 0.789339 0.047801
vt 0.537253 0.639928
vt 0.808843 0.050613
vt 0.789339 0.061894
vt 0.828541 0.047801
vt 0.527125 0.606214
vt 0.848395 0.050613
vt 0.828541 0.061894
vt 0.868372 0.047801
vt 0.507646 0.577296
vt 0.888411 0.050613
vt 0.111653 0.050613
vt 0.868372 0.061894
vt 0.131691 0.047801
vt 0.480780 0.555599
vt 0.151668 0.050613
vt 0.131691 0.061894
vt 0.171523 0.047801
vt 0.449104 0.542930
vt 0.191220 0.050613
vt 0.171523 0.061894
vt 0.210725 0.047801
vt 0.415590 0.540295
vt 0.230041 0.050613
vt 0.210725 0.061894
vt 0.249172 0.047801
vt 0.383339 0.547750
vt 0.268154 0.050613
vt 0.249172 0.061894
vt 0.287026 0.047801
vt 0.355228 0.564443
vt 0.305842 0.050613
vt 0.287026 0.061894
vt 0.324658 0.047801
vt 0.333692 0.588809
vt 0.343530 0.050613
vt 0.324658 0.061894
vt 0.362513 0.047801
vt 0.320596 0.618706
vt 0.381643 0.050613
vt 0.362513 0.061894
vt 0.400959 0.047801
vt 0.317165 0.651506
vt 0.420464 0.050613
vt 0.400959 0.061894
vt 0.440161 0.047801
vt 0.323831 0.684269
vt 0.460016 0.050613
vt 0.440161 0.061894
vt 0.479993 0.047801
vt 0.340133 0.713963
vt 0.500032 0.050613
vt 0.479993 0.061894
vt 0.520070 0.047801
vt 0.364712 0.737771
vt 0.540047 0.050613
vt 0.520070 0.061894
vt 0.559902 0.047801
vt 0.395402 0.753396
vt 0.579599 0.050613
vt 0.559902 0.061894
vt 0.599104 0.047801
vt 0.429495 0.759247
vt 0.618420 0.050613
vt 0.599104 0.061894
vt 0.637551 0.047801
vt 0.464025 0.754572
vt 0.656534 0.050613
vt 0.637551 0.061894
vt 0.675405 0.047801
vt 0.496123 0.739419
vt 0.694221 0.050613
vt 0.675405 0.061894
vt 0.713037 0.047801
vt 0.522573 0.711557
vt 0.713037 0.061894
vt 0.506951 0.669428
vt 0.521877 0.656891
vt 0.515809 0.687425
vt 0.508122 0.642969
vt 0.517988 0.626749
vt 0.501062 0.617715
vt 0.505304 0.599459
vt 0.486782 0.595920
vt 0.485234 0.577347
vt 0.466825 0.579485
vt 0.459801 0.562295
vt 0.443180 0.569803
vt 0.431436 0.555540
vt 0.418109 0.567641
vt 0.402808 0.557566
vt 0.393941 0.573074
vt 0.376524 0.568027
vt 0.372854 0.585494
vt 0.354907 0.585874
vt 0.356714 0.603727
vt 0.339844 0.609490
vt 0.346958 0.626129
vt 0.332683 0.636784
vt 0.344498 0.650693
vt 0.334148 0.665318
vt 0.349632 0.675199
vt 0.344214 0.692495
vt 0.361992 0.697367
vt 0.362084 0.715747
vt 0.380531 0.715074
vt 0.386203 0.732843
vt 0.403603 0.726572
vt 0.414422 0.742069
vt 0.429121 0.730633
vt 0.444223 0.742388
vt 0.454753 0.726652
vt 0.472957 0.733489
vt 0.478089 0.714638
vt 0.497976 0.715315
vt 0.496549 0.694659
vt 0.170555 0.682494
vt 0.150862 0.665287
vt 0.134415 0.637743
vt 0.154196 0.655442
vt 0.119666 0.629702
vt 0.116780 0.627855
vt 0.117580 0.625079
vt 0.119016 0.625196
vt 0.120067 0.626712
vt 0.117312 0.646503
vt 0.133296 0.685499
vt 0.132215 0.726988
vt 0.116615 0.685743
vt 0.101775 0.600782
vt 0.088113 0.599644
vt 0.090649 0.588052
vt 0.104956 0.590926
vt 0.113583 0.597352
vt 0.115140 0.581024
vt 0.124026 0.588976
vt 0.126996 0.596863
vt 0.140270 0.582674
vt 0.142677 0.592520
vt 0.141709 0.601101
vt 0.160446 0.594755
vt 0.157610 0.605383
vt 0.152035 0.613661
vt 0.171364 0.614683
vt 0.163566 0.623372
vt 0.154047 0.627804
vt 0.174305 0.636533
vt 0.163428 0.639375
vt 0.141450 0.636582
vt 0.159677 0.647591
vt 0.172521 0.666288
vt 0.447919 0.652989
vt 0.433952 0.650437
vt 0.425173 0.646206
vt 0.434668 0.647486
vt 0.448433 0.645603
vt 0.425178 0.646139
vt 0.434414 0.644445
vt 0.446603 0.638421
vt 0.425162 0.646072
vt 0.433230 0.641614
vt 0.442665 0.632137
vt 0.425126 0.646013
vt 0.431240 0.639272
vt 0.437042 0.627339
vt 0.425073 0.645967
vt 0.428650 0.637638
vt 0.430303 0.624458
vt 0.425010 0.645938
vt 0.425718 0.636863
vt 0.423104 0.623743
vt 0.424942 0.645930
vt 0.422726 0.637012
vt 0.416128 0.625236
vt 0.424877 0.645943
vt 0.419961 0.638067
vt 0.410026 0.628780
vt 0.424819 0.645975
vt 0.417683 0.639922
vt 0.405360 0.634033
vt 0.424776 0.646024
vt 0.416106 0.642400
vt 0.402563 0.640506
vt 0.424750 0.646084
vt 0.415380 0.645268
vt 0.401902 0.647598
vt 0.424744 0.646151
vt 0.415578 0.648254
vt 0.403453 0.654645
vt 0.424760 0.646218
vt 0.416685 0.651073
vt 0.407087 0.660979
vt 0.424796 0.646278
vt 0.418603 0.653452
vt 0.412482 0.665984
vt 0.424848 0.646325
vt 0.421152 0.655156
vt 0.419139 0.669159
vt 0.424911 0.646354
vt 0.424089 0.656010
vt 0.426429 0.670164
vt 0.424979 0.646362
vt 0.427131 0.655921
vt 0.433652 0.668859
vt 0.425045 0.646350
vt 0.429975 0.654884
vt 0.440086 0.665313
vt 0.425103 0.646317
vt 0.432332 0.652993
vt 0.445037 0.659821
vt 0.425147 0.646268
vt 0.758107 0.518799
vt 0.773161 0.523872
vt 0.758095 0.523597
vt 0.743149 0.523868
vt 0.788340 0.518803
vt 0.803641 0.523876
vt 0.788326 0.523601
vt 0.819072 0.518807
vt 0.834605 0.523880
vt 0.819061 0.523605
vt 0.850220 0.518810
vt 0.865875 0.523881
vt 0.256047 0.523881
vt 0.850216 0.523607
vt 0.271702 0.518810
vt 0.287317 0.523880
vt 0.271706 0.523607
vt 0.302850 0.518807
vt 0.318281 0.523876
vt 0.302862 0.523605
vt 0.333582 0.518803
vt 0.348761 0.523872
vt 0.333597 0.523601
vt 0.363815 0.518799
vt 0.378773 0.523868
vt 0.363827 0.523597
vt 0.393657 0.518797
vt 0.408504 0.523867
vt 0.393661 0.523594
vt 0.423351 0.518797
vt 0.438235 0.523868
vt 0.423347 0.523594
vt 0.453193 0.518799
vt 0.468247 0.523872
vt 0.453181 0.523597
vt 0.483425 0.518803
vt 0.498727 0.523876
vt 0.483411 0.523601
vt 0.514157 0.518807
vt 0.529691 0.523880
vt 0.514146 0.523605
vt 0.545306 0.518810
vt 0.560961 0.523881
vt 0.545301 0.523607
vt 0.576616 0.518810
vt 0.592232 0.523880
vt 0.576621 0.523607
vt 0.607765 0.518807
vt 0.623195 0.523876
vt 0.607776 0.523605
vt 0.638497 0.518803
vt 0.653676 0.523872
vt 0.638511 0.523601
vt 0.668730 0.518799
vt 0.683688 0.523868
vt 0.668741 0.523597
vt 0.698571 0.518797
vt 0.713418 0.523867
vt 0.698575 0.523594
vt 0.728265 0.518797
vt 0.728261 0.523594
vt 0.757987 0.483090
vt 0.773049 0.483147
vt 0.758035 0.483206
vt 0.743080 0.483146
vt 0.758017 0.521500
vt 0.743118 0.522736
vt 0.773111 0.522738
vt 0.788191 0.483092
vt 0.803528 0.483149
vt 0.788250 0.483208
vt 0.788228 0.521502
vt 0.803591 0.522742
vt 0.818950 0.483093
vt 0.834535 0.483151
vt 0.818999 0.483210
vt 0.818980 0.521505
vt 0.834574 0.522745
vt 0.850174 0.483094
vt 0.865875 0.483152
vt 0.256047 0.483152
vt 0.850192 0.483212
vt 0.850185 0.521506
vt 0.865875 0.522746
vt 0.256047 0.522746
vt 0.271749 0.483094
vt 0.287388 0.483151
vt 0.271730 0.483212
vt 0.271737 0.521506
vt 0.287349 0.522745
vt 0.302972 0.483093
vt 0.318394 0.483149
vt 0.302924 0.483210
vt 0.302942 0.521505
vt 0.318331 0.522742
vt 0.333731 0.483092
vt 0.348874 0.483147
vt 0.333673 0.483208
vt 0.333695 0.521502
vt 0.348811 0.522739
vt 0.363935 0.483090
vt 0.378842 0.483146
vt 0.363888 0.483206
vt 0.363906 0.521500
vt 0.378804 0.522736
vt 0.393702 0.483089
vt 0.408504 0.483145
vt 0.393684 0.483204
vt 0.393691 0.521499
vt 0.408504 0.522735
vt 0.423306 0.483089
vt 0.438166 0.483146
vt 0.423324 0.483204
vt 0.423317 0.521499
vt 0.438204 0.522736
vt 0.453073 0.483090
vt 0.468134 0.483147
vt 0.453120 0.483206
vt 0.453102 0.521500
vt 0.468197 0.522738
vt 0.483276 0.483092
vt 0.498613 0.483149
vt 0.483335 0.483208
vt 0.483313 0.521502
vt 0.498676 0.522742
vt 0.514036 0.483093
vt 0.529620 0.483151
vt 0.514084 0.483210
vt 0.514066 0.521505
vt 0.529659 0.522745
vt 0.545259 0.483094
vt 0.560961 0.483152
vt 0.545278 0.483212
vt 0.545271 0.521506
vt 0.560961 0.522746
vt 0.576663 0.483094
vt 0.592302 0.483151
vt 0.576644 0.483212
vt 0.576651 0.521506
vt 0.592263 0.522745
vt 0.607886 0.483093
vt 0.623309 0.483149
vt 0.607838 0.483210
vt 0.607856 0.521505
vt 0.623246 0.522742
vt 0.638646 0.483092
vt 0.653788 0.483147
vt 0.638587 0.483208
vt 0.638609 0.521502
vt 0.653726 0.522738
vt 0.668849 0.483090
vt 0.683757 0.483146
vt 0.668802 0.483206
vt 0.668820 0.521500
vt 0.683719 0.522736
vt 0.698617 0.483089
vt 0.713418 0.483145
vt 0.698599 0.483204
vt 0.698605 0.521499
vt 0.713418 0.522735
vt 0.728220 0.483089
vt 0.728238 0.483204
vt 0.728231 0.521499
vt 0.757906 0.502352
vt 0.772926 0.498813
vt 0.757908 0.494625
vt 0.743005 0.498813
vt 0.788090 0.502352
vt 0.803404 0.498813
vt 0.788092 0.494626
vt 0.818868 0.502352
vt 0.834457 0.498813
vt 0.818870 0.494626
vt 0.850142 0.502352
vt 0.865875 0.498813
vt 0.256047 0.498813
vt 0.850143 0.494626
vt 0.271780 0.502319
vt 0.287462 0.498612
vt 0.271776 0.494425
vt 0.303054 0.502319
vt 0.318518 0.498779
vt 0.303049 0.494425
vt 0.333833 0.502352
vt 0.348996 0.498813
vt 0.333830 0.494626
vt 0.364016 0.502352
vt 0.378918 0.498813
vt 0.364014 0.494626
vt 0.393733 0.502352
vt 0.408504 0.498813
vt 0.393732 0.494625
vt 0.423275 0.502352
vt 0.438090 0.498813
vt 0.423276 0.494625
vt 0.452992 0.502352
vt 0.468012 0.498813
vt 0.452994 0.494625
vt 0.483175 0.502352
vt 0.498490 0.498813
vt 0.483178 0.494626
vt 0.513953 0.502352
vt 0.529543 0.498813
vt 0.513955 0.494626
vt 0.545227 0.502352
vt 0.560961 0.498813
vt 0.545228 0.494626
vt 0.576695 0.502352
vt 0.592379 0.498813
vt 0.576694 0.494626
vt 0.607969 0.502352
vt 0.623433 0.498813
vt 0.607967 0.494626
vt 0.638747 0.502352
vt 0.653911 0.498813
vt 0.638745 0.494626
vt 0.668931 0.502352
vt 0.683832 0.498813
vt 0.668929 0.494625
vt 0.698647 0.502352
vt 0.713418 0.498813
vt 0.698647 0.494625
vt 0.728189 0.502352
vt 0.728190 0.494625
vt 0.713037 0.341835
vt 0.731909 0.363237
vt 0.713037 0.376659
vt 0.694221 0.363237
vt 0.675405 0.341835
vt 0.675405 0.376659
vt 0.656534 0.363237
vt 0.637551 0.341835
vt 0.637551 0.376659
vt 0.618420 0.363237
vt 0.599104 0.341835
vt 0.599104 0.376659
vt 0.579599 0.363237
vt 0.559902 0.341835
vt 0.559902 0.376659
vt 0.540047 0.363237
vt 0.520070 0.341835
vt 0.520070 0.376659
vt 0.500032 0.363237
vt 0.479993 0.341835
vt 0.479993 0.376659
vt 0.460016 0.363237
vt 0.440161 0.341835
vt 0.440161 0.376659
vt 0.420464 0.363237
vt 0.400959 0.341835
vt 0.400959 0.376659
vt 0.381643 0.363237
vt 0.362513 0.341835
vt 0.362513 0.376659
vt 0.343530 0.363237
vt 0.324658 0.341835
vt 0.324658 0.376659
vt 0.305842 0.363237
vt 0.287026 0.341835
vt 0.287026 0.376659
vt 0.268154 0.363237
vt 0.249172 0.341835
vt 0.249172 0.376659
vt 0.230041 0.363237
vt 0.210725 0.341835
vt 0.210725 0.376659
vt 0.191220 0.363237
vt 0.171523 0.341835
vt 0.171523 0.376659
vt 0.151668 0.363237
vt 0.131691 0.341835
vt 0.131691 0.376659
vt 0.111653 0.363237
vt 0.888411 0.363237
vt 0.868372 0.341835
vt 0.868372 0.376659
vt 0.848395 0.363237
vt 0.828541 0.341835
vt 0.828541 0.376659
vt 0.808843 0.363237
vt 0.789339 0.341835
vt 0.789339 0.376659
vt 0.770023 0.363237
vt 0.750892 0.341835
vt 0.750892 0.376659
vt 0.731909 0.384315
vt 0.694221 0.384315
vt 0.656534 0.384315
vt 0.618420 0.384315
vt 0.579599 0.384315
vt 0.540047 0.384315
vt 0.500032 0.384315
vt 0.460016 0.384315
vt 0.420464 0.384315
vt 0.381643 0.384315
vt 0.343530 0.384315
vt 0.305842 0.384315
vt 0.268154 0.384315
vt 0.230041 0.384315
vt 0.191220 0.384315
vt 0.151668 0.384315
vt 0.111653 0.384315
vt 0.888411 0.384315
vt 0.848395 0.384315
vt 0.808843 0.384315
vt 0.770023 0.384315
vt 0.750892 0.200178
vt 0.770023 0.236866
vt 0.750892 0.273554
vt 0.731909 0.236866
vt 0.789339 0.200178
vt 0.808843 0.236866
vt 0.789339 0.273554
vt 0.828541 0.200178
vt 0.848395 0.236866
vt 0.828541 0.273554
vt 0.868372 0.200178
vt 0.888411 0.236866
vt 0.111653 0.236866
vt 0.868372 0.273554
vt 0.131691 0.200178
vt 0.151668 0.236866
vt 0.131691 0.273554
vt 0.171523 0.200178
vt 0.191220 0.236866
vt 0.171523 0.273554
vt 0.210725 0.200178
vt 0.230041 0.236866
vt 0.210725 0.273554
vt 0.249172 0.200178
vt 0.268154 0.236866
vt 0.249172 0.273554
vt 0.287026 0.200178
vt 0.305842 0.236866
vt 0.287026 0.273554
vt 0.324658 0.200178
vt 0.343530 0.236866
vt 0.324658 0.273554
vt 0.362513 0.200178
vt 0.381643 0.236866
vt 0.362513 0.273554
vt 0.400959 0.200178
vt 0.420464 0.236866
vt 0.400959 0.273554
vt 0.440161 0.200178
vt 0.460016 0.236866
vt 0.440161 0.273554
vt 0.479993 0.200178
vt 0.500032 0.236866
vt 0.479993 0.273554
vt 0.520070 0.200178
vt 0.540047 0.236866
vt 0.520070 0.273554
vt 0.559902 0.200178
vt 0.579599 0.236866
vt 0.559902 0.273554
vt 0.599104 0.200178
vt 0.618420 0.236866
vt 0.599104 0.273554
vt 0.637551 0.200178
vt 0.656534 0.236866
vt 0.637551 0.273554
vt 0.675405 0.200178
vt 0.694221 0.236866
vt 0.675405 0.273554
vt 0.713037 0.200178
vt 0.713037 0.273554
vt 0.750892 0.126801
vt 0.770023 0.163490
vt 0.731909 0.163490
vt 0.789339 0.126801
vt 0.808843 0.163490
vt 0.828541 0.126801
vt 0.848395 0.163490
vt 0.868372 0.126801
vt 0.888411 0.163490
vt 0.111653 0.163490
vt 0.131691 0.126801
vt 0.151668 0.163490
vt 0.171523 0.126801
vt 0.191220 0.163490
vt 0.210725 0.126801
vt 0.230041 0.163490
vt 0.249172 0.126801
vt 0.268154 0.163490
vt 0.287026 0.126801
vt 0.305842 0.163490
vt 0.324658 0.126801
vt 0.343530 0.163490
vt 0.362513 0.126801
vt 0.381643 0.163490
vt 0.400959 0.126801
vt 0.420464 0.163490
vt 0.440161 0.126801
vt 0.460016 0.163490
vt 0.479993 0.126801
vt 0.500032 0.163490
vt 0.520070 0.126801
vt 0.540047 0.163490
vt 0.559902 0.126801
vt 0.579599 0.163490
vt 0.599104 0.126801
vt 0.618420 0.163490
vt 0.637551 0.126801
vt 0.656534 0.163490
vt 0.675405 0.126801
vt 0.694221 0.163490
vt 0.713037 0.126801
vt 0.731909 0.310243
vt 0.694221 0.310243
vt 0.656534 0.310243
vt 0.618420 0.310243
vt 0.579599 0.310243
vt 0.540047 0.310243
vt 0.500032 0.310243
vt 0.460016 0.310243
vt 0.420464 0.310243
vt 0.381643 0.310243
vt 0.343530 0.310243
vt 0.305842 0.310243
vt 0.268154 0.310243
vt 0.230041 0.310243
vt 0.191220 0.310243
vt 0.151668 0.310243
vt 0.111653 0.310243
vt 0.888411 0.310243
vt 0.848395 0.310243
vt 0.808843 0.310243
vt 0.770023 0.310243
vt 0.770023 0.090113
vt 0.731909 0.090113
vt 0.808843 0.090113
vt 0.848395 0.090113
vt 0.888411 0.090113
vt 0.111653 0.090113
vt 0.151668 0.090113
vt 0.191220 0.090113
vt 0.230041 0.090113
vt 0.268154 0.090113
vt 0.305842 0.090113
vt 0.343530 0.090113
vt 0.381643 0.090113
vt 0.420464 0.090113
vt 0.460016 0.090113
vt 0.500032 0.090113
vt 0.540047 0.090113
vt 0.579599 0.090113
vt 0.618420 0.090113
vt 0.656534 0.090113
vt 0.694221 0.090113
vt 0.757905 0.505964
vt 0.772924 0.503834
vt 0.743004 0.503834
vt 0.788088 0.505964
vt 0.803402 0.503834
vt 0.818867 0.505964
vt 0.834456 0.503834
vt 0.850141 0.505965
vt 0.865875 0.503834
vt 0.256047 0.503834
vt 0.271781 0.505965
vt 0.287466 0.503834
vt 0.303056 0.505964
vt 0.318520 0.503834
vt 0.333834 0.505964
vt 0.348998 0.503834
vt 0.364017 0.505964
vt 0.378919 0.503834
vt 0.393733 0.505964
vt 0.408504 0.503834
vt 0.423274 0.505964
vt 0.438089 0.503834
vt 0.452991 0.505964
vt 0.468010 0.503834
vt 0.483174 0.505964
vt 0.498488 0.503834
vt 0.513952 0.505964
vt 0.529542 0.503834
vt 0.545227 0.505965
vt 0.560961 0.503834
vt 0.576695 0.505965
vt 0.592381 0.503834
vt 0.607970 0.505964
vt 0.623434 0.503834
vt 0.638748 0.505964
vt 0.653912 0.503834
vt 0.668932 0.505964
vt 0.683833 0.503834
vt 0.698648 0.505964
vt 0.713418 0.503834
vt 0.728189 0.505964
vt 0.743006 0.491199
vt 0.728191 0.488154
vt 0.237243 0.650261
vt 0.713418 0.491199
vt 0.698646 0.488154
vt 0.227093 0.618422
vt 0.683831 0.491199
vt 0.668927 0.488154
vt 0.206988 0.591848
vt 0.653908 0.491200
vt 0.638742 0.488154
vt 0.179592 0.572878
vt 0.623430 0.491200
vt 0.607965 0.488154
vt 0.147556 0.562322
vt 0.592378 0.491200
vt 0.576693 0.488154
vt 0.113595 0.561750
vt 0.560961 0.491200
vt 0.545229 0.488154
vt 0.080975 0.571910
vt 0.529544 0.491200
vt 0.513957 0.488154
vt 0.053173 0.591428
vt 0.498492 0.491200
vt 0.483180 0.488154
vt 0.032451 0.617885
vt 0.468014 0.491199
vt 0.452996 0.488154
vt 0.020235 0.648785
vt 0.438092 0.491199
vt 0.423276 0.488154
vt 0.018250 0.681980
vt 0.408504 0.491199
vt 0.393731 0.488154
vt 0.027371 0.714090
vt 0.378916 0.491200
vt 0.364012 0.488154
vt 0.046954 0.741343
vt 0.348994 0.491200
vt 0.333828 0.488154
vt 0.074801 0.760460
vt 0.318515 0.491166
vt 0.303051 0.488154
vt 0.107298 0.769618
vt 0.287460 0.490999
vt 0.271779 0.488154
vt 0.141162 0.769133
vt 0.256047 0.491200
vt 0.865875 0.491200
vt 0.850143 0.488154
vt 0.173786 0.759242
vt 0.834459 0.491200
vt 0.818872 0.488154
vt 0.202034 0.740651
vt 0.803407 0.491200
vt 0.788094 0.488154
vt 0.223467 0.714937
vt 0.772928 0.491199
vt 0.757910 0.488154
vt 0.235913 0.683749
vt 0.772979 0.483008
vt 0.743037 0.483007
vt 0.803457 0.483008
vt 0.834491 0.483009
vt 0.865875 0.483009
vt 0.256047 0.483009
vt 0.287432 0.483009
vt 0.318465 0.483008
vt 0.348944 0.483008
vt 0.378885 0.483007
vt 0.408504 0.483007
vt 0.438123 0.483007
vt 0.468064 0.483008
vt 0.498543 0.483008
vt 0.529576 0.483009
vt 0.560961 0.483009
vt 0.592346 0.483009
vt 0.623379 0.483008
vt 0.653858 0.483008
vt 0.683800 0.483007
vt 0.713418 0.483007
vt 0.497579 0.667377
vt 0.501894 0.655825
vt 0.496524 0.679765
vt 0.498912 0.643887
vt 0.499270 0.631697
vt 0.492795 0.621326
vt 0.489373 0.609694
vt 0.480147 0.601804
vt 0.473409 0.591789
vt 0.462376 0.587048
vt 0.453045 0.579540
vt 0.441278 0.578321
vt 0.430279 0.573963
vt 0.418886 0.576318
vt 0.407265 0.575458
vt 0.397287 0.581113
vt 0.386112 0.583778
vt 0.378437 0.592174
vt 0.368712 0.598090
vt 0.364014 0.608454
vt 0.356615 0.617078
vt 0.355322 0.628471
vt 0.350926 0.639027
vt 0.353169 0.650418
vt 0.352200 0.661959
vt 0.357813 0.672303
vt 0.360411 0.683772
vt 0.368917 0.692085
vt 0.374886 0.702398
vt 0.385533 0.707862
vt 0.394365 0.716024
vt 0.406179 0.718062
vt 0.417087 0.723250
vt 0.428971 0.721573
vt 0.440967 0.723211
vt 0.451781 0.717845
vt 0.463749 0.715637
vt 0.472366 0.706907
vt 0.483096 0.700805
vt 0.488394 0.689372
vt 0.481446 0.684672
vt 0.459751 0.678762
vt 0.467638 0.666382
vt 0.467233 0.700257
vt 0.448327 0.687670
vt 0.448930 0.710041
vt 0.434751 0.692324
vt 0.428608 0.713407
vt 0.420433 0.692461
vt 0.408278 0.710309
vt 0.406753 0.688211
vt 0.389848 0.701234
vt 0.394989 0.680078
vt 0.375006 0.687172
vt 0.386218 0.668903
vt 0.365078 0.669528
vt 0.381218 0.655778
vt 0.360917 0.649999
vt 0.380406 0.641955
vt 0.362827 0.630410
vt 0.383812 0.628713
vt 0.370580 0.612543
vt 0.391104 0.617263
vt 0.383454 0.598015
vt 0.401606 0.608650
vt 0.400282 0.588153
vt 0.414370 0.603674
vt 0.419561 0.583890
vt 0.428238 0.602832
vt 0.439540 0.585699
vt 0.441927 0.606259
vt 0.458355 0.593509
vt 0.454132 0.613697
vt 0.474189 0.606693
vt 0.463650 0.624515
vt 0.485440 0.624121
vt 0.469483 0.637750
vt 0.490853 0.644239
vt 0.470929 0.652181
vt 0.489617 0.665150
vt 0.198412 0.717739
vt 0.188936 0.697147
vt 0.208047 0.691764
vt 0.182035 0.742237
vt 0.183036 0.723031
vt 0.154745 0.757373
vt 0.166226 0.745119
vt 0.122346 0.758933
vt 0.136317 0.752531
vt 0.096381 0.748627
vt 0.109715 0.743580
vt 0.075099 0.732561
vt 0.093279 0.726298
vt 0.058599 0.713771
vt 0.081016 0.709957
vt 0.046841 0.691451
vt 0.071105 0.694765
vt 0.039420 0.664730
vt 0.060904 0.675611
vt 0.039166 0.636931
vt 0.052073 0.652456
vt 0.048643 0.608606
vt 0.050419 0.626097
vt 0.069630 0.584923
vt 0.061691 0.599422
vt 0.098382 0.570232
vt 0.085198 0.579911
vt 0.130670 0.566395
vt 0.115038 0.571215
vt 0.161296 0.573463
vt 0.145592 0.573470
vt 0.185621 0.591566
vt 0.170338 0.588135
vt 0.201197 0.615196
vt 0.184668 0.611128
vt 0.209614 0.642187
vt 0.190208 0.636462
vt 0.211818 0.666314
vt 0.191787 0.657508
vt 0.191375 0.675216
vt 0.757917 0.517189
vt 0.743044 0.520095
vt 0.772990 0.520096
vt 0.728193 0.517189
vt 0.713418 0.520095
vt 0.698643 0.517189
vt 0.683793 0.520095
vt 0.668920 0.517189
vt 0.653846 0.520096
vt 0.638733 0.517190
vt 0.623368 0.520097
vt 0.607958 0.517190
vt 0.592339 0.520098
vt 0.576690 0.517190
vt 0.560961 0.520099
vt 0.545232 0.517190
vt 0.529583 0.520098
vt 0.513965 0.517190
vt 0.498555 0.520097
vt 0.483189 0.517190
vt 0.468076 0.520096
vt 0.453003 0.517189
vt 0.438130 0.520095
vt 0.423279 0.517189
vt 0.408504 0.520095
vt 0.393729 0.517189
vt 0.378878 0.520095
vt 0.364005 0.517190
vt 0.348932 0.520096
vt 0.333819 0.517190
vt 0.318453 0.520097
vt 0.303043 0.517190
vt 0.287425 0.520098
vt 0.271776 0.517190
vt 0.256047 0.520099
vt 0.865875 0.520099
vt 0.850146 0.517190
vt 0.834498 0.520098
vt 0.818879 0.517190
vt 0.803469 0.520097
vt 0.788103 0.517190
vt 0.743123 0.483297
vt 0.728264 0.488433
vt 0.713418 0.483296
vt 0.698573 0.488433
vt 0.683713 0.483297
vt 0.668735 0.488436
vt 0.653717 0.483300
vt 0.638503 0.488439
vt 0.623237 0.483303
vt 0.607770 0.488443
vt 0.592258 0.483306
vt 0.576618 0.488445
vt 0.560961 0.483307
vt 0.545304 0.488445
vt 0.529665 0.483306
vt 0.514152 0.488443
vt 0.498685 0.483303
vt 0.483419 0.488439
vt 0.468205 0.483300
vt 0.453187 0.488436
vt 0.438209 0.483297
vt 0.423349 0.488433
vt 0.408504 0.483296
vt 0.393659 0.488433
vt 0.378799 0.483297
vt 0.363821 0.488436
vt 0.348803 0.483300
vt 0.333589 0.488439
vt 0.318323 0.483303
vt 0.302855 0.488443
vt 0.287343 0.483306
vt 0.271704 0.488445
vt 0.256047 0.483307
vt 0.865875 0.483307
vt 0.850218 0.488445
vt 0.834579 0.483306
vt 0.819067 0.488443
vt 0.803599 0.483303
vt 0.788333 0.488439
vt 0.773119 0.483300
vt 0.758102 0.488436
vt 0.803646 0.503635
vt 0.773165 0.503630
vt 0.834608 0.503638
vt 0.865875 0.503640
vt 0.256047 0.503640
vt 0.287314 0.503638
vt 0.318277 0.503635
vt 0.348757 0.503631
vt 0.378771 0.503627
vt 0.408504 0.503626
vt 0.438237 0.503627
vt 0.468251 0.503630
vt 0.498731 0.503635
vt 0.529693 0.503638
vt 0.560961 0.503639
vt 0.592229 0.503638
vt 0.623191 0.503635
vt 0.653671 0.503630
vt 0.683685 0.503627
vt 0.713418 0.503626
vt 0.743151 0.503627
vt 0.772922 0.511448
vt 0.743002 0.511448
vt 0.803400 0.511448
vt 0.834455 0.511448
vt 0.865875 0.511448
vt 0.256047 0.511448
vt 0.287468 0.511448
vt 0.318522 0.511448
vt 0.349000 0.511448
vt 0.378920 0.511448
vt 0.408504 0.511448
vt 0.438088 0.511448
vt 0.468008 0.511448
vt 0.498486 0.511448
vt 0.529540 0.511448
vt 0.560961 0.511448
vt 0.592382 0.511448
vt 0.623437 0.511448
vt 0.653915 0.511448
vt 0.683834 0.511448
vt 0.713418 0.511447
vt 0.498076 0.655587
vt 0.492891 0.678276
vt 0.495665 0.632625
vt 0.486291 0.611650
vt 0.471112 0.594565
vt 0.451726 0.582863
vt 0.430041 0.577519
vt 0.408112 0.578916
vt 0.387955 0.586822
vt 0.371374 0.600447
vt 0.359854 0.618537
vt 0.354450 0.639450
vt 0.355685 0.661299
vt 0.363533 0.682076
vt 0.377350 0.699810
vt 0.395927 0.712772
vt 0.417583 0.719621
vt 0.440318 0.719527
vt 0.461957 0.712242
vt 0.480247 0.698098
vt 0.181448 0.694700
vt 0.179196 0.706078
vt 0.179638 0.693908
vt 0.181205 0.683946
vt 0.178132 0.719792
vt 0.172809 0.731532
vt 0.176693 0.718406
vt 0.164081 0.741357
vt 0.150989 0.746072
vt 0.163270 0.739852
vt 0.135839 0.748059
vt 0.121802 0.744292
vt 0.135890 0.746334
vt 0.111425 0.738157
vt 0.104810 0.728603
vt 0.112300 0.736693
vt 0.097848 0.720095
vt 0.093348 0.711011
vt 0.099176 0.718891
vt 0.087904 0.704230
vt 0.084494 0.697018
vt 0.089335 0.703128
vt 0.079387 0.690789
vt 0.075524 0.682634
vt 0.080846 0.689755
vt 0.069071 0.673606
vt 0.064361 0.662687
vt 0.070580 0.672708
vt 0.058829 0.652317
vt 0.056736 0.640582
vt 0.060432 0.651771
vt 0.055190 0.627530
vt 0.058670 0.614488
vt 0.056778 0.627652
vt 0.064703 0.601896
vt 0.075307 0.592055
vt 0.066002 0.602788
vt 0.086847 0.583108
vt 0.100837 0.578420
vt 0.087607 0.584530
vt 0.115434 0.574887
vt 0.130314 0.575820
vt 0.115550 0.576515
vt 0.144556 0.577183
vt 0.156608 0.583281
vt 0.143977 0.578662
vt 0.167328 0.591752
vt 0.174019 0.603416
vt 0.166079 0.592739
vt 0.179263 0.614505
vt 0.180597 0.626612
vt 0.177619 0.614911
vt 0.182610 0.639163
vt 0.181980 0.650533
vt 0.180859 0.639175
vt 0.183000 0.658519
vt 0.181922 0.665583
vt 0.181262 0.658365
vt 0.182675 0.674144
vt 0.180838 0.674035
vt 0.183595 0.683823
vt 0.181516 0.706800
vt 0.174359 0.732813
vt 0.151405 0.748030
vt 0.121012 0.746150
vt 0.103119 0.730008
vt 0.091412 0.712238
vt 0.082520 0.698213
vt 0.073544 0.683763
vt 0.062306 0.663591
vt 0.054580 0.640834
vt 0.056709 0.613708
vt 0.073918 0.590372
vt 0.100245 0.576278
vt 0.130559 0.573624
vt 0.157798 0.581533
vt 0.175958 0.602448
vt 0.182815 0.626306
vt 0.184225 0.650507
vt 0.184151 0.665581
vt 0.123502 0.628697
vt 0.119396 0.623987
vt 0.122718 0.625713
vt 0.074088 0.666802
vt 0.074704 0.650135
vt 0.083328 0.647611
vt 0.083050 0.662894
vt 0.090185 0.653293
vt 0.090572 0.670402
vt 0.083462 0.681551
vt 0.097400 0.652372
vt 0.098395 0.673912
vt 0.091444 0.692344
vt 0.103890 0.648914
vt 0.106137 0.679911
vt 0.100366 0.704709
vt 0.065015 0.648061
vt 0.070053 0.633233
vt 0.077957 0.636274
vt 0.079486 0.621349
vt 0.062245 0.626190
vt 0.074359 0.614491
vt 0.089532 0.608720
vt 0.071238 0.604073
vt 0.109593 0.647673
vt 0.111777 0.719205
vt 0.149948 0.634996
vt 0.174095 0.653258
vt 0.149421 0.740474
vt 0.135332 0.743444
vt 0.121478 0.738930
vt 0.112272 0.733995
vt 0.105470 0.723780
vt 0.099529 0.716526
vt 0.094636 0.706897
vt 0.089941 0.701119
vt 0.086136 0.693478
vt 0.081637 0.688045
vt 0.077519 0.679667
vt 0.071599 0.671377
vt 0.066800 0.660563
vt 0.061675 0.650917
vt 0.059482 0.639476
vt 0.058099 0.627354
vt 0.061291 0.614654
vt 0.067113 0.603087
vt 0.077156 0.593366
vt 0.088214 0.585283
vt 0.101461 0.580413
vt 0.115487 0.577463
vt 0.129533 0.577922
vt 0.143238 0.579533
vt 0.154556 0.584917
vt 0.164820 0.593254
vt 0.171099 0.604066
vt 0.176089 0.614909
vt 0.177346 0.626193
vt 0.179256 0.638613
vt 0.178679 0.649093
vt 0.179679 0.657379
vt 0.178672 0.663566
vt 0.179246 0.672710
vt 0.177867 0.681115
vt 0.178092 0.691984
vt 0.176202 0.701619
vt 0.175349 0.715785
vt 0.170369 0.726163
vt 0.167812 0.702736
vt 0.162223 0.736910
vt 0.156033 0.721018
vt 0.150402 0.743869
vt 0.171703 0.729515
vt 0.121882 0.742189
vt 0.105418 0.726763
vt 0.094218 0.709427
vt 0.085486 0.695622
vt 0.076627 0.681435
vt 0.065616 0.661807
vt 0.058103 0.640178
vt 0.059948 0.614723
vt 0.076213 0.592862
vt 0.101173 0.579551
vt 0.130013 0.576999
vt 0.155690 0.584201
vt 0.172650 0.603848
vt 0.179051 0.626555
vt 0.180406 0.650089
vt 0.180360 0.664948
vt 0.179559 0.683035
vt 0.177780 0.704220
vt 0.127374 0.628218
vt 0.121064 0.622506
vt 0.125970 0.624993
vt 0.131108 0.624696
vt 0.134366 0.629075
vt 0.122635 0.620764
vt 0.123751 0.618923
vt 0.134359 0.622804
vt 0.142450 0.629290
vt 0.123649 0.616510
vt 0.134443 0.617543
vt 0.146030 0.624713
vt 0.122294 0.613442
vt 0.130954 0.610029
vt 0.144186 0.613887
vt 0.119564 0.610943
vt 0.123519 0.606324
vt 0.135420 0.604273
vt 0.116127 0.609986
vt 0.116352 0.606089
vt 0.123489 0.601839
vt 0.112869 0.610074
vt 0.110211 0.606951
vt 0.113454 0.602583
vt 0.109905 0.610993
vt 0.104541 0.609698
vt 0.104956 0.605067
vt 0.097989 0.614651
vt 0.095302 0.610823
vt 0.107032 0.612895
vt 0.104666 0.615738
vt 0.094185 0.621776
vt 0.086413 0.620312
vt 0.084426 0.632027
vt 0.103771 0.619174
vt 0.094972 0.628991
vt 0.088316 0.640641
vt 0.104267 0.622292
vt 0.097888 0.633199
vt 0.101176 0.634863
vt 0.093396 0.644339
vt 0.105496 0.624653
vt 0.105345 0.632605
vt 0.099167 0.642072
vt 0.107371 0.625906
vt 0.108790 0.630796
vt 0.104564 0.636950
vt 0.109684 0.626314
vt 0.112658 0.629252
vt 0.109127 0.633635
vt 0.112216 0.626413
vt 0.114996 0.626019
vt 0.114534 0.631237
vt 0.146099 0.677823
vt 0.130672 0.640952
vt 0.125360 0.644445
vt 0.120123 0.631045
vt 0.117449 0.631408
vt 0.122379 0.630324
vt 0.124422 0.630007
vt 0.126320 0.629376
vt 0.128440 0.629583
vt 0.131505 0.629738
vt 0.136321 0.630868
vt 0.141489 0.631327
vt 0.145687 0.631328
vt 0.148485 0.629576
vt 0.150066 0.626166
vt 0.149740 0.620856
vt 0.148171 0.613806
vt 0.144225 0.607274
vt 0.138242 0.602825
vt 0.131154 0.600811
vt 0.124741 0.600054
vt 0.118849 0.600691
vt 0.113476 0.600908
vt 0.108628 0.602102
vt 0.103961 0.603683
vt 0.099154 0.606647
vt 0.093085 0.610144
vt 0.087528 0.615092
vt 0.083028 0.620897
vt 0.080890 0.627542
vt 0.080834 0.634221
vt 0.082880 0.639944
vt 0.085388 0.643946
vt 0.088543 0.646242
vt 0.091349 0.647942
vt 0.094363 0.647560
vt 0.097992 0.645091
vt 0.101251 0.641442
vt 0.103966 0.639057
vt 0.106118 0.636822
vt 0.108823 0.635192
vt 0.111514 0.633440
vt 0.114593 0.632486
vt 0.120218 0.631477
vt 0.117569 0.631858
vt 0.122473 0.630782
vt 0.114743 0.632899
vt 0.111717 0.633860
vt 0.109064 0.635576
vt 0.106401 0.637217
vt 0.104261 0.639430
vt 0.101539 0.641829
vt 0.098218 0.645482
vt 0.094485 0.647954
vt 0.091313 0.648338
vt 0.088344 0.646606
vt 0.085070 0.644238
vt 0.082479 0.640135
vt 0.080396 0.634285
vt 0.080447 0.627467
vt 0.082619 0.620694
vt 0.087166 0.614772
vt 0.092775 0.609759
vt 0.098893 0.606207
vt 0.103759 0.603218
vt 0.108483 0.601610
vt 0.113388 0.600407
vt 0.118817 0.600178
vt 0.124775 0.599557
vt 0.131265 0.600339
vt 0.138460 0.602428
vt 0.144547 0.606972
vt 0.148568 0.613622
vt 0.150167 0.620807
vt 0.150438 0.626278
vt 0.148751 0.629834
vt 0.145843 0.631705
vt 0.141540 0.631778
vt 0.136317 0.631339
vt 0.131491 0.630222
vt 0.128442 0.630037
vt 0.126367 0.629843
vt 0.124486 0.630442
vt 0.117668 0.632232
vt 0.122540 0.631163
vt 0.111894 0.634205
vt 0.106653 0.637546
vt 0.101799 0.642169
vt 0.094596 0.648330
vt 0.088164 0.646941
vt 0.082114 0.640311
vt 0.080043 0.627402
vt 0.086835 0.614487
vt 0.098656 0.605813
vt 0.108350 0.601162
vt 0.118791 0.599719
vt 0.131372 0.599913
vt 0.144843 0.606698
vt 0.150555 0.620764
vt 0.149011 0.630083
vt 0.141589 0.632188
vt 0.131468 0.630640
vt 0.126390 0.630226
vt 0.116201 0.624884
vt 0.116801 0.623723
vt 0.118125 0.623964
vt 0.120432 0.620491
vt 0.119873 0.619241
vt 0.120750 0.618284
vt 0.119834 0.617320
vt 0.120357 0.616154
vt 0.119211 0.615522
vt 0.119357 0.614211
vt 0.118097 0.613963
vt 0.117840 0.612638
vt 0.116575 0.612804
vt 0.115938 0.611606
vt 0.114787 0.612180
vt 0.113837 0.611234
vt 0.112900 0.612164
vt 0.111724 0.611560
vt 0.111087 0.612750
vt 0.109801 0.612532
vt 0.109541 0.613868
vt 0.108276 0.614052
vt 0.108409 0.615401
vt 0.107265 0.615972
vt 0.107782 0.617210
vt 0.106868 0.618131
vt 0.107724 0.619143
vt 0.107136 0.620332
vt 0.108244 0.621018
vt 0.108048 0.622351
vt 0.109324 0.622633
vt 0.109582 0.623961
vt 0.110914 0.623806
vt 0.111613 0.624980
vt 0.112845 0.624391
vt 0.113906 0.625281
vt 0.114912 0.624329
vt 0.119470 0.622533
vt 0.119282 0.621157
vt 0.118239 0.622698
vt 0.115041 0.621683
vt 0.113982 0.618468
vt 0.116060 0.621193
vt 0.117320 0.619375
vt 0.114228 0.618207
vt 0.117490 0.618223
vt 0.114212 0.618140
vt 0.117274 0.617141
vt 0.114182 0.618116
vt 0.116770 0.616163
vt 0.114174 0.618110
vt 0.115999 0.615376
vt 0.114123 0.618110
vt 0.115003 0.614856
vt 0.113994 0.618105
vt 0.113872 0.614673
vt 0.113813 0.618130
vt 0.112721 0.614861
vt 0.113622 0.618207
vt 0.111668 0.615396
vt 0.113464 0.618319
vt 0.110844 0.616212
vt 0.113380 0.618410
vt 0.110314 0.617203
vt 0.113355 0.618445
vt 0.110111 0.618291
vt 0.113357 0.618461
vt 0.110249 0.619404
vt 0.113367 0.618490
vt 0.110711 0.620430
vt 0.113387 0.618529
vt 0.111494 0.621254
vt 0.113427 0.618551
vt 0.112545 0.621768
vt 0.113534 0.618551
vt 0.113770 0.621913
vt 0.113762 0.618518
vt 0.116796 0.620444
vt 0.114172 0.618309
vt 0.114092 0.618407
vn 0.860083 0.420514 -0.288833
vn 0.803310 0.419199 -0.423043
vn 0.781529 0.468597 -0.411861
vn 0.836661 0.470046 -0.281168
vn 0.726589 0.417585 -0.545611
vn 0.706976 0.466848 -0.531260
vn 0.716784 0.442364 -0.539013
vn 0.792448 0.444272 -0.417909
vn 0.848405 0.445872 -0.285318
vn 0.632385 0.415792 -0.653611
vn 0.615416 0.464878 -0.636516
vn 0.523472 0.414045 -0.744677
vn 0.509493 0.462984 -0.725302
vn 0.516459 0.438127 -0.735741
vn 0.623898 0.440194 -0.645741
vn 0.402802 0.412465 -0.817082
vn 0.392103 0.461245 -0.795932
vn 0.273365 0.411245 -0.869569
vn 0.266127 0.459926 -0.847139
vn 0.269724 0.434776 -0.859196
vn 0.397434 0.436212 -0.807320
vn 0.138125 0.410446 -0.901363
vn 0.134479 0.459041 -0.878178
vn -0.000000 0.410189 -0.912001
vn 0.000000 0.458773 -0.888554
vn -0.000000 0.433514 -0.901147
vn 0.136293 0.433798 -0.890642
vn -0.138125 0.410446 -0.901363
vn -0.134479 0.459041 -0.878178
vn -0.273365 0.411244 -0.869569
vn -0.266127 0.459926 -0.847139
vn -0.269725 0.434777 -0.859196
vn -0.136293 0.433799 -0.890642
vn -0.402802 0.412465 -0.817082
vn -0.392103 0.461245 -0.795932
vn -0.523472 0.414046 -0.744677
vn -0.509493 0.462985 -0.725301
vn -0.516459 0.438127 -0.735741
vn -0.397435 0.436212 -0.807319
vn -0.632384 0.415792 -0.653611
vn -0.615415 0.464878 -0.636516
vn -0.726589 0.417584 -0.545612
vn -0.706976 0.466848 -0.531260
vn -0.716783 0.442363 -0.539014
vn -0.623897 0.440193 -0.645742
vn -0.803310 0.419198 -0.423043
vn -0.781529 0.468596 -0.411862
vn -0.860084 0.420513 -0.288834
vn -0.836661 0.470044 -0.281169
vn -0.848406 0.445871 -0.285320
vn -0.792448 0.444271 -0.417911
vn -0.894988 0.421344 -0.146509
vn -0.870563 0.470937 -0.142612
vn -0.906760 0.421647 -0.000000
vn -0.881983 0.471281 -0.000000
vn -0.894419 0.447230 0.000000
vn -0.882829 0.446841 -0.144725
vn -0.894988 0.421344 0.146509
vn -0.870563 0.470937 0.142612
vn -0.860084 0.420513 0.288834
vn -0.836662 0.470044 0.281169
vn -0.848406 0.445871 0.285319
vn -0.882830 0.446841 0.144725
vn -0.803311 0.419198 0.423043
vn -0.781530 0.468596 0.411861
vn -0.726589 0.417584 0.545612
vn -0.706976 0.466848 0.531260
vn -0.716784 0.442364 0.539014
vn -0.792449 0.444271 0.417909
vn -0.632384 0.415791 0.653612
vn -0.615415 0.464877 0.636517
vn -0.523472 0.414045 0.744677
vn -0.509493 0.462984 0.725302
vn -0.516459 0.438126 0.735741
vn -0.623896 0.440193 0.645743
vn -0.402802 0.412464 0.817083
vn -0.392104 0.461245 0.795932
vn -0.273365 0.411244 0.869569
vn -0.266128 0.459926 0.847139
vn -0.269725 0.434776 0.859196
vn -0.397435 0.436212 0.807319
vn -0.138125 0.410446 0.901363
vn -0.134480 0.459041 0.878178
vn -0.000000 0.410189 0.912001
vn 0.000000 0.458774 0.888553
vn 0.000000 0.433515 0.901147
vn -0.136293 0.433799 0.890642
vn 0.138126 0.410446 0.901363
vn 0.134480 0.459041 0.878178
vn 0.273365 0.411244 0.869569
vn 0.266128 0.459926 0.847139
vn 0.269725 0.434776 0.859196
vn 0.136293 0.433799 0.890642
vn 0.402802 0.412464 0.817083
vn 0.392103 0.461245 0.795932
vn 0.523471 0.414045 0.744677
vn 0.509493 0.462984 0.725302
vn 0.516459 0.438127 0.735741
vn 0.397436 0.436212 0.807319
vn 0.632384 0.415792 0.653611
vn 0.615415 0.464878 0.636517
vn 0.726589 0.417584 0.545611
vn 0.706976 0.466848 0.531261
vn 0.716783 0.442363 0.539016
vn 0.623896 0.440193 0.645743
vn 0.803310 0.419198 0.423043
vn 0.781529 0.468595 0.411863
vn 0.860084 0.420512 0.288834
vn 0.836662 0.470044 0.281168
vn 0.848406 0.445870 0.285318
vn 0.792448 0.444270 0.417912
vn 0.894989 0.421344 0.146508
vn 0.870563 0.470937 0.142610
vn 0.906760 0.421647 0.000000
vn 0.881982 0.471282 -0.000000
vn 0.894419 0.447230 -0.000001
vn 0.882830 0.446841 0.144721
vn 0.894988 0.421345 -0.146508
vn 0.870563 0.470938 -0.142611
vn 0.882829 0.446842 -0.144723
vn 0.766889 -0.587864 -0.257484
vn 0.716732 -0.586416 -0.377373
vn 0.872228 -0.167855 -0.459394
vn 0.934419 -0.168426 -0.313836
vn 0.648809 -0.584616 -0.487105
vn 0.788368 -0.167095 -0.592077
vn 0.799462 -0.000000 -0.600717
vn 0.884684 0.000000 -0.466192
vn 0.947912 0.000000 -0.318533
vn 0.565189 -0.582630 -0.584041
vn 0.685614 -0.166309 -0.708714
vn 0.468261 -0.580672 -0.665997
vn 0.567106 -0.165492 -0.806848
vn 0.574838 -0.000000 -0.818267
vn 0.695115 0.000000 -0.718899
vn 0.360598 -0.578912 -0.731321
vn 0.436079 -0.164803 -0.884689
vn 0.244872 -0.577536 -0.778775
vn 0.295793 -0.164227 -0.941029
vn 0.299726 -0.000000 -0.954025
vn 0.441945 0.000000 -0.897042
vn 0.123775 -0.576647 -0.807563
vn 0.149404 -0.163892 -0.975099
vn -0.000001 -0.576349 -0.817204
vn -0.000002 -0.163751 -0.986502
vn -0.000002 -0.000000 -1.000000
vn 0.151378 0.000000 -0.988476
vn -0.123776 -0.576646 -0.807564
vn -0.149406 -0.163892 -0.975099
vn -0.244873 -0.577534 -0.778776
vn -0.295793 -0.164227 -0.941029
vn -0.299726 -0.000000 -0.954025
vn -0.151380 0.000000 -0.988476
vn -0.360597 -0.578911 -0.731322
vn -0.436077 -0.164803 -0.884690
vn -0.468260 -0.580671 -0.665998
vn -0.567105 -0.165492 -0.806849
vn -0.574838 -0.000000 -0.818268
vn -0.441944 0.000000 -0.897043
vn -0.565189 -0.582629 -0.584041
vn -0.685614 -0.166309 -0.708714
vn -0.648809 -0.584616 -0.487105
vn -0.788368 -0.167096 -0.592076
vn -0.799462 0.000000 -0.600717
vn -0.695115 -0.000000 -0.718899
vn -0.716732 -0.586417 -0.377373
vn -0.872228 -0.167856 -0.459394
vn -0.766888 -0.587864 -0.257484
vn -0.934419 -0.168426 -0.313837
vn -0.947912 0.000000 -0.318533
vn -0.884684 -0.000000 -0.466192
vn -0.797672 -0.588792 -0.130552
vn -0.972695 -0.168831 -0.159250
vn -0.808047 -0.589118 0.000000
vn -0.985626 -0.168942 0.000000
vn -1.000000 -0.000000 -0.000000
vn -0.986848 0.000000 -0.161650
vn -0.797672 -0.588792 0.130552
vn -0.972695 -0.168832 0.159250
vn -0.766889 -0.587864 0.257484
vn -0.934419 -0.168426 0.313837
vn -0.947912 0.000000 0.318533
vn -0.986848 0.000000 0.161650
vn -0.716733 -0.586417 0.377373
vn -0.872228 -0.167856 0.459393
vn -0.648808 -0.584617 0.487105
vn -0.788368 -0.167096 0.592077
vn -0.799462 -0.000000 0.600717
vn -0.884684 0.000000 0.466191
vn -0.565189 -0.582629 0.584042
vn -0.685613 -0.166309 0.708714
vn -0.468260 -0.580671 0.665998
vn -0.567104 -0.165492 0.806849
vn -0.574837 -0.000000 0.818268
vn -0.695114 0.000000 0.718899
vn -0.360597 -0.578910 0.731322
vn -0.436077 -0.164803 0.884690
vn -0.244873 -0.577534 0.778776
vn -0.295793 -0.164227 0.941029
vn -0.299726 0.000000 0.954025
vn -0.441944 -0.000000 0.897043
vn -0.123776 -0.576646 0.807564
vn -0.149406 -0.163892 0.975099
vn -0.000000 -0.576349 0.817204
vn -0.000000 -0.163751 0.986502
vn 0.000000 -0.000000 1.000000
vn -0.151380 0.000000 0.988476
vn 0.123776 -0.576646 0.807564
vn 0.149406 -0.163892 0.975099
vn 0.244873 -0.577534 0.778776
vn 0.295794 -0.164227 0.941029
vn 0.299727 -0.000000 0.954025
vn 0.151380 0.000000 0.988476
vn 0.360598 -0.578911 0.731322
vn 0.436078 -0.164803 0.884690
vn 0.468260 -0.580671 0.665998
vn 0.567105 -0.165493 0.806848
vn 0.574838 0.000000 0.818268
vn 0.441945 0.000000 0.897042
vn 0.565189 -0.582630 0.584042
vn 0.685614 -0.166309 0.708714
vn 0.648809 -0.584617 0.487105
vn 0.788368 -0.167095 0.592076
vn 0.799462 -0.000000 0.600717
vn 0.695115 0.000000 0.718899
vn 0.716732 -0.586417 0.377373
vn 0.872228 -0.167855 0.459394
vn 0.766888 -0.587864 0.257484
vn 0.934419 -0.168426 0.313837
vn 0.947912 -0.000000 0.318533
vn 0.884683 0.000000 0.466192
vn 0.797672 -0.588792 0.130552
vn 0.972695 -0.168832 0.159250
vn 0.808047 -0.589118 0.000001
vn 0.985626 -0.168942 0.000001
vn 1.000000 -0.000000 0.000001
vn 0.986848 -0.000000 0.161650
vn 0.797672 -0.588792 -0.130551
vn 0.972695 -0.168832 -0.159248
vn 0.986849 -0.000000 -0.161648
vn 0.707558 -0.665389 -0.237949
vn 0.661440 -0.663945 -0.348818
vn 0.672054 -0.650317 -0.354162
vn 0.718912 -0.651766 -0.241592
vn 0.598889 -0.662205 -0.450353
vn 0.608511 -0.648559 -0.457259
vn 0.521870 -0.660232 -0.540135
vn 0.530255 -0.646577 -0.548423
vn 0.432473 -0.658334 -0.616087
vn 0.439432 -0.644660 -0.625550
vn 0.333136 -0.656584 -0.676697
vn 0.338495 -0.642901 -0.687095
vn 0.226258 -0.655256 -0.720727
vn 0.229903 -0.641557 -0.731812
vn 0.114386 -0.654360 -0.747482
vn 0.116227 -0.640660 -0.758977
vn -0.000000 -0.654090 -0.756417
vn -0.000001 -0.640383 -0.768056
vn -0.114387 -0.654359 -0.747482
vn -0.116228 -0.640659 -0.758978
vn -0.226259 -0.655255 -0.720728
vn -0.229903 -0.641556 -0.731813
vn -0.333136 -0.656583 -0.676697
vn -0.338495 -0.642900 -0.687096
vn -0.432474 -0.658334 -0.616087
vn -0.439432 -0.644660 -0.625550
vn -0.521870 -0.660232 -0.540135
vn -0.530255 -0.646577 -0.548423
vn -0.598889 -0.662205 -0.450352
vn -0.608511 -0.648559 -0.457258
vn -0.661440 -0.663945 -0.348817
vn -0.672054 -0.650318 -0.354162
vn -0.707558 -0.665389 -0.237949
vn -0.718912 -0.651766 -0.241593
vn -0.735885 -0.666274 -0.120633
vn -0.747684 -0.652662 -0.122479
vn -0.745399 -0.666618 -0.000000
vn -0.757355 -0.653003 0.000000
vn -0.735885 -0.666274 0.120633
vn -0.747684 -0.652662 0.122479
vn -0.707557 -0.665389 0.237949
vn -0.718912 -0.651766 0.241593
vn -0.661440 -0.663946 0.348817
vn -0.672054 -0.650318 0.354161
vn -0.598889 -0.662205 0.450352
vn -0.608511 -0.648559 0.457258
vn -0.521870 -0.660232 0.540135
vn -0.530254 -0.646577 0.548424
vn -0.432474 -0.658334 0.616087
vn -0.439432 -0.644660 0.625551
vn -0.333136 -0.656583 0.676698
vn -0.338495 -0.642900 0.687096
vn -0.226259 -0.655254 0.720728
vn -0.229903 -0.641556 0.731813
vn -0.114387 -0.654359 0.747482
vn -0.116228 -0.640659 0.758978
vn 0.000000 -0.654090 0.756417
vn 0.000000 -0.640383 0.768056
vn 0.114387 -0.654359 0.747482
vn 0.116228 -0.640659 0.758978
vn 0.226259 -0.655255 0.720728
vn 0.229904 -0.641556 0.731813
vn 0.333136 -0.656583 0.676697
vn 0.338495 -0.642900 0.687096
vn 0.432474 -0.658334 0.616087
vn 0.439432 -0.644659 0.625551
vn 0.521870 -0.660232 0.540135
vn 0.530255 -0.646577 0.548424
vn 0.598889 -0.662204 0.450352
vn 0.608511 -0.648559 0.457258
vn 0.661440 -0.663945 0.348818
vn 0.672054 -0.650318 0.354162
vn 0.707557 -0.665389 0.237949
vn 0.718912 -0.651766 0.241593
vn 0.735885 -0.666274 0.120633
vn 0.747684 -0.652662 0.122479
vn 0.745400 -0.666618 0.000001
vn 0.757355 -0.653003 0.000001
vn 0.735885 -0.666274 -0.120631
vn 0.747684 -0.652662 -0.122478
vn 0.030344 0.999350 -0.019446
vn 0.027721 0.999448 -0.018335
vn 0.019452 0.999598 -0.020638
vn 0.019198 0.999537 -0.023617
vn 0.033397 0.999323 -0.015424
vn 0.026996 0.999497 -0.016617
vn 0.017858 0.999712 -0.016033
vn 0.006687 0.999756 -0.021037
vn 0.003497 0.999684 -0.024898
vn 0.003923 0.998509 -0.054447
vn -0.010059 0.997681 -0.067314
vn -0.008505 0.992296 -0.123597
vn 0.001206 0.993977 -0.109580
vn -0.009467 0.997741 -0.066509
vn -0.009333 0.991690 -0.128314
vn -0.004731 0.989454 -0.144770
vn 0.005415 0.990271 -0.139045
vn 0.026435 0.992480 -0.119522
vn 0.021088 0.992550 -0.119997
vn 0.007633 0.992622 -0.121013
vn -0.006117 0.999858 -0.015728
vn -0.004201 0.999869 -0.015639
vn -0.006005 0.999825 -0.017727
vn -0.011403 0.999785 -0.017289
vn -0.003356 0.999870 -0.015798
vn -0.002253 0.999837 -0.017946
vn -0.001671 0.999827 -0.018540
vn -0.006629 0.999811 -0.018266
vn -0.013168 0.999759 -0.017556
vn 0.001900 0.996381 0.084978
vn -0.013426 0.996542 0.081995
vn -0.016886 0.995409 0.094214
vn 0.002114 0.995210 0.097739
vn -0.024294 0.996635 0.078281
vn -0.031805 0.995560 0.088594
vn -0.035706 0.995491 0.087877
vn -0.018628 0.995217 0.095895
vn 0.002042 0.994975 0.100105
vn 0.024261 0.996393 0.081319
vn 0.015793 0.996403 0.083254
vn 0.019490 0.995219 0.095708
vn 0.031133 0.995257 0.092161
vn 0.021081 0.995006 0.097560
vn 0.034540 0.995162 0.091976
vn 0.048298 0.996435 0.069173
vn 0.033295 0.996282 0.079455
vn 0.043969 0.995420 0.084891
vn 0.061196 0.995846 0.067421
vn 0.048892 0.995554 0.080508
vn 0.065423 0.996126 0.058752
vn 0.074217 0.996866 0.027403
vn 0.064274 0.996570 0.052129
vn 0.076537 0.996028 0.045508
vn 0.084510 0.996207 0.020725
vn 0.078344 0.996262 0.036381
vn 0.084396 0.996325 0.014595
vn 0.068759 0.997554 -0.012576
vn 0.073317 0.997307 0.002080
vn 0.083795 0.996482 -0.001716
vn 0.078881 0.996760 -0.015703
vn 0.083462 0.996501 -0.004548
vn 0.079137 0.996728 -0.016448
vn 0.041708 0.998588 -0.032897
vn 0.059885 0.997939 -0.023073
vn 0.070374 0.997226 -0.024256
vn 0.056532 0.997942 -0.030268
vn 0.072535 0.997112 -0.022495
vn 0.062955 0.997693 -0.025406
vn 0.005087 0.999559 -0.029274
vn 0.023046 0.999376 -0.026771
vn 0.007435 0.999340 -0.035556
vn 0.027743 0.999122 -0.031400
vn 0.043210 0.998800 -0.023053
vn 0.037461 0.999095 -0.020134
vn -0.223828 -0.959906 0.168764
vn -0.245722 -0.960590 0.129955
vn -0.245654 -0.960587 0.130102
vn -0.223729 -0.959903 0.168912
vn -0.261406 -0.961190 0.088209
vn -0.261368 -0.961189 0.088337
vn -0.261255 -0.961184 0.088718
vn -0.245447 -0.960580 0.130543
vn -0.223426 -0.959894 0.169363
vn -0.163665 -0.958417 0.233774
vn -0.196287 -0.959159 0.203681
vn -0.196165 -0.959156 0.203813
vn -0.163527 -0.958414 0.233883
vn -0.195790 -0.959147 0.204216
vn -0.163106 -0.958405 0.234213
vn -0.086525 -0.957095 0.276555
vn -0.126800 -0.957706 0.258305
vn -0.126664 -0.957703 0.258381
vn -0.086406 -0.957093 0.276599
vn -0.126249 -0.957695 0.258613
vn -0.086048 -0.957088 0.276729
vn 0.000142 -0.956269 0.292487
vn -0.043868 -0.956598 0.288089
vn -0.043787 -0.956597 0.288105
vn 0.000173 -0.956269 0.292489
vn -0.043546 -0.956594 0.288152
vn 0.000264 -0.956268 0.292493
vn 0.087742 -0.956115 0.279544
vn 0.044388 -0.956099 0.289662
vn 0.044366 -0.956099 0.289667
vn 0.087677 -0.956115 0.279567
vn 0.044301 -0.956098 0.289679
vn 0.087479 -0.956113 0.279633
vn 0.167323 -0.956593 0.238605
vn 0.129097 -0.956280 0.262418
vn 0.129004 -0.956279 0.262467
vn 0.167220 -0.956592 0.238681
vn 0.128720 -0.956276 0.262616
vn 0.166902 -0.956589 0.238919
vn 0.230482 -0.957470 0.173579
vn 0.201446 -0.956996 0.208756
vn 0.201347 -0.956994 0.208859
vn 0.230397 -0.957468 0.173700
vn 0.201042 -0.956990 0.209171
vn 0.230138 -0.957464 0.174068
vn 0.270433 -0.958412 0.091170
vn 0.253711 -0.957948 0.134042
vn 0.253650 -0.957946 0.134166
vn 0.270399 -0.958411 0.091283
vn 0.253467 -0.957942 0.134543
vn 0.270294 -0.958408 0.091621
vn 0.282983 -0.959125 0.000155
vn 0.280295 -0.958805 0.046138
vn 0.280282 -0.958804 0.046218
vn 0.282982 -0.959125 0.000188
vn 0.280246 -0.958803 0.046452
vn 0.282980 -0.959126 0.000289
vn 0.267147 -0.959467 -0.089755
vn 0.278562 -0.959338 -0.045548
vn 0.278558 -0.959338 -0.045562
vn 0.267129 -0.959467 -0.089805
vn 0.278548 -0.959339 -0.045602
vn 0.267074 -0.959468 -0.089958
vn 0.225205 -0.959490 -0.169299
vn 0.249200 -0.959502 -0.131356
vn 0.249163 -0.959503 -0.131426
vn 0.225150 -0.959490 -0.169372
vn 0.249049 -0.959503 -0.131639
vn 0.224979 -0.959489 -0.169601
vn 0.162104 -0.959389 -0.230858
vn 0.195925 -0.959434 -0.202732
vn 0.195858 -0.959433 -0.202798
vn 0.162032 -0.959389 -0.230910
vn 0.195648 -0.959433 -0.203002
vn 0.161806 -0.959388 -0.231071
vn 0.084551 -0.959398 -0.269083
vn 0.124680 -0.959361 -0.253143
vn 0.124614 -0.959361 -0.253177
vn 0.084505 -0.959398 -0.269099
vn 0.124410 -0.959360 -0.253279
vn 0.084363 -0.959398 -0.269144
vn 0.000131 -0.959684 -0.281081
vn 0.042714 -0.959495 -0.278467
vn 0.042700 -0.959495 -0.278470
vn 0.000159 -0.959684 -0.281083
vn 0.042660 -0.959495 -0.278479
vn 0.000243 -0.959683 -0.281086
vn -0.083415 -0.960275 -0.266297
vn -0.042232 -0.959940 -0.277005
vn -0.042164 -0.959939 -0.277017
vn -0.083318 -0.960274 -0.266331
vn -0.041962 -0.959938 -0.277053
vn -0.083026 -0.960271 -0.266433
vn -0.158653 -0.961047 -0.226313
vn -0.122527 -0.960646 -0.249294
vn -0.122418 -0.960644 -0.249353
vn -0.158546 -0.961046 -0.226394
vn -0.122085 -0.960640 -0.249531
vn -0.158217 -0.961042 -0.226639
vn -0.218829 -0.961763 -0.164701
vn -0.191023 -0.961424 -0.197925
vn -0.190930 -0.961423 -0.198021
vn -0.218756 -0.961762 -0.164803
vn -0.190642 -0.961420 -0.198311
vn -0.218532 -0.961760 -0.165113
vn -0.258320 -0.962145 -0.086879
vn -0.241471 -0.962006 -0.127419
vn -0.241424 -0.962006 -0.127511
vn -0.258296 -0.962145 -0.086946
vn -0.241280 -0.962005 -0.127793
vn -0.258227 -0.962145 -0.087152
vn -0.273130 -0.961977 0.000143
vn -0.269000 -0.962133 -0.044030
vn -0.268995 -0.962134 -0.044054
vn -0.273129 -0.961977 0.000174
vn -0.268979 -0.962135 -0.044126
vn -0.273127 -0.961978 0.000267
vn -0.270623 -0.961653 0.044581
vn -0.270611 -0.961652 0.044666
vn -0.270574 -0.961651 0.044921
vn 0.947807 0.019707 -0.318234
vn 0.884662 0.019771 -0.465813
vn 0.851186 0.273135 -0.448196
vn 0.912051 0.272741 -0.306228
vn 0.799534 0.019857 -0.600292
vn 0.769247 0.273302 -0.577550
vn -0.165557 0.978328 0.124362
vn -0.183219 0.978323 0.096515
vn -0.196297 0.978325 0.065936
vn 0.695249 0.019948 -0.718492
vn 0.668821 0.273786 -0.691172
vn 0.575017 0.020042 -0.817896
vn 0.553122 0.273983 -0.786759
vn -0.119035 0.978332 0.169404
vn -0.143954 0.978327 0.148840
vn 0.442116 0.020122 -0.896732
vn 0.425225 0.274426 -0.862481
vn 0.299868 0.020188 -0.953767
vn 0.288406 0.274528 -0.917309
vn -0.062068 0.978336 0.197501
vn -0.091524 0.978330 0.185727
vn 0.151456 0.020227 -0.988257
vn 0.145656 0.274813 -0.950401
vn 0.000000 0.020242 -0.999795
vn 0.000000 0.274730 -0.961522
vn 0.000000 0.978335 0.207026
vn -0.031348 0.978334 0.204647
vn -0.151455 0.020227 -0.988257
vn -0.145656 0.274813 -0.950401
vn -0.299868 0.020188 -0.953767
vn -0.288410 0.274531 -0.917307
vn 0.062068 0.978335 0.197503
vn 0.031348 0.978330 0.204665
vn -0.442118 0.020122 -0.896731
vn -0.425233 0.274430 -0.862476
vn -0.575020 0.020041 -0.817894
vn -0.553128 0.273989 -0.786753
vn 0.119040 0.978331 0.169403
vn 0.091523 0.978332 0.185717
vn -0.695253 0.019948 -0.718488
vn -0.668822 0.273794 -0.691168
vn -0.799538 0.019858 -0.600288
vn -0.769252 0.273310 -0.577541
vn 0.165563 0.978326 0.124369
vn 0.143966 0.978324 0.148852
vn -0.884664 0.019773 -0.465811
vn -0.851191 0.273140 -0.448184
vn -0.947807 0.019706 -0.318235
vn -0.912050 0.272742 -0.306231
vn 0.196295 0.978325 0.065944
vn 0.183218 0.978323 0.096518
vn -0.986678 0.019660 -0.161492
vn -0.949459 0.272726 -0.155399
vn -0.999807 0.019646 -0.000000
vn -0.962152 0.272514 -0.000001
vn 0.207097 0.978321 0.000001
vn 0.204386 0.978318 0.033473
vn -0.986678 0.019659 0.161491
vn -0.949458 0.272727 0.155399
vn -0.947807 0.019705 0.318236
vn -0.912050 0.272738 0.306234
vn 0.196295 0.978325 -0.065937
vn 0.204386 0.978318 -0.033469
vn -0.884662 0.019771 0.465814
vn -0.851185 0.273131 0.448201
vn -0.799534 0.019857 0.600292
vn -0.769243 0.273299 0.577558
vn 0.165557 0.978327 -0.124371
vn 0.183220 0.978323 -0.096517
vn -0.695249 0.019948 0.718492
vn -0.668817 0.273788 0.691176
vn -0.575017 0.020042 0.817896
vn -0.553121 0.273985 0.786758
vn 0.119034 0.978333 -0.169396
vn 0.143954 0.978327 -0.148840
vn -0.442117 0.020123 0.896732
vn -0.425225 0.274422 0.862482
vn -0.299869 0.020189 0.953767
vn -0.288404 0.274520 0.917312
vn 0.062068 0.978336 -0.197502
vn 0.091524 0.978330 -0.185727
vn -0.151456 0.020228 0.988257
vn -0.145656 0.274808 0.950403
vn 0.000000 0.020243 0.999795
vn 0.000000 0.274724 0.961523
vn 0.000000 0.978335 -0.207028
vn 0.031348 0.978333 -0.204652
vn 0.151455 0.020228 0.988257
vn 0.145655 0.274804 0.950404
vn 0.299869 0.020188 0.953767
vn 0.288411 0.274521 0.917310
vn -0.062068 0.978335 -0.197503
vn -0.031348 0.978331 -0.204662
vn 0.442118 0.020123 0.896731
vn 0.425234 0.274422 0.862478
vn 0.575018 0.020041 0.817895
vn 0.553125 0.273978 0.786758
vn -0.119040 0.978331 -0.169405
vn -0.091524 0.978331 -0.185719
vn 0.695249 0.019948 0.718492
vn 0.668818 0.273781 0.691178
vn 0.799535 0.019857 0.600292
vn 0.769253 0.273297 0.577545
vn -0.165562 0.978324 -0.124386
vn -0.143965 0.978322 -0.148862
vn 0.884663 0.019770 0.465812
vn 0.851196 0.273127 0.448183
vn 0.947807 0.019705 0.318234
vn 0.912054 0.272728 0.306230
vn -0.196295 0.978326 -0.065936
vn -0.183219 0.978322 -0.096523
vn 0.986679 0.019661 0.161488
vn 0.949459 0.272726 0.155398
vn 0.999807 0.019648 -0.000002
vn 0.962150 0.272519 -0.000002
vn -0.207098 0.978320 -0.000000
vn -0.204384 0.978318 -0.033469
vn 0.986678 0.019662 -0.161491
vn 0.949458 0.272729 -0.155399
vn -0.204391 0.978317 0.033472
vn 0.019180 -0.999795 -0.006456
vn 0.017946 -0.999794 -0.009474
vn 0.017962 -0.999794 -0.009488
vn 0.019197 -0.999795 -0.006464
vn 0.016263 -0.999793 -0.012245
vn 0.016275 -0.999792 -0.012258
vn 0.016280 -0.999792 -0.012270
vn 0.017964 -0.999794 -0.009491
vn 0.019198 -0.999795 -0.006468
vn -0.168548 0.977525 0.126634
vn -0.186541 0.977518 0.098288
vn -0.186083 0.977631 0.098039
vn -0.168139 0.977636 0.126319
vn -0.199864 0.977520 0.067156
vn -0.199376 0.977631 0.066981
vn 0.014188 -0.999791 -0.014699
vn 0.014192 -0.999791 -0.014709
vn 0.011772 -0.999790 -0.016783
vn 0.011771 -0.999790 -0.016792
vn 0.011770 -0.999790 -0.016791
vn 0.014196 -0.999791 -0.014719
vn -0.121176 0.977531 0.172479
vn -0.146547 0.977525 0.151554
vn -0.146200 0.977635 0.151178
vn -0.120890 0.977642 0.172051
vn 0.009083 -0.999788 -0.018470
vn 0.009077 -0.999788 -0.018479
vn 0.006176 -0.999787 -0.019690
vn 0.006172 -0.999787 -0.019703
vn 0.006172 -0.999787 -0.019703
vn 0.009075 -0.999788 -0.018465
vn -0.063178 0.977534 0.201087
vn -0.093164 0.977531 0.189089
vn -0.092944 0.977641 0.188627
vn -0.063029 0.977645 0.200594
vn 0.003124 -0.999787 -0.020422
vn 0.003122 -0.999786 -0.020432
vn -0.000000 -0.999786 -0.020666
vn 0.000000 -0.999786 -0.020665
vn 0.000000 -0.999786 -0.020679
vn 0.003123 -0.999786 -0.020442
vn 0.000000 0.977534 0.210778
vn -0.031910 0.977530 0.208366
vn -0.031834 0.977643 0.207850
vn 0.000000 0.977646 0.210258
vn -0.003124 -0.999787 -0.020422
vn -0.003122 -0.999787 -0.020408
vn -0.006177 -0.999787 -0.019689
vn -0.006171 -0.999788 -0.019668
vn -0.006172 -0.999787 -0.019689
vn -0.003123 -0.999786 -0.020439
vn 0.063178 0.977535 0.201082
vn 0.031910 0.977532 0.208357
vn 0.031834 0.977644 0.207842
vn 0.063029 0.977647 0.200581
vn -0.009083 -0.999788 -0.018464
vn -0.009079 -0.999788 -0.018465
vn -0.011771 -0.999790 -0.016778
vn -0.011775 -0.999790 -0.016790
vn -0.011768 -0.999790 -0.016790
vn -0.009076 -0.999788 -0.018464
vn 0.121175 0.977532 0.172478
vn 0.093166 0.977530 0.189090
vn 0.092944 0.977643 0.188615
vn 0.120887 0.977644 0.172042
vn -0.014185 -0.999791 -0.014691
vn -0.014191 -0.999791 -0.014689
vn -0.016260 -0.999793 -0.012237
vn -0.016268 -0.999793 -0.012234
vn -0.016276 -0.999792 -0.012265
vn -0.014189 -0.999791 -0.014711
vn 0.168542 0.977526 0.126634
vn 0.146543 0.977526 0.151551
vn 0.146194 0.977638 0.151168
vn 0.168133 0.977639 0.126309
vn -0.017946 -0.999794 -0.009471
vn -0.017962 -0.999794 -0.009479
vn -0.019183 -0.999795 -0.006458
vn -0.019203 -0.999795 -0.006467
vn -0.019201 -0.999795 -0.006468
vn -0.017968 -0.999794 -0.009494
vn 0.199863 0.977520 0.067156
vn 0.186536 0.977519 0.098292
vn 0.186076 0.977632 0.098035
vn 0.199365 0.977634 0.066981
vn -0.019931 -0.999796 -0.003272
vn -0.019961 -0.999795 -0.003279
vn -0.020171 -0.999797 -0.000002
vn -0.020214 -0.999796 -0.000001
vn -0.020219 -0.999796 0.000001
vn -0.019961 -0.999795 -0.003278
vn 0.210850 0.977518 -0.000000
vn 0.208094 0.977515 0.034082
vn 0.207574 0.977628 0.033995
vn 0.210326 0.977631 0.000000
vn -0.019924 -0.999796 0.003268
vn -0.019957 -0.999796 0.003278
vn -0.019180 -0.999795 0.006453
vn -0.019196 -0.999795 0.006466
vn -0.019198 -0.999795 0.006470
vn -0.019961 -0.999795 0.003280
vn 0.199867 0.977519 -0.067155
vn 0.208094 0.977515 -0.034081
vn 0.207580 0.977627 -0.033993
vn 0.199371 0.977633 -0.066977
vn -0.017946 -0.999794 0.009471
vn -0.017962 -0.999794 0.009483
vn -0.016263 -0.999793 0.012247
vn -0.016275 -0.999793 0.012251
vn -0.016280 -0.999792 0.012269
vn -0.017964 -0.999794 0.009492
vn 0.168548 0.977526 -0.126632
vn 0.186542 0.977518 -0.098289
vn 0.186081 0.977631 -0.098037
vn 0.168138 0.977636 -0.126319
vn -0.014188 -0.999791 0.014704
vn -0.014192 -0.999791 0.014709
vn -0.011772 -0.999790 0.016780
vn -0.011771 -0.999790 0.016789
vn -0.011770 -0.999790 0.016790
vn -0.014195 -0.999791 0.014715
vn 0.121175 0.977531 -0.172478
vn 0.146547 0.977525 -0.151552
vn 0.146199 0.977635 -0.151180
vn 0.120890 0.977642 -0.172052
vn -0.009083 -0.999788 0.018464
vn -0.009077 -0.999788 0.018470
vn -0.006176 -0.999787 0.019689
vn -0.006172 -0.999787 0.019698
vn -0.006172 -0.999787 0.019694
vn -0.009075 -0.999788 0.018471
vn 0.063178 0.977533 -0.201090
vn 0.093164 0.977530 -0.189092
vn 0.092944 0.977641 -0.188628
vn 0.063029 0.977645 -0.200595
vn -0.003124 -0.999787 0.020422
vn -0.003122 -0.999786 0.020433
vn 0.000000 -0.999786 0.020663
vn 0.000000 -0.999786 0.020681
vn 0.000000 -0.999786 0.020676
vn -0.003123 -0.999786 0.020430
vn -0.000000 0.977534 -0.210779
vn 0.031910 0.977530 -0.208367
vn 0.031834 0.977643 -0.207850
vn -0.000000 0.977646 -0.210258
vn 0.003124 -0.999787 0.020414
vn 0.003122 -0.999786 0.020434
vn 0.006177 -0.999787 0.019676
vn 0.006171 -0.999787 0.019685
vn 0.006172 -0.999787 0.019703
vn 0.003123 -0.999786 0.020445
vn -0.063178 0.977535 -0.201081
vn -0.031909 0.977533 -0.208355
vn -0.031834 0.977645 -0.207841
vn -0.063029 0.977647 -0.200581
vn 0.009083 -0.999788 0.018463
vn 0.009079 -0.999788 0.018463
vn 0.011771 -0.999790 0.016786
vn 0.011775 -0.999790 0.016790
vn 0.011768 -0.999790 0.016788
vn 0.009076 -0.999788 0.018467
vn -0.121177 0.977531 -0.172480
vn -0.093166 0.977530 -0.189091
vn -0.092945 0.977643 -0.188615
vn -0.120891 0.977643 -0.172047
vn 0.014185 -0.999791 0.014695
vn 0.014191 -0.999791 0.014700
vn 0.016260 -0.999793 0.012243
vn 0.016268 -0.999793 0.012245
vn 0.016276 -0.999792 0.012267
vn 0.014189 -0.999791 0.014712
vn -0.168546 0.977526 -0.126634
vn -0.146547 0.977525 -0.151553
vn -0.146202 0.977635 -0.151181
vn -0.168143 0.977636 -0.126318
vn 0.017946 -0.999794 0.009474
vn 0.017962 -0.999794 0.009483
vn 0.019183 -0.999795 0.006455
vn 0.019203 -0.999795 0.006467
vn 0.019201 -0.999795 0.006471
vn 0.017968 -0.999794 0.009499
vn -0.199864 0.977520 -0.067155
vn -0.186538 0.977519 -0.098288
vn -0.186083 0.977631 -0.098032
vn -0.199371 0.977632 -0.066977
vn 0.019931 -0.999796 0.003272
vn 0.019961 -0.999795 0.003280
vn 0.020171 -0.999797 0.000000
vn 0.020214 -0.999796 -0.000000
vn 0.020219 -0.999796 0.000000
vn 0.019961 -0.999795 0.003279
vn -0.210852 0.977518 0.000000
vn -0.208096 0.977514 -0.034085
vn -0.207582 0.977627 -0.033997
vn -0.210330 0.977630 0.000001
vn 0.019925 -0.999796 -0.003269
vn 0.019957 -0.999795 -0.003276
vn 0.019961 -0.999795 -0.003281
vn -0.208093 0.977515 0.034086
vn -0.207584 0.977626 0.033999
vn -0.947588 -0.025892 0.318444
vn -0.884372 -0.025979 0.466060
vn -0.884373 -0.025980 0.466057
vn -0.947588 -0.025891 0.318445
vn -0.799175 -0.026096 0.600532
vn -0.799175 -0.026094 0.600532
vn -0.799179 -0.026093 0.600527
vn -0.884377 -0.025981 0.466050
vn -0.947590 -0.025893 0.318438
vn -0.694858 -0.026215 0.718669
vn -0.694856 -0.026212 0.718671
vn -0.574608 -0.026336 0.818005
vn -0.574619 -0.026335 0.817998
vn -0.574627 -0.026334 0.817992
vn -0.694863 -0.026211 0.718665
vn -0.441761 -0.026443 0.896743
vn -0.441774 -0.026444 0.896736
vn -0.299601 -0.026530 0.953696
vn -0.299609 -0.026532 0.953693
vn -0.299608 -0.026531 0.953693
vn -0.441776 -0.026442 0.896736
vn -0.151158 -0.026236 0.988161
vn -0.151148 -0.026303 0.988161
vn 0.000675 -0.024410 0.999702
vn 0.000723 -0.024819 0.999692
vn 0.000411 -0.026603 0.999646
vn -0.151224 -0.026583 0.988142
vn 0.152195 -0.020916 0.988129
vn 0.152231 -0.021962 0.988101
vn 0.299699 -0.018788 0.953849
vn 0.299637 -0.020207 0.953839
vn 0.299554 -0.026546 0.953710
vn 0.151828 -0.026587 0.988049
vn 0.441084 -0.020478 0.897232
vn 0.440960 -0.021577 0.897267
vn 0.574072 -0.023902 0.818456
vn 0.574002 -0.024355 0.818492
vn 0.574224 -0.026337 0.818274
vn 0.441215 -0.026448 0.897012
vn 0.694729 -0.025808 0.718808
vn 0.694719 -0.025882 0.718816
vn 0.799169 -0.026096 0.600540
vn 0.799175 -0.026092 0.600532
vn 0.799178 -0.026091 0.600528
vn 0.694772 -0.026213 0.718752
vn 0.884372 -0.025984 0.466059
vn 0.884377 -0.025978 0.466051
vn 0.947588 -0.025894 0.318443
vn 0.947589 -0.025889 0.318440
vn 0.947589 -0.025886 0.318442
vn 0.884377 -0.025976 0.466049
vn 0.986517 -0.025836 0.161606
vn 0.986517 -0.025829 0.161605
vn 0.999667 -0.025819 -0.000001
vn 0.999667 -0.025814 0.000000
vn 0.999667 -0.025813 0.000000
vn 0.986517 -0.025827 0.161605
vn 0.986517 -0.025834 -0.161605
vn 0.986518 -0.025830 -0.161605
vn 0.947588 -0.025892 -0.318445
vn 0.947588 -0.025889 -0.318443
vn 0.947590 -0.025884 -0.318439
vn 0.986518 -0.025827 -0.161604
vn 0.884370 -0.025980 -0.466063
vn 0.884374 -0.025980 -0.466055
vn 0.799167 -0.026099 -0.600542
vn 0.799173 -0.026096 -0.600534
vn 0.799174 -0.026095 -0.600533
vn 0.884376 -0.025977 -0.466053
vn 0.694853 -0.026221 -0.718674
vn 0.694855 -0.026218 -0.718672
vn 0.574614 -0.026342 -0.818000
vn 0.574619 -0.026341 -0.817997
vn 0.574627 -0.026337 -0.817992
vn 0.694862 -0.026214 -0.718665
vn 0.441770 -0.026447 -0.896739
vn 0.441774 -0.026446 -0.896736
vn 0.299604 -0.026533 -0.953695
vn 0.299609 -0.026532 -0.953693
vn 0.299608 -0.026527 -0.953694
vn 0.441776 -0.026442 -0.896736
vn 0.151317 -0.026587 -0.988128
vn 0.151319 -0.026581 -0.988128
vn -0.000000 -0.026608 -0.999646
vn 0.000000 -0.026599 -0.999646
vn 0.000000 -0.026601 -0.999646
vn 0.151321 -0.026580 -0.988127
vn -0.151317 -0.026586 -0.988128
vn -0.151316 -0.026580 -0.988128
vn -0.299603 -0.026532 -0.953695
vn -0.299603 -0.026530 -0.953695
vn -0.299609 -0.026527 -0.953693
vn -0.151320 -0.026580 -0.988127
vn -0.441762 -0.026444 -0.896743
vn -0.441767 -0.026446 -0.896740
vn -0.574613 -0.026340 -0.818001
vn -0.574618 -0.026340 -0.817998
vn -0.574619 -0.026335 -0.817997
vn -0.441772 -0.026440 -0.896738
vn -0.694847 -0.026215 -0.718680
vn -0.694859 -0.026215 -0.718668
vn -0.799164 -0.026095 -0.600546
vn -0.799172 -0.026091 -0.600536
vn -0.799179 -0.026091 -0.600526
vn -0.694864 -0.026213 -0.718663
vn -0.884373 -0.025985 -0.466057
vn -0.884372 -0.025978 -0.466059
vn -0.947588 -0.025897 -0.318443
vn -0.947588 -0.025890 -0.318445
vn -0.947590 -0.025893 -0.318439
vn -0.884375 -0.025977 -0.466054
vn -0.986518 -0.025836 -0.161601
vn -0.986518 -0.025826 -0.161604
vn -0.999667 -0.025815 0.000004
vn -0.999667 -0.025807 0.000002
vn -0.999667 -0.025813 0.000001
vn -0.986518 -0.025832 -0.161602
vn -0.986517 -0.025832 0.161605
vn -0.986517 -0.025827 0.161606
vn -0.986518 -0.025832 0.161603
vn 1.000000 -0.000000 0.000001
vn 0.986849 -0.000000 -0.161648
vn 0.986849 -0.000000 -0.161648
vn 1.000000 -0.000000 0.000001
vn 0.947912 0.000000 -0.318533
vn 0.947912 0.000000 -0.318533
vn 0.947912 0.000000 -0.318533
vn 0.986849 -0.000000 -0.161648
vn 1.000000 0.000000 0.000001
vn 0.947912 0.000000 0.318533
vn 0.986848 -0.000000 0.161649
vn 0.986848 0.000000 0.161649
vn 0.947912 0.000000 0.318533
vn 0.986848 0.000001 0.161650
vn 0.947912 0.000000 0.318534
vn 0.799462 0.000000 0.600717
vn 0.884683 0.000000 0.466192
vn 0.884683 0.000000 0.466192
vn 0.799461 0.000000 0.600718
vn 0.884683 0.000000 0.466193
vn 0.799461 -0.000000 0.600718
vn 0.574837 0.000000 0.818268
vn 0.695114 0.000000 0.718899
vn 0.695114 -0.000000 0.718899
vn 0.574837 -0.000000 0.818268
vn 0.695114 -0.000000 0.718899
vn 0.574837 0.000000 0.818268
vn 0.299727 0.000000 0.954025
vn 0.441945 0.000000 0.897042
vn 0.441944 -0.000000 0.897043
vn 0.299727 0.000000 0.954025
vn 0.441944 -0.000000 0.897043
vn 0.299727 0.000000 0.954025
vn 0.000000 0.000000 1.000000
vn 0.151381 0.000000 0.988476
vn 0.151381 0.000000 0.988476
vn -0.000000 0.000000 1.000000
vn 0.151381 0.000000 0.988476
vn 0.000000 0.000000 1.000000
vn -0.299727 0.000000 0.954025
vn -0.151380 0.000000 0.988476
vn -0.151380 0.000000 0.988476
vn -0.299727 0.000000 0.954025
vn -0.151381 0.000000 0.988476
vn -0.299727 0.000001 0.954025
vn -0.574837 0.000000 0.818268
vn -0.441945 0.000000 0.897042
vn -0.441944 0.000000 0.897043
vn -0.574837 0.000000 0.818268
vn -0.441944 0.000000 0.897043
vn -0.574837 -0.000000 0.818268
vn -0.799461 0.000000 0.600717
vn -0.695114 0.000000 0.718900
vn -0.695114 0.000000 0.718900
vn -0.799461 0.000000 0.600718
vn -0.695114 0.000000 0.718900
vn -0.799461 -0.000000 0.600718
vn -0.947912 0.000000 0.318533
vn -0.884684 0.000000 0.466191
vn -0.884684 0.000000 0.466192
vn -0.947912 0.000000 0.318533
vn -0.884683 0.000000 0.466192
vn -0.947912 0.000000 0.318533
vn -1.000000 -0.000000 0.000000
vn -0.986848 0.000000 0.161650
vn -0.986848 -0.000000 0.161650
vn -1.000000 -0.000000 0.000000
vn -0.986848 0.000000 0.161650
vn -1.000000 -0.000000 -0.000000
vn -0.947912 0.000000 -0.318533
vn -0.986848 0.000000 -0.161650
vn -0.986848 0.000000 -0.161650
vn -0.947912 0.000000 -0.318534
vn -0.986848 0.000000 -0.161650
vn -0.947912 0.000000 -0.318534
vn -0.799462 0.000000 -0.600717
vn -0.884684 -0.000000 -0.466192
vn -0.884684 0.000000 -0.466192
vn -0.799462 -0.000000 -0.600717
vn -0.884684 -0.000000 -0.466192
vn -0.799462 0.000000 -0.600717
vn -0.574837 -0.000000 -0.818268
vn -0.695115 0.000000 -0.718899
vn -0.695115 -0.000000 -0.718899
vn -0.574837 0.000000 -0.818268
vn -0.695115 -0.000000 -0.718899
vn -0.574837 -0.000000 -0.818268
vn -0.299727 -0.000000 -0.954025
vn -0.441944 0.000000 -0.897043
vn -0.441944 0.000000 -0.897043
vn -0.299726 -0.000000 -0.954025
vn -0.441944 0.000000 -0.897043
vn -0.299726 -0.000000 -0.954025
vn -0.000000 0.000000 -1.000000
vn -0.151380 0.000000 -0.988476
vn -0.151380 0.000000 -0.988476
vn -0.000000 0.000000 -1.000000
vn -0.151380 0.000000 -0.988476
vn 0.000000 -0.000000 -1.000000
vn 0.299726 0.000000 -0.954025
vn 0.151380 0.000000 -0.988476
vn 0.151380 0.000000 -0.988476
vn 0.299726 0.000000 -0.954025
vn 0.151380 0.000000 -0.988476
vn 0.299726 -0.000000 -0.954025
vn 0.574837 0.000000 -0.818268
vn 0.441944 0.000000 -0.897043
vn 0.441944 0.000000 -0.897043
vn 0.574837 0.000000 -0.818268
vn 0.441944 0.000000 -0.897043
vn 0.574837 -0.000000 -0.818268
vn 0.799462 -0.000000 -0.600717
vn 0.695115 0.000000 -0.718899
vn 0.695114 0.000000 -0.718899
vn 0.799461 0.000000 -0.600718
vn 0.695114 0.000000 -0.718899
vn 0.799462 -0.000000 -0.600717
vn 0.884684 0.000000 -0.466192
vn 0.884683 0.000000 -0.466193
vn 0.884683 0.000000 -0.466192
vn 0.969333 0.187652 -0.158682
vn 0.982208 0.187798 0.000001
vn 0.931210 0.187214 -0.312728
vn 0.969333 0.187651 0.158684
vn 0.931210 0.187213 0.312729
vn 0.869268 0.186545 0.457792
vn 0.785728 0.185706 0.590038
vn 0.683354 0.184795 0.706313
vn 0.565262 0.183892 0.804153
vn 0.434681 0.183092 0.881776
vn 0.294856 0.182461 0.937959
vn 0.148937 0.182062 0.971942
vn -0.000000 0.181922 0.983313
vn -0.148937 0.182062 0.971942
vn -0.294856 0.182460 0.937960
vn -0.434681 0.183092 0.881777
vn -0.565263 0.183891 0.804153
vn -0.683354 0.184795 0.706313
vn -0.785728 0.185706 0.590038
vn -0.869269 0.186545 0.457792
vn -0.931210 0.187213 0.312729
vn -0.969333 0.187651 0.158684
vn -0.982208 0.187797 -0.000000
vn -0.969333 0.187651 -0.158684
vn -0.931210 0.187213 -0.312729
vn -0.869268 0.186546 -0.457792
vn -0.785728 0.185707 -0.590038
vn -0.683355 0.184796 -0.706312
vn -0.565263 0.183891 -0.804153
vn -0.434681 0.183092 -0.881776
vn -0.294856 0.182461 -0.937960
vn -0.148936 0.182062 -0.971942
vn -0.000000 0.181922 -0.983313
vn 0.148936 0.182062 -0.971942
vn 0.294855 0.182460 -0.937960
vn 0.434681 0.183092 -0.881776
vn 0.565263 0.183891 -0.804153
vn 0.683355 0.184795 -0.706312
vn 0.785729 0.185706 -0.590037
vn 0.869268 0.186546 -0.457792
vn 0.947912 -0.000000 -0.318533
vn 0.884684 -0.000000 -0.466192
vn 0.884683 0.000000 -0.466192
vn 0.947912 0.000000 -0.318533
vn 0.799462 0.000000 -0.600717
vn 0.799462 -0.000000 -0.600717
vn 0.799462 -0.000000 -0.600717
vn 0.884684 0.000000 -0.466192
vn 0.947912 0.000000 -0.318533
vn 0.695115 -0.000000 -0.718898
vn 0.695115 0.000000 -0.718899
vn 0.574838 0.000000 -0.818267
vn 0.574838 0.000000 -0.818267
vn 0.574838 0.000000 -0.818267
vn 0.695115 0.000000 -0.718899
vn 0.441945 0.000000 -0.897042
vn 0.441945 0.000000 -0.897042
vn 0.299726 0.000000 -0.954025
vn 0.299726 0.000000 -0.954025
vn 0.299726 0.000000 -0.954025
vn 0.441945 0.000000 -0.897042
vn 0.151378 0.000000 -0.988476
vn 0.151378 0.000000 -0.988476
vn -0.000002 0.000000 -1.000000
vn -0.000001 0.000000 -1.000000
vn -0.000001 0.000000 -1.000000
vn 0.151378 0.000000 -0.988476
vn -0.151381 -0.000000 -0.988476
vn -0.151380 0.000000 -0.988476
vn -0.299726 0.000000 -0.954025
vn -0.299726 -0.000000 -0.954025
vn -0.299726 -0.000000 -0.954025
vn -0.151380 0.000000 -0.988476
vn -0.441944 -0.000000 -0.897043
vn -0.441944 -0.000000 -0.897043
vn -0.574838 0.000000 -0.818268
vn -0.574837 -0.000000 -0.818268
vn -0.574837 -0.000000 -0.818268
vn -0.441944 0.000000 -0.897043
vn -0.695115 -0.000000 -0.718899
vn -0.695115 -0.000000 -0.718899
vn -0.799462 -0.000000 -0.600717
vn -0.799462 0.000000 -0.600717
vn -0.799462 0.000000 -0.600717
vn -0.695115 -0.000000 -0.718899
vn -0.884684 0.000000 -0.466192
vn -0.884684 -0.000000 -0.466192
vn -0.947912 -0.000000 -0.318533
vn -0.947912 -0.000000 -0.318533
vn -0.947912 0.000000 -0.318533
vn -0.884684 -0.000000 -0.466192
vn -0.986848 -0.000000 -0.161650
vn -0.986848 0.000000 -0.161650
vn -1.000000 0.000000 0.000000
vn -1.000000 0.000000 0.000000
vn -1.000000 -0.000000 -0.000000
vn -0.986848 0.000000 -0.161650
vn -0.986848 -0.000000 0.161650
vn -0.986848 -0.000000 0.161650
vn -0.947912 -0.000000 0.318533
vn -0.947912 0.000000 0.318533
vn -0.947912 0.000000 0.318533
vn -0.986848 0.000000 0.161650
vn -0.884684 -0.000000 0.466191
vn -0.884684 0.000000 0.466191
vn -0.799462 0.000000 0.600717
vn -0.799462 0.000000 0.600717
vn -0.799462 0.000000 0.600717
vn -0.884684 0.000000 0.466192
vn -0.695114 0.000000 0.718899
vn -0.695114 0.000000 0.718899
vn -0.574837 -0.000000 0.818268
vn -0.574837 0.000000 0.818268
vn -0.574837 0.000000 0.818268
vn -0.695114 0.000000 0.718899
vn -0.441944 0.000000 0.897043
vn -0.441944 0.000000 0.897043
vn -0.299726 0.000000 0.954025
vn -0.299727 -0.000000 0.954025
vn -0.299726 0.000000 0.954025
vn -0.441944 0.000000 0.897042
vn -0.151380 -0.000000 0.988476
vn -0.151380 -0.000000 0.988476
vn 0.000000 0.000000 1.000000
vn -0.000000 0.000000 1.000000
vn 0.000000 0.000000 1.000000
vn -0.151380 0.000000 0.988476
vn 0.151380 -0.000000 0.988476
vn 0.151380 0.000000 0.988476
vn 0.299727 0.000000 0.954025
vn 0.299727 -0.000000 0.954025
vn 0.299727 0.000000 0.954025
vn 0.151380 0.000000 0.988476
vn 0.441945 -0.000000 0.897042
vn 0.441945 -0.000000 0.897042
vn 0.574837 0.000000 0.818268
vn 0.574837 -0.000000 0.818268
vn 0.574837 0.000000 0.818268
vn 0.441945 0.000000 0.897042
vn 0.695114 -0.000000 0.718899
vn 0.695114 -0.000000 0.718899
vn 0.799461 0.000000 0.600717
vn 0.799462 -0.000000 0.600717
vn 0.799462 -0.000000 0.600717
vn 0.695115 -0.000000 0.718899
vn 0.884683 -0.000000 0.466192
vn 0.884683 -0.000000 0.466192
vn 0.947912 0.000000 0.318533
vn 0.947912 0.000000 0.318533
vn 0.947912 -0.000000 0.318533
vn 0.884683 0.000000 0.466192
vn 0.986848 0.000000 0.161649
vn 0.986848 -0.000000 0.161649
vn 1.000000 0.000000 0.000001
vn 1.000000 0.000000 0.000001
vn 1.000000 -0.000000 0.000001
vn 0.986848 -0.000000 0.161649
vn 0.986849 -0.000000 -0.161648
vn 0.986849 0.000000 -0.161648
vn 0.986849 0.000000 -0.161648
vn 0.947912 -0.000000 -0.318533
vn 0.884684 -0.000000 -0.466192
vn 0.884684 -0.000000 -0.466192
vn 0.947912 -0.000000 -0.318533
vn 0.799462 0.000000 -0.600717
vn 0.799462 0.000000 -0.600717
vn 0.695115 -0.000000 -0.718898
vn 0.695115 -0.000000 -0.718899
vn 0.574838 -0.000000 -0.818267
vn 0.574838 -0.000000 -0.818267
vn 0.441945 -0.000000 -0.897042
vn 0.441945 0.000000 -0.897042
vn 0.299726 -0.000000 -0.954025
vn 0.299726 0.000000 -0.954025
vn 0.151378 0.000000 -0.988476
vn 0.151378 0.000000 -0.988476
vn -0.000002 -0.000000 -1.000000
vn -0.000002 -0.000000 -1.000000
vn -0.151380 -0.000000 -0.988476
vn -0.151381 -0.000000 -0.988476
vn -0.299726 0.000000 -0.954025
vn -0.299726 0.000000 -0.954025
vn -0.441944 -0.000000 -0.897043
vn -0.441944 -0.000000 -0.897043
vn -0.574837 0.000000 -0.818268
vn -0.574838 0.000000 -0.818268
vn -0.695115 -0.000000 -0.718899
vn -0.695115 -0.000000 -0.718899
vn -0.799462 -0.000000 -0.600717
vn -0.799462 -0.000000 -0.600717
vn -0.884684 0.000000 -0.466192
vn -0.884684 0.000000 -0.466192
vn -0.947912 -0.000000 -0.318533
vn -0.947912 -0.000000 -0.318533
vn -0.986848 -0.000000 -0.161650
vn -0.986848 -0.000000 -0.161650
vn -1.000000 0.000000 0.000000
vn -1.000000 0.000000 0.000000
vn -0.986848 -0.000000 0.161650
vn -0.986848 -0.000000 0.161650
vn -0.947912 -0.000000 0.318533
vn -0.947912 -0.000000 0.318533
vn -0.884684 -0.000000 0.466192
vn -0.884684 -0.000000 0.466191
vn -0.799462 0.000000 0.600717
vn -0.799462 0.000000 0.600717
vn -0.695114 0.000000 0.718899
vn -0.695114 0.000000 0.718899
vn -0.574837 -0.000000 0.818268
vn -0.574837 -0.000000 0.818268
vn -0.441944 0.000000 0.897043
vn -0.441944 0.000000 0.897043
vn -0.299727 0.000000 0.954025
vn -0.299726 0.000000 0.954025
vn -0.151380 -0.000000 0.988476
vn -0.151380 -0.000000 0.988476
vn 0.000000 0.000000 1.000000
vn -0.000000 0.000000 1.000000
vn 0.151380 -0.000000 0.988476
vn 0.151380 -0.000000 0.988476
vn 0.299727 0.000000 0.954025
vn 0.299727 0.000000 0.954025
vn 0.441945 -0.000000 0.897042
vn 0.441945 -0.000000 0.897042
vn 0.574837 0.000000 0.818268
vn 0.574837 0.000000 0.818268
vn 0.695114 -0.000000 0.718899
vn 0.695114 -0.000000 0.718899
vn 0.799462 -0.000000 0.600717
vn 0.799461 0.000000 0.600717
vn 0.884683 -0.000000 0.466192
vn 0.884683 -0.000000 0.466192
vn 0.947912 -0.000000 0.318533
vn 0.947912 0.000000 0.318533
vn 0.986848 0.000000 0.161649
vn 0.986848 0.000000 0.161649
vn 1.000000 0.000000 0.000001
vn 1.000000 0.000000 0.000001
vn 0.986849 -0.000000 -0.161648
vn 0.986849 -0.000000 -0.161648
vn 0.986849 -0.000000 -0.161648
vn 1.000000 -0.000000 0.000001
vn 0.947912 0.000000 -0.318532
vn 0.986848 -0.000000 0.161649
vn 0.947912 0.000000 0.318533
vn 0.884683 0.000000 0.466192
vn 0.799462 0.000000 0.600717
vn 0.695115 0.000000 0.718899
vn 0.574838 0.000000 0.818268
vn 0.441945 0.000000 0.897042
vn 0.299727 0.000000 0.954025
vn 0.151380 0.000000 0.988476
vn 0.000000 0.000000 1.000000
vn -0.151380 0.000000 0.988476
vn -0.299727 0.000000 0.954025
vn -0.441945 0.000000 0.897042
vn -0.574837 0.000000 0.818268
vn -0.695114 0.000000 0.718899
vn -0.799462 0.000000 0.600717
vn -0.884684 0.000000 0.466191
vn -0.947912 0.000000 0.318533
vn -0.986848 0.000000 0.161650
vn -1.000000 -0.000000 -0.000000
vn -0.986848 -0.000000 -0.161650
vn -0.947912 -0.000000 -0.318533
vn -0.884684 0.000000 -0.466192
vn -0.799462 -0.000000 -0.600717
vn -0.695115 0.000000 -0.718899
vn -0.574838 0.000000 -0.818268
vn -0.441944 -0.000000 -0.897043
vn -0.299727 -0.000000 -0.954025
vn -0.151380 0.000000 -0.988476
vn -0.000001 0.000000 -1.000000
vn 0.151379 0.000001 -0.988476
vn 0.299726 0.000001 -0.954025
vn 0.441945 0.000000 -0.897042
vn 0.574838 0.000000 -0.818267
vn 0.695115 -0.000000 -0.718899
vn 0.799462 -0.000000 -0.600717
vn 0.884684 -0.000000 -0.466192
vn 0.884684 0.000000 -0.466192
vn 0.947912 -0.000000 -0.318533
vn 0.799462 -0.000000 -0.600717
vn 0.695115 -0.000000 -0.718899
vn 0.574838 -0.000000 -0.818267
vn 0.441945 -0.000000 -0.897042
vn 0.299726 -0.000000 -0.954025
vn 0.151378 -0.000000 -0.988476
vn -0.000002 -0.000000 -1.000000
vn -0.151380 -0.000000 -0.988476
vn -0.299726 0.000000 -0.954025
vn -0.441944 0.000000 -0.897043
vn -0.574837 0.000000 -0.818268
vn -0.695115 0.000000 -0.718899
vn -0.799462 -0.000000 -0.600717
vn -0.884684 -0.000000 -0.466192
vn -0.947912 -0.000000 -0.318533
vn -0.986848 -0.000000 -0.161650
vn -1.000000 -0.000000 0.000000
vn -0.986848 0.000000 0.161650
vn -0.947912 -0.000000 0.318533
vn -0.884684 -0.000000 0.466192
vn -0.799462 -0.000000 0.600717
vn -0.695114 -0.000000 0.718899
vn -0.574837 -0.000000 0.818268
vn -0.441944 -0.000000 0.897043
vn -0.299726 0.000000 0.954025
vn -0.151380 0.000000 0.988476
vn 0.000000 -0.000000 1.000000
vn 0.151380 0.000000 0.988476
vn 0.299727 0.000000 0.954025
vn 0.441945 0.000000 0.897042
vn 0.574837 0.000000 0.818268
vn 0.695114 0.000000 0.718899
vn 0.799462 -0.000000 0.600717
vn 0.884683 -0.000000 0.466192
vn 0.947912 -0.000000 0.318533
vn 0.986848 -0.000000 0.161649
vn 1.000000 -0.000000 0.000001
vn 0.986849 -0.000000 -0.161648
vn -0.947582 -0.025897 0.318462
vn -0.884364 -0.025983 0.466074
vn -0.884364 -0.025975 0.466076
vn -0.947583 -0.025889 0.318458
vn -0.799165 -0.026091 0.600546
vn -0.799171 -0.026093 0.600537
vn -0.694837 -0.026211 0.718689
vn -0.694856 -0.026217 0.718671
vn -0.574592 -0.026336 0.818017
vn -0.574605 -0.026341 0.818007
vn -0.441751 -0.026441 0.896748
vn -0.441750 -0.026441 0.896749
vn -0.299595 -0.026525 0.953698
vn -0.299593 -0.026524 0.953698
vn -0.151312 -0.026572 0.988129
vn -0.151268 -0.026456 0.988139
vn -0.000000 -0.026590 0.999646
vn 0.000206 -0.025828 0.999666
vn 0.151311 -0.026571 0.988129
vn 0.151596 -0.024571 0.988137
vn 0.299594 -0.026524 0.953698
vn 0.299653 -0.023773 0.953752
vn 0.441751 -0.026442 0.896748
vn 0.441572 -0.024334 0.896896
vn 0.574591 -0.026337 0.818017
vn 0.574450 -0.025489 0.818143
vn 0.694833 -0.026215 0.718693
vn 0.694816 -0.026079 0.718715
vn 0.799156 -0.026098 0.600557
vn 0.799170 -0.026101 0.600538
vn 0.884363 -0.025986 0.466077
vn 0.884365 -0.025986 0.466073
vn 0.947584 -0.025902 0.318457
vn 0.947581 -0.025903 0.318464
vn 0.986516 -0.025843 0.161613
vn 0.986515 -0.025850 0.161616
vn 0.999667 -0.025821 0.000001
vn 0.999666 -0.025827 -0.000001
vn 0.986516 -0.025840 -0.161614
vn 0.986515 -0.025842 -0.161615
vn 0.947582 -0.025902 -0.318460
vn 0.947582 -0.025904 -0.318462
vn 0.884365 -0.025984 -0.466072
vn 0.884363 -0.025985 -0.466076
vn 0.799162 -0.026092 -0.600549
vn 0.799164 -0.026093 -0.600547
vn 0.694838 -0.026210 -0.718689
vn 0.694845 -0.026214 -0.718681
vn 0.574593 -0.026336 -0.818016
vn 0.574603 -0.026338 -0.818009
vn 0.441748 -0.026443 -0.896750
vn 0.441752 -0.026442 -0.896747
vn 0.299592 -0.026527 -0.953699
vn 0.299594 -0.026528 -0.953698
vn 0.151310 -0.026577 -0.988129
vn 0.151314 -0.026584 -0.988128
vn 0.000001 -0.026597 -0.999646
vn 0.000000 -0.026606 -0.999646
vn -0.151310 -0.026577 -0.988129
vn -0.151318 -0.026583 -0.988128
vn -0.299594 -0.026526 -0.953698
vn -0.299603 -0.026527 -0.953695
vn -0.441754 -0.026442 -0.896746
vn -0.441760 -0.026438 -0.896744
vn -0.574596 -0.026336 -0.818014
vn -0.574609 -0.026332 -0.818005
vn -0.694837 -0.026213 -0.718690
vn -0.694847 -0.026215 -0.718680
vn -0.799162 -0.026094 -0.600550
vn -0.799164 -0.026101 -0.600546
vn -0.884365 -0.025978 -0.466072
vn -0.884367 -0.025987 -0.466068
vn -0.947584 -0.025890 -0.318456
vn -0.947585 -0.025904 -0.318452
vn -0.986516 -0.025834 -0.161611
vn -0.986517 -0.025846 -0.161607
vn -0.999667 -0.025821 0.000001
vn -0.999666 -0.025829 0.000001
vn -0.986516 -0.025838 0.161615
vn -0.986517 -0.025842 0.161607
vn -0.342368 0.937865 0.056511
vn -0.357234 0.934014 0.001488
vn -0.327508 0.938446 0.109811
vn -0.057327 0.998173 0.019107
vn -0.059926 0.998148 0.010483
vn -0.062155 0.998065 0.001758
vn -0.377982 0.923960 -0.058551
vn -0.408721 0.903065 -0.131989
vn -0.066258 0.997773 -0.007632
vn -0.073887 0.997063 -0.020157
vn -0.444061 0.866757 -0.227027
vn -0.474322 0.808753 -0.347759
vn -0.084314 0.995703 -0.038290
vn -0.096593 0.993236 -0.064439
vn -0.485894 0.722362 -0.492037
vn -0.455996 0.618606 -0.639839
vn -0.110108 0.988538 -0.103287
vn -0.118213 0.980374 -0.157776
vn -0.373067 0.542437 -0.752717
vn -0.260238 0.501410 -0.825145
vn -0.106825 0.971899 -0.209766
vn -0.079598 0.966061 -0.245743
vn -0.134820 0.468504 -0.873114
vn -0.000336 0.445280 -0.895391
vn -0.044596 0.960177 -0.275809
vn -0.000903 0.955177 -0.296033
vn 0.136336 0.450923 -0.882089
vn 0.263946 0.489445 -0.831129
vn 0.045543 0.956380 -0.288553
vn 0.082767 0.963874 -0.253173
vn 0.370750 0.556910 -0.743234
vn 0.440441 0.653215 -0.615891
vn 0.104748 0.973805 -0.201823
vn 0.109474 0.983493 -0.144071
vn 0.459921 0.756613 -0.464769
vn 0.445142 0.834070 -0.325846
vn 0.100343 0.990567 -0.093323
vn 0.088303 0.994368 -0.058615
vn 0.417331 0.883375 -0.213268
vn 0.387686 0.913222 -0.125396
vn 0.077888 0.996333 -0.035412
vn 0.069369 0.997406 -0.019221
vn 0.362436 0.930305 -0.056331
vn 0.344680 0.938719 0.001397
vn 0.063183 0.997973 -0.007615
vn 0.059581 0.998222 0.001514
vn 0.331642 0.941826 0.054575
vn 0.319651 0.941495 0.106815
vn 0.057500 0.998296 0.009970
vn 0.055700 0.998276 0.018498
vn 0.306605 0.938296 0.159980
vn 0.293871 0.930754 0.217569
vn 0.053820 0.998180 0.027196
vn 0.052428 0.997953 0.036634
vn 0.282132 0.915896 0.285545
vn 0.269083 0.888477 0.371757
vn 0.052114 0.997469 0.048363
vn 0.052794 0.996505 0.064737
vn 0.244476 0.842236 0.480490
vn 0.191674 0.778110 0.598169
vn 0.052081 0.994691 0.088751
vn 0.044113 0.991897 0.119142
vn 0.106538 0.715002 0.690957
vn -0.000785 0.675902 0.736991
vn 0.026725 0.988528 0.148656
vn 0.000971 0.985654 0.168777
vn -0.112969 0.689345 0.715571
vn -0.202029 0.756986 0.621415
vn -0.027564 0.986297 0.162659
vn -0.046917 0.990197 0.131565
vn -0.250151 0.834620 0.490748
vn -0.271417 0.886019 0.375904
vn -0.054068 0.993928 0.095831
vn -0.055600 0.996083 0.068754
vn -0.284909 0.914067 0.288633
vn -0.297870 0.928776 0.220565
vn -0.055427 0.997223 0.049733
vn -0.054600 0.997832 0.036750
vn -0.311879 0.936042 0.162961
vn -0.055016 0.998109 0.027437
vn 0.877908 0.120778 -0.463347
vn 0.940580 0.122852 -0.316572
vn 0.793423 0.118010 -0.597121
vn 0.689935 0.115160 -0.714652
vn 0.570606 0.112196 -0.813524
vn 0.438727 0.109710 -0.891898
vn 0.297560 0.107623 -0.948618
vn 0.150293 0.106421 -0.982897
vn -0.000000 0.105906 -0.994376
vn -0.150293 0.106421 -0.982897
vn -0.297560 0.107624 -0.948617
vn -0.438727 0.109711 -0.891898
vn -0.570604 0.112196 -0.813525
vn -0.689932 0.115160 -0.714655
vn -0.793420 0.118010 -0.597125
vn -0.877907 0.120776 -0.463350
vn -0.940579 0.122851 -0.316573
vn -0.979150 0.124332 -0.160643
vn -0.992190 0.124734 -0.000000
vn -0.979150 0.124333 0.160642
vn -0.940580 0.122851 0.316571
vn -0.877908 0.120777 0.463347
vn -0.793420 0.118010 0.597125
vn -0.689932 0.115161 0.714655
vn -0.570605 0.112197 0.813524
vn -0.438726 0.109711 0.891898
vn -0.297559 0.107625 0.948618
vn -0.150292 0.106423 0.982897
vn 0.000000 0.105909 0.994376
vn 0.150293 0.106424 0.982897
vn 0.297561 0.107626 0.948617
vn 0.438728 0.109712 0.891898
vn 0.570603 0.112197 0.813526
vn 0.689931 0.115161 0.714656
vn 0.793420 0.118010 0.597125
vn 0.877907 0.120775 0.463350
vn 0.940581 0.122848 0.316570
vn 0.979151 0.124332 0.160638
vn 0.992190 0.124735 -0.000002
vn 0.979150 0.124335 -0.160642
vn 0.707548 -0.665390 -0.237975
vn 0.661421 -0.663947 -0.348852
vn 0.661417 -0.663945 -0.348863
vn 0.707546 -0.665388 -0.237984
vn 0.598861 -0.662205 -0.450389
vn 0.598853 -0.662204 -0.450401
vn 0.521836 -0.660232 -0.540167
vn 0.521826 -0.660231 -0.540179
vn 0.432437 -0.658335 -0.616112
vn 0.432426 -0.658333 -0.616121
vn 0.333103 -0.656583 -0.676714
vn 0.333092 -0.656583 -0.676719
vn 0.226233 -0.655254 -0.720736
vn 0.226225 -0.655255 -0.720738
vn 0.114373 -0.654360 -0.747484
vn 0.114369 -0.654359 -0.747485
vn -0.000000 -0.654092 -0.756415
vn -0.000000 -0.654090 -0.756417
vn -0.114373 -0.654361 -0.747483
vn -0.114369 -0.654359 -0.747485
vn -0.226233 -0.655255 -0.720735
vn -0.226225 -0.655255 -0.720738
vn -0.333102 -0.656583 -0.676714
vn -0.333092 -0.656583 -0.676719
vn -0.432437 -0.658334 -0.616112
vn -0.432426 -0.658333 -0.616121
vn -0.521836 -0.660232 -0.540167
vn -0.521826 -0.660231 -0.540178
vn -0.598862 -0.662204 -0.450389
vn -0.598854 -0.662203 -0.450401
vn -0.661422 -0.663945 -0.348851
vn -0.661417 -0.663945 -0.348863
vn -0.707549 -0.665388 -0.237976
vn -0.707546 -0.665389 -0.237985
vn -0.735883 -0.666274 -0.120647
vn -0.735881 -0.666274 -0.120652
vn -0.745398 -0.666619 0.000000
vn -0.745399 -0.666619 -0.000000
vn -0.735882 -0.666275 0.120647
vn -0.735882 -0.666274 0.120652
vn -0.707549 -0.665388 0.237977
vn -0.707546 -0.665388 0.237985
vn -0.661422 -0.663946 0.348852
vn -0.661417 -0.663945 0.348863
vn -0.598860 -0.662206 0.450388
vn -0.598853 -0.662204 0.450401
vn -0.521835 -0.660234 0.540166
vn -0.521826 -0.660231 0.540178
vn -0.432436 -0.658336 0.616111
vn -0.432426 -0.658333 0.616121
vn -0.333102 -0.656586 0.676712
vn -0.333092 -0.656582 0.676719
vn -0.226232 -0.655257 0.720734
vn -0.226225 -0.655254 0.720739
vn -0.114373 -0.654361 0.747483
vn -0.114368 -0.654359 0.747485
vn 0.000000 -0.654092 0.756415
vn 0.000000 -0.654091 0.756416
vn 0.114373 -0.654361 0.747482
vn 0.114368 -0.654360 0.747484
vn 0.226233 -0.655256 0.720734
vn 0.226225 -0.655255 0.720738
vn 0.333102 -0.656584 0.676713
vn 0.333093 -0.656582 0.676719
vn 0.432437 -0.658334 0.616112
vn 0.432426 -0.658333 0.616121
vn 0.521837 -0.660232 0.540168
vn 0.521827 -0.660230 0.540179
vn 0.598862 -0.662204 0.450389
vn 0.598854 -0.662203 0.450401
vn 0.661423 -0.663944 0.348852
vn 0.661417 -0.663944 0.348863
vn 0.707549 -0.665388 0.237977
vn 0.707546 -0.665388 0.237985
vn 0.735882 -0.666274 0.120648
vn 0.735882 -0.666274 0.120653
vn 0.745399 -0.666619 0.000002
vn 0.745400 -0.666618 0.000001
vn 0.735882 -0.666275 -0.120645
vn 0.735882 -0.666274 -0.120651
vn -0.248913 -0.964932 0.083356
vn -0.257576 -0.965345 0.041987
vn -0.268357 -0.962312 0.044038
vn -0.259260 -0.961860 0.087238
vn -0.259890 -0.965638 -0.000127
vn -0.270817 -0.962631 0.000045
vn -0.255966 -0.965774 -0.041975
vn -0.266722 -0.962783 -0.043681
vn -0.245846 -0.965785 -0.082582
vn -0.256150 -0.962795 -0.086102
vn -0.229910 -0.965655 -0.121047
vn -0.239479 -0.962658 -0.126253
vn -0.208466 -0.965434 -0.156457
vn -0.217067 -0.962419 -0.163194
vn -0.182108 -0.965123 -0.188081
vn -0.189532 -0.962085 -0.196137
vn -0.151375 -0.964781 -0.215135
vn -0.157464 -0.961715 -0.224300
vn -0.117025 -0.964413 -0.237094
vn -0.121652 -0.961319 -0.247116
vn -0.079786 -0.964076 -0.253359
vn -0.082864 -0.960954 -0.264009
vn -0.040526 -0.963769 -0.263640
vn -0.042002 -0.960624 -0.274658
vn -0.000115 -0.963539 -0.267567
vn 0.000041 -0.960373 -0.278719
vn 0.040524 -0.963367 -0.265106
vn 0.042309 -0.960187 -0.276136
vn 0.080435 -0.963284 -0.256152
vn 0.083830 -0.960092 -0.266825
vn 0.118699 -0.963252 -0.240948
vn 0.123648 -0.960056 -0.251006
vn 0.154344 -0.963285 -0.219683
vn 0.160770 -0.960084 -0.228891
vn 0.186531 -0.963329 -0.192885
vn 0.194305 -0.960129 -0.200991
vn 0.214355 -0.963387 -0.161052
vn 0.223326 -0.960185 -0.167837
vn 0.237147 -0.963401 -0.124980
vn 0.247102 -0.960198 -0.130229
vn 0.254173 -0.963376 -0.085461
vn 0.264881 -0.960165 -0.089007
vn 0.265024 -0.963260 -0.043502
vn 0.276194 -0.960038 -0.045217
vn 0.269240 -0.963073 -0.000136
vn 0.280582 -0.959830 0.000048
vn 0.266749 -0.962783 0.043516
vn 0.277941 -0.959515 0.045599
vn 0.257450 -0.962431 0.086289
vn 0.268196 -0.959131 0.090219
vn 0.241645 -0.962008 0.127078
vn 0.251653 -0.958674 0.132723
vn 0.219626 -0.961575 0.164736
vn 0.228653 -0.958204 0.171938
vn 0.192048 -0.961139 0.198317
vn 0.199880 -0.957736 0.206855
vn 0.159566 -0.960772 0.226839
vn 0.166042 -0.957340 0.236495
vn 0.123116 -0.960480 0.249641
vn 0.128109 -0.957030 0.260157
vn 0.083624 -0.960329 0.266037
vn 0.087052 -0.956868 0.277176
vn 0.042186 -0.960309 0.275729
vn 0.043995 -0.956851 0.287229
vn -0.000124 -0.960465 0.278400
vn 0.000045 -0.957019 0.290026
vn -0.042188 -0.960762 0.274146
vn -0.043664 -0.957343 0.285637
vn -0.082923 -0.961218 0.263029
vn -0.086015 -0.957833 0.274150
vn -0.121317 -0.961773 0.245512
vn -0.125975 -0.958434 0.255996
vn -0.156398 -0.962422 0.221998
vn -0.162529 -0.959135 0.231612
vn -0.187367 -0.963094 0.193246
vn -0.194847 -0.959864 0.201730
vn -0.213451 -0.963774 0.159935
vn -0.222111 -0.960599 0.167080
vn -0.234140 -0.964389 0.123017
vn -0.243764 -0.961270 0.128604
vn -0.032197 0.999331 0.017360
vn -0.028088 0.999533 0.012015
vn -0.033980 0.999022 0.028279
vn -0.092612 0.994583 0.047201
vn -0.080294 0.996385 0.027741
vn -0.067421 0.997516 0.020418
vn -0.032821 0.998567 0.042260
vn -0.027862 0.997880 0.058816
vn -0.079910 0.989797 0.117970
vn -0.094734 0.992578 0.076252
vn -0.015836 0.997106 0.074358
vn 0.002123 0.996898 0.078676
vn 0.009121 0.983616 0.180044
vn -0.044183 0.985397 0.164440
vn 0.017934 0.997410 0.069654
vn 0.028162 0.998179 0.053352
vn 0.084151 0.989590 0.116752
vn 0.054808 0.985390 0.161256
vn 0.032182 0.998836 0.035931
vn 0.030136 0.999255 0.024111
vn 0.089341 0.995209 0.039727
vn 0.096978 0.992974 0.067812
vn 0.027084 0.999480 0.017522
vn 0.025236 0.999591 0.013465
vn 0.065984 0.997574 0.022189
vn 0.075338 0.996771 0.027768
vn 0.024471 0.999646 0.010492
vn 0.024615 0.999667 0.007739
vn 0.057155 0.998230 0.016469
vn 0.059352 0.998055 0.019077
vn 0.025326 0.999666 0.005141
vn 0.026688 0.999640 0.002836
vn 0.063701 0.997875 0.013681
vn 0.058650 0.998173 0.014529
vn 0.028988 0.999580 0.000366
vn 0.032570 0.999464 -0.003252
vn 0.079993 0.996763 0.008027
vn 0.070396 0.997446 0.012123
vn 0.037694 0.999246 -0.009281
vn 0.044471 0.998827 -0.019143
vn 0.114106 0.993177 -0.024084
vn 0.094130 0.995557 -0.002497
vn 0.052225 0.998016 -0.035177
vn 0.057256 0.996513 -0.060690
vn 0.145149 0.981732 -0.123021
vn 0.134776 0.988983 -0.061226
vn 0.054613 0.994300 -0.091565
vn 0.043247 0.991967 -0.118875
vn 0.108814 0.956451 -0.270853
vn 0.138223 0.969412 -0.202816
vn 0.023616 0.990186 -0.137749
vn -0.001526 0.989887 -0.141850
vn -0.006169 0.945648 -0.325133
vn 0.058320 0.947170 -0.315384
vn -0.024181 0.991009 -0.131592
vn -0.040504 0.992416 -0.116061
vn -0.101112 0.957705 -0.269403
vn -0.062811 0.950547 -0.304164
vn -0.053582 0.993893 -0.096469
vn -0.060608 0.995860 -0.067747
vn -0.150251 0.978772 -0.139393
vn -0.131528 0.967312 -0.216812
vn -0.056958 0.997575 -0.040004
vn -0.048616 0.998582 -0.021715
vn -0.123662 0.991874 -0.029909
vn -0.145222 0.986739 -0.072508
vn -0.040928 0.999110 -0.010192
vn -0.034909 0.999386 -0.003102
vn -0.085518 0.996291 0.009514
vn -0.101602 0.994818 -0.003840
vn -0.030622 0.999531 0.000923
vn -0.027821 0.999607 0.003313
vn -0.066713 0.997640 0.016270
vn -0.074886 0.997081 0.014863
vn -0.026082 0.999644 0.005579
vn -0.025071 0.999652 0.008250
vn -0.057245 0.998186 0.018655
vn -0.059135 0.998114 0.016474
vn -0.025245 0.999629 0.010276
vn -0.059366 0.998037 0.019952
vn -0.624264 0.624679 0.469117
vn -0.690914 0.624547 0.364114
vn -0.299992 0.940753 0.158079
vn -0.271023 0.940785 0.203643
vn -0.740187 0.624698 0.248749
vn -0.321315 0.940797 0.107972
vn -0.770706 0.624558 0.126256
vn -0.334611 0.940761 0.054811
vn -0.780859 0.624707 0.000002
vn -0.338958 0.940802 0.000000
vn -0.770707 0.624556 -0.126254
vn -0.334612 0.940761 -0.054809
vn -0.740188 0.624695 -0.248752
vn -0.321315 0.940797 -0.107970
vn -0.690915 0.624543 -0.364119
vn -0.299992 0.940752 -0.158082
vn -0.624263 0.624677 -0.469120
vn -0.271022 0.940784 -0.203647
vn -0.542858 0.624524 -0.561493
vn -0.235734 0.940740 -0.243801
vn -0.448867 0.624650 -0.639009
vn -0.194901 0.940767 -0.277436
vn -0.345146 0.624498 -0.700626
vn -0.149899 0.940721 -0.304260
vn -0.234046 0.624618 -0.745033
vn -0.101637 0.940750 -0.323512
vn -0.118224 0.624475 -0.772045
vn -0.051350 0.940709 -0.335304
vn -0.000000 0.624612 -0.780935
vn -0.000000 0.940744 -0.339117
vn 0.118224 0.624481 -0.772040
vn 0.051350 0.940710 -0.335302
vn 0.234047 0.624621 -0.745031
vn 0.101638 0.940751 -0.323509
vn 0.345146 0.624495 -0.700629
vn 0.149899 0.940722 -0.304257
vn 0.448866 0.624645 -0.639013
vn 0.194901 0.940768 -0.277433
vn 0.542863 0.624524 -0.561488
vn 0.235735 0.940740 -0.243797
vn 0.624266 0.624679 -0.469114
vn 0.271023 0.940785 -0.203642
vn 0.690915 0.624547 -0.364113
vn 0.299992 0.940753 -0.158080
vn 0.740188 0.624697 -0.248748
vn 0.321311 0.940799 -0.107969
vn 0.770707 0.624556 -0.126255
vn 0.334604 0.940764 -0.054806
vn 0.780860 0.624707 0.000001
vn 0.338953 0.940803 0.000000
vn 0.770706 0.624558 0.126255
vn 0.334610 0.940762 0.054808
vn 0.740187 0.624697 0.248751
vn 0.321315 0.940797 0.107970
vn 0.690915 0.624545 0.364116
vn 0.299990 0.940754 0.158078
vn 0.624267 0.624677 0.469115
vn 0.271021 0.940785 0.203643
vn 0.542866 0.624523 0.561487
vn 0.235736 0.940737 0.243809
vn 0.448871 0.624648 0.639007
vn 0.194904 0.940765 0.277441
vn 0.345147 0.624496 0.700627
vn 0.149900 0.940721 0.304260
vn 0.234048 0.624619 0.745032
vn 0.101638 0.940750 0.323511
vn 0.118225 0.624477 0.772044
vn 0.051350 0.940709 0.335304
vn 0.000000 0.624606 0.780940
vn 0.000000 0.940741 0.339127
vn -0.118225 0.624476 0.772045
vn -0.051351 0.940707 0.335312
vn -0.234047 0.624618 0.745033
vn -0.101639 0.940750 0.323511
vn -0.345144 0.624493 0.700631
vn -0.149899 0.940722 0.304258
vn -0.448866 0.624648 0.639010
vn -0.194901 0.940767 0.277435
vn -0.542862 0.624525 0.561489
vn -0.235735 0.940740 0.243799
vn 0.536433 -0.839361 -0.087819
vn 0.543798 -0.839216 -0.000001
vn 0.515318 -0.839344 -0.173060
vn 0.921994 -0.232589 -0.309564
vn 0.959806 -0.232585 -0.157091
vn 0.972588 -0.232537 -0.000002
vn 0.536436 -0.839360 0.087815
vn 0.515321 -0.839342 0.173057
vn 0.959806 -0.232584 0.157088
vn 0.921995 -0.232586 0.309562
vn 0.480626 -0.839600 0.253120
vn 0.434276 -0.839673 0.326118
vn 0.860553 -0.232680 0.453111
vn 0.777739 -0.232715 0.583923
vn 0.377292 -0.839981 0.389978
vn 0.311958 -0.840068 0.443810
vn 0.676282 -0.232824 0.698881
vn 0.559325 -0.232863 0.795569
vn 0.239665 -0.840338 0.486203
vn 0.162539 -0.840366 0.517074
vn 0.430042 -0.232962 0.872234
vn 0.291679 -0.232980 0.927709
vn 0.082051 -0.840555 0.535477
vn 0.000000 -0.840481 0.541840
vn 0.147318 -0.233045 0.961243
vn -0.000000 -0.233020 0.972472
vn -0.082051 -0.840553 0.535479
vn -0.162539 -0.840370 0.517069
vn -0.147316 -0.233041 0.961244
vn -0.291678 -0.232978 0.927710
vn -0.239666 -0.840337 0.486204
vn -0.311961 -0.840064 0.443817
vn -0.430042 -0.232961 0.872235
vn -0.559326 -0.232864 0.795568
vn -0.377292 -0.839979 0.389982
vn -0.434274 -0.839674 0.326119
vn -0.676285 -0.232826 0.698878
vn -0.777742 -0.232716 0.583919
vn -0.480625 -0.839600 0.253122
vn -0.515319 -0.839343 0.173061
vn -0.860552 -0.232680 0.453111
vn -0.921994 -0.232586 0.309565
vn -0.536436 -0.839359 0.087819
vn -0.543803 -0.839213 -0.000000
vn -0.959806 -0.232583 0.157091
vn -0.972588 -0.232535 -0.000000
vn -0.536437 -0.839359 -0.087819
vn -0.515320 -0.839342 -0.173060
vn -0.959806 -0.232583 -0.157092
vn -0.921994 -0.232586 -0.309565
vn -0.480627 -0.839598 -0.253125
vn -0.434276 -0.839670 -0.326126
vn -0.860552 -0.232680 -0.453113
vn -0.777738 -0.232713 -0.583925
vn -0.377290 -0.839978 -0.389985
vn -0.311958 -0.840067 -0.443813
vn -0.676281 -0.232822 -0.698883
vn -0.559325 -0.232864 -0.795569
vn -0.239666 -0.840338 -0.486202
vn -0.162539 -0.840365 -0.517077
vn -0.430042 -0.232963 -0.872234
vn -0.291678 -0.232980 -0.927709
vn -0.082051 -0.840548 -0.535487
vn 0.000000 -0.840476 -0.541848
vn -0.147317 -0.233044 -0.961243
vn -0.000000 -0.233021 -0.972472
vn 0.082051 -0.840549 -0.535486
vn 0.162538 -0.840366 -0.517074
vn 0.147317 -0.233044 -0.961243
vn 0.291678 -0.232980 -0.927709
vn 0.239666 -0.840338 -0.486203
vn 0.311961 -0.840065 -0.443815
vn 0.430042 -0.232962 -0.872234
vn 0.559325 -0.232865 -0.795568
vn 0.377291 -0.839979 -0.389983
vn 0.434272 -0.839673 -0.326123
vn 0.676285 -0.232828 -0.698878
vn 0.777741 -0.232717 -0.583919
vn 0.480623 -0.839601 -0.253123
vn 0.860552 -0.232682 -0.453110
vn 0.695193 -0.024304 -0.718412
vn 0.799462 -0.024376 -0.600222
vn 0.574974 -0.024235 -0.817813
vn 0.442085 -0.024170 -0.896648
vn 0.299848 -0.024121 -0.953682
vn 0.151445 -0.024089 -0.988172
vn -0.000000 -0.024079 -0.999710
vn -0.151445 -0.024089 -0.988172
vn -0.299847 -0.024121 -0.953682
vn -0.442085 -0.024170 -0.896647
vn -0.574975 -0.024234 -0.817812
vn -0.695192 -0.024303 -0.718414
vn -0.799461 -0.024375 -0.600223
vn -0.884577 -0.024438 -0.465755
vn -0.947709 -0.024492 -0.318194
vn -0.986573 -0.024523 -0.161470
vn -0.999699 -0.024536 -0.000000
vn -0.986573 -0.024523 0.161470
vn -0.947709 -0.024491 0.318193
vn -0.884576 -0.024438 0.465755
vn -0.799462 -0.024375 0.600222
vn -0.695193 -0.024303 0.718412
vn -0.574974 -0.024233 0.817813
vn -0.442085 -0.024168 0.896648
vn -0.299848 -0.024119 0.953682
vn -0.151445 -0.024087 0.988172
vn -0.000000 -0.024077 0.999710
vn 0.151445 -0.024087 0.988172
vn 0.299848 -0.024119 0.953682
vn 0.442085 -0.024168 0.896647
vn 0.574974 -0.024233 0.817813
vn 0.695191 -0.024302 0.718414
vn 0.799460 -0.024374 0.600224
vn 0.884576 -0.024437 0.465756
vn 0.947710 -0.024491 0.318193
vn 0.986573 -0.024522 0.161467
vn 0.999699 -0.024535 -0.000001
vn 0.986573 -0.024523 -0.161470
vn 0.947709 -0.024492 -0.318194
vn 0.884576 -0.024440 -0.465755
vn -0.877315 0.128591 0.462367
vn -0.940022 0.128654 0.315922
vn -0.792793 0.128562 0.595778
vn -0.689306 0.128483 0.712986
vn -0.570023 0.128442 0.811528
vn -0.438242 0.128368 0.889644
vn -0.297215 0.128347 0.946145
vn -0.150112 0.128303 0.980309
vn -0.000000 0.128313 0.991734
vn 0.150111 0.128304 0.980309
vn 0.297216 0.128349 0.946145
vn 0.438245 0.128368 0.889642
vn 0.570029 0.128440 0.811523
vn 0.689308 0.128480 0.712985
vn 0.792789 0.128560 0.595784
vn 0.877313 0.128590 0.462371
vn 0.940023 0.128652 0.315921
vn 0.978644 0.128658 0.160325
vn 0.991685 0.128691 0.000000
vn 0.978644 0.128656 -0.160326
vn 0.940023 0.128650 -0.315920
vn 0.877315 0.128590 -0.462366
vn 0.792792 0.128560 -0.595779
vn 0.689307 0.128480 -0.712986
vn 0.570025 0.128439 -0.811526
vn 0.438242 0.128364 -0.889644
vn 0.297213 0.128343 -0.946146
vn 0.150110 0.128299 -0.980309
vn 0.000000 0.128311 -0.991734
vn -0.150110 0.128301 -0.980309
vn -0.297215 0.128346 -0.946145
vn -0.438245 0.128369 -0.889642
vn -0.570025 0.128442 -0.811526
vn -0.689303 0.128482 -0.712989
vn -0.792792 0.128564 -0.595779
vn -0.877314 0.128597 -0.462366
vn -0.940022 0.128658 -0.315922
vn -0.978643 0.128661 -0.160324
vn -0.991685 0.128692 0.000002
vn -0.978643 0.128661 0.160327
vn -0.088127 -0.995064 0.045621
vn -0.093338 -0.995160 0.030734
vn -0.080476 -0.994982 0.059445
vn -0.070970 -0.994862 0.072194
vn -0.059378 -0.994771 0.083100
vn -0.046280 -0.994655 0.092303
vn -0.031724 -0.994583 0.098987
vn -0.016268 -0.994500 0.103464
vn -0.000228 -0.994473 0.104996
vn 0.015915 -0.994441 0.104085
vn 0.031646 -0.994467 0.100165
vn 0.046641 -0.994487 0.093914
vn 0.060274 -0.994558 0.084980
vn 0.072461 -0.994611 0.074153
vn 0.082538 -0.994702 0.061288
vn 0.090704 -0.994760 0.047172
vn 0.096301 -0.994843 0.031845
vn 0.099779 -0.994882 0.015963
vn 0.100514 -0.994936 -0.000249
vn 0.099116 -0.994942 -0.016349
vn 0.095041 -0.994961 -0.031925
vn 0.088968 -0.994937 -0.046758
vn 0.080497 -0.994931 -0.060268
vn 0.070316 -0.994891 -0.072446
vn 0.058238 -0.994880 -0.082601
vn 0.044916 -0.994845 -0.090920
vn 0.030401 -0.994849 -0.096701
vn 0.015272 -0.994838 -0.100321
vn -0.000212 -0.994871 -0.101153
vn -0.015601 -0.994891 -0.099746
vn -0.030478 -0.994952 -0.095608
vn -0.044586 -0.994996 -0.089415
vn -0.057407 -0.995073 -0.080829
vn -0.068919 -0.995122 -0.070581
vn -0.078540 -0.995194 -0.058489
vn -0.086493 -0.995225 -0.045239
vn -0.092158 -0.995268 -0.030812
vn -0.095953 -0.995261 -0.015753
vn -0.097246 -0.995260 -0.000233
vn -0.096572 -0.995207 0.015392
vn -0.920067 0.247233 0.303896
vn -0.893737 0.326946 0.307149
vn -0.809176 0.516566 0.279989
vn -0.871743 0.387614 0.299699
vn -0.887855 0.302335 0.346852
vn -0.785963 0.541723 0.297990
vn -0.412881 0.897995 0.152102
vn -0.475019 0.864620 0.163678
vn -0.557981 0.806209 0.196682
vn -0.857311 0.181788 0.481634
vn -0.787396 0.440638 0.431099
vn -0.663724 0.040841 0.746862
vn -0.625690 0.305241 0.717872
vn -0.316002 0.889016 0.331350
vn -0.399203 0.894637 0.200655
vn -0.297416 -0.030773 0.954252
vn -0.285308 0.231840 0.929973
vn 0.063755 -0.035282 0.997342
vn 0.060321 0.216378 0.974444
vn 0.028296 0.890480 0.454142
vn -0.139127 0.892497 0.429061
vn 0.363685 -0.031013 0.931006
vn 0.350232 0.207788 0.913325
vn 0.661214 -0.030600 0.749573
vn 0.638692 0.180789 0.747922
vn 0.348179 0.854062 0.386457
vn 0.172449 0.882438 0.437682
vn 0.890207 -0.032538 0.454393
vn 0.876253 0.129536 0.464114
vn 0.956584 -0.040708 0.288601
vn 0.952340 0.087753 0.292142
vn 0.672892 0.711412 0.202754
vn 0.554676 0.784533 0.277204
vn 0.968959 -0.052450 0.241593
vn 0.967562 0.066166 0.243814
vn 0.969575 -0.063576 0.236396
vn 0.970151 0.052564 0.236735
vn 0.718946 0.672177 0.176902
vn 0.711015 0.680247 0.178104
vn 0.964391 -0.072900 0.254234
vn 0.965931 0.044271 0.254987
vn 0.961493 -0.079507 0.263078
vn 0.963715 0.037731 0.264255
vn 0.723692 0.660893 0.198724
vn 0.719193 0.668097 0.190809
vn 0.960819 -0.083768 0.264214
vn 0.963592 0.032875 0.265350
vn 0.961085 -0.085686 0.262627
vn 0.964139 0.030844 0.263599
vn 0.734432 0.648332 0.200689
vn 0.731014 0.651982 0.201338
vn 0.965942 -0.085300 0.244295
vn 0.968874 0.031368 0.245559
vn 0.977238 -0.082697 0.195364
vn 0.979950 0.032692 0.196544
vn 0.745699 0.649526 0.148489
vn 0.734788 0.652445 0.185481
vn 0.993413 -0.077626 0.084291
vn 0.995715 0.034551 0.085780
vn 0.992267 -0.069768 -0.102661
vn 0.994195 0.037128 -0.100984
vn 0.786760 0.611818 -0.081776
vn 0.771094 0.633422 0.064739
vn 0.942148 -0.060098 -0.329767
vn 0.943942 0.040130 -0.327662
vn 0.801430 -0.049250 -0.596057
vn 0.804239 0.041205 -0.592876
vn 0.671891 0.548502 -0.497703
vn 0.763096 0.588643 -0.266803
vn 0.588865 -0.039962 -0.807243
vn 0.591569 0.039167 -0.805302
vn 0.388130 -0.035427 -0.920923
vn 0.390121 0.035973 -0.920061
vn 0.344511 0.470591 -0.812315
vn 0.510211 0.505378 -0.695900
vn 0.188759 -0.033717 -0.981444
vn 0.190109 0.033066 -0.981206
vn -0.022000 -0.033118 -0.999209
vn -0.021514 0.031683 -0.999266
vn -0.018898 0.432984 -0.901203
vn 0.170786 0.444899 -0.879146
vn -0.211740 -0.033091 -0.976766
vn -0.212153 0.032316 -0.976702
vn -0.361253 -0.033628 -0.931862
vn -0.362294 0.034801 -0.931414
vn -0.321721 0.457680 -0.828869
vn -0.190268 0.439353 -0.877934
vn -0.534824 -0.033931 -0.844282
vn -0.537174 0.041945 -0.842428
vn -0.766350 -0.032845 -0.641583
vn -0.768262 0.056132 -0.637670
vn -0.639426 0.551286 -0.535928
vn -0.466116 0.492769 -0.734789
vn -0.926489 -0.031837 -0.374973
vn -0.925739 0.067874 -0.372022
vn -0.989491 -0.033815 -0.140588
vn -0.987644 0.073291 -0.138523
vn -0.769024 0.629521 -0.110926
vn -0.739962 0.601624 -0.300839
vn -0.996887 -0.038898 0.068582
vn -0.994785 0.074669 0.069482
vn -0.977704 -0.046720 0.204726
vn -0.976232 0.071123 0.204728
vn -0.724852 0.672314 0.150278
vn -0.753993 0.654969 0.050098
vn -0.961244 -0.055536 0.270048
vn -0.960772 0.063969 0.269863
vn -0.953040 -0.064045 0.295996
vn -0.953768 0.055020 0.295463
vn -0.715987 0.662116 0.221282
vn -0.712093 0.673363 0.198759
vn -0.950532 -0.061366 0.304506
vn -0.949722 0.060353 0.307223
vn -0.949630 -0.003999 0.313349
vn -0.938649 0.122182 0.322504
vn -0.656318 0.717805 0.232383
vn -0.700834 0.675898 0.228021
vn -0.942305 0.115013 0.314378
vn -0.915683 0.240280 0.322165
vn -0.616594 0.754345 0.225334
vn -0.378132 0.917258 0.125120
vn -0.436555 0.881908 0.177929
vn -0.341257 0.933877 0.106855
vn -0.481788 0.829202 0.283382
vn -0.430565 0.755276 0.494137
vn -0.214022 0.680235 0.701053
vn 0.051476 0.659320 0.750098
vn 0.270858 0.682566 0.678778
vn 0.460867 0.729960 0.504738
vn 0.551177 0.786075 0.279802
vn 0.506271 0.846877 0.162755
vn 0.437946 0.891173 0.118379
vn 0.388352 0.915797 0.102464
vn 0.353199 0.930458 0.097460
vn 0.339356 0.935971 0.093784
vn 0.343850 0.934466 0.092420
vn 0.365296 0.926007 0.095232
vn 0.397196 0.912844 0.094608
vn 0.446545 0.890964 0.082345
vn 0.516955 0.855172 0.037920
vn 0.596399 0.799965 -0.066057
vn 0.649409 0.724588 -0.230739
vn 0.621528 0.630620 -0.464781
vn 0.496378 0.532694 -0.685453
vn 0.341673 0.463762 -0.817426
vn 0.169368 0.425578 -0.888931
vn -0.020431 0.420174 -0.907214
vn -0.190006 0.440698 -0.877316
vn -0.318309 0.472564 -0.821805
vn -0.456575 0.521200 -0.721034
vn -0.609982 0.605673 -0.510961
vn -0.661566 0.699706 -0.269707
vn -0.617682 0.781224 -0.090322
vn -0.539429 0.841392 0.032798
vn -0.465120 0.880486 0.091696
vn -0.413083 0.903956 0.110576
vn -0.378117 0.918920 0.112312
vn -0.346774 0.931752 0.107640
vn -0.332825 0.936811 0.107761
vn -0.328797 0.938341 0.106810
vn 0.003361 0.998541 -0.053900
vn 0.015998 0.998295 -0.056137
vn 0.021990 0.994812 -0.099323
vn 0.015900 0.995624 -0.092089
vn 0.035643 0.994105 -0.102398
vn 0.032772 0.995164 -0.092601
vn -0.073214 0.997019 -0.024370
vn -0.081165 0.996428 -0.023331
vn -0.078634 0.996575 -0.025606
vn -0.067575 0.997317 -0.028137
vn -0.089064 0.995861 -0.018122
vn -0.089392 0.995844 -0.017449
vn -0.078899 0.996792 -0.013458
vn -0.066081 0.997515 -0.024441
vn -0.052627 0.998211 -0.028374
vn -0.037792 0.998810 -0.030834
vn -0.054197 0.998097 -0.029416
vn -0.015831 0.999276 -0.034590
vn -0.036994 0.998836 -0.030966
vn -0.050914 0.998403 -0.024492
vn -0.063441 0.997684 -0.024524
vn -0.003693 0.999483 -0.031948
vn -0.024964 0.999257 -0.029351
vn -0.006309 0.999664 -0.025159
vn -0.024385 0.999417 -0.023914
vn -0.041960 0.998967 -0.017457
vn -0.043036 0.998835 -0.021821
vn -0.010473 0.999743 -0.020131
vn -0.027615 0.999443 -0.018739
vn -0.011169 0.999787 -0.017350
vn -0.025626 0.999532 -0.016686
vn -0.034493 0.999298 -0.014611
vn -0.039928 0.999090 -0.015004
vn -0.094135 0.995542 -0.005952
vn -0.095995 0.995381 -0.001544
vn -0.093939 0.995485 0.013579
vn -0.095125 0.995233 0.021495
vn -0.084112 0.995997 0.030238
vn -0.085587 0.996319 0.004808
vn -0.052160 0.996219 0.069476
vn -0.071129 0.996056 0.053040
vn -0.084399 0.995393 0.045492
vn -0.066201 0.995568 0.066797
vn -0.085878 0.995672 0.035532
vn -0.070636 0.995824 0.057840
vn -0.035279 0.996430 0.076703
vn -0.046997 0.995551 0.081670
vn -0.052384 0.995664 0.076876
vn -0.009104 0.999829 -0.016086
vn -0.019599 0.999672 -0.016486
vn -0.024066 0.999583 -0.015938
vn 0.018039 0.999076 -0.039006
vn 0.038938 0.998673 -0.033694
vn 0.051204 0.998350 -0.025982
vn -0.007134 0.999786 -0.019400
vn -0.014176 0.999729 -0.018497
vn -0.001415 0.999804 -0.019756
vn -0.001656 0.999685 -0.025045
vn -0.009597 0.999652 -0.024570
vn -0.019906 0.999542 -0.022780
vn -0.026488 0.999517 -0.016257
vn -0.039826 0.999112 -0.013728
vn -0.036197 0.999167 -0.018846
vn -0.049058 0.998680 -0.015187
vn -0.046433 0.998835 -0.013171
vn -0.050679 0.998619 -0.013877
vn -0.053706 0.998461 -0.013814
vn -0.054726 0.998407 -0.013760
vn -0.053196 0.998451 -0.016279
vn -0.058439 0.998123 -0.018331
vn -0.053677 0.998452 -0.014545
vn -0.053275 0.998469 -0.014881
vn -0.064779 0.997713 -0.019311
vn -0.069558 0.997381 -0.019820
vn -0.053304 0.998468 -0.014813
vn -0.053319 0.998471 -0.014569
vn -0.053857 0.998457 -0.013514
vn -0.073942 0.997074 -0.019402
vn -0.055224 0.998415 -0.010838
vn -0.078610 0.996776 -0.016070
vn -0.057594 0.998329 -0.004632
vn -0.081920 0.996612 -0.007316
vn -0.060219 0.998164 0.006498
vn -0.082946 0.996520 0.008220
vn -0.078938 0.996505 0.027310
vn -0.068589 0.996419 0.049448
vn -0.060933 0.997909 0.021560
vn -0.057349 0.997437 0.042779
vn -0.053526 0.996023 0.071231
vn -0.037294 0.995645 0.085447
vn -0.048308 0.996634 0.066239
vn -0.035352 0.995858 0.083772
vn -0.019408 0.995251 0.095390
vn 0.001964 0.994977 0.100087
vn -0.018399 0.995269 0.095405
vn 0.002183 0.994972 0.100128
vn 0.021709 0.995033 0.097153
vn 0.035891 0.995298 0.089969
vn 0.021061 0.995048 0.097141
vn 0.034387 0.995470 0.088638
vn 0.050195 0.995883 0.075489
vn 0.064479 0.996609 0.051112
vn 0.045934 0.996323 0.072329
vn 0.056013 0.997333 0.046784
vn 0.073741 0.996854 0.029045
vn 0.076897 0.996987 0.010208
vn 0.060275 0.997883 0.024433
vn 0.059770 0.998175 0.008616
vn 0.075249 0.997149 -0.005589
vn 0.071801 0.997303 -0.015185
vn 0.056998 0.998367 -0.003714
vn 0.054153 0.998471 -0.011075
vn 0.067514 0.997531 -0.019351
vn 0.062523 0.997839 -0.020216
vn 0.052364 0.998524 -0.014405
vn 0.051656 0.998542 -0.015667
vn 0.056770 0.998199 -0.019382
vn 0.051721 0.998514 -0.017160
vn 0.051837 0.998531 -0.015786
vn 0.052438 0.998505 -0.015428
vn 0.045197 0.998845 -0.016339
vn 0.035870 0.999198 -0.017804
vn 0.050814 0.998577 -0.016217
vn 0.044967 0.998810 -0.018909
vn 0.041271 0.998939 -0.020438
vn 0.032465 0.999317 -0.017664
vn 0.045303 0.998795 -0.018888
vn 0.037703 0.999173 -0.015242
vn 0.041022 0.998970 -0.019388
vn 0.031823 0.999364 -0.016096
vn 0.023344 0.999472 -0.022613
vn 0.016527 0.999691 -0.018592
vn 0.016053 0.999718 -0.017472
vn 0.030274 0.999424 -0.015339
vn 0.008170 0.999664 -0.024621
vn 0.005719 0.999790 -0.019668
vn 0.004910 0.999817 -0.018515
vn 0.003377 0.998700 0.050858
vn -0.017131 0.998712 0.047750
vn -0.041117 0.998489 0.036470
vn 0.020891 0.998594 0.048719
vn 0.045969 0.998031 0.042674
vn 0.075716 0.996708 0.028980
vn 0.087290 0.995910 0.023304
vn 0.091144 0.995608 0.021380
vn 0.087359 0.995928 0.022245
vn 0.089844 0.995661 0.024222
vn 0.093782 0.995262 0.025650
vn 0.098136 0.994810 0.026870
vn 0.100128 0.994602 0.027235
vn 0.100285 0.994783 0.018717
vn 0.098414 0.994856 0.024013
vn 0.119080 0.992757 -0.015951
vn 0.110089 0.993899 0.006794
vn 0.120589 0.991565 -0.047521
vn 0.114059 0.988842 -0.095827
vn 0.089530 0.986547 -0.136780
vn 0.062255 0.984561 -0.163599
vn 0.031376 0.982429 -0.183981
vn -0.004827 0.981295 -0.192450
vn -0.036802 0.982382 -0.183225
vn -0.059810 0.983967 -0.168025
vn -0.083035 0.985357 -0.148917
vn -0.109184 0.988439 -0.105202
vn -0.117965 0.991553 -0.053909
vn -0.118257 0.992759 -0.021100
vn -0.109167 0.994013 0.004500
vn -0.098431 0.994965 0.018862
vn -0.096173 0.995027 0.025940
vn -0.100027 0.994505 0.030900
vn -0.093033 0.995193 0.030588
vn -0.078991 0.996412 0.030403
vn -0.080260 0.996260 0.032001
vn -0.083139 0.996145 0.028003
vn -0.050092 0.998609 0.016438
vn -0.071386 0.997246 0.020109
vn -0.047865 0.998643 0.020537
vn -0.021871 0.998599 -0.048181
vn -0.020138 0.998228 -0.056000
vn -0.006603 0.996138 -0.087557
vn -0.019498 0.996756 -0.078085
vn 0.020097 0.996467 -0.081543
vn 0.008155 0.997589 -0.068921
vn 0.009707 0.999108 -0.041097
vn -0.008630 0.998716 -0.049924
vn -0.018732 0.997702 -0.065109
vn 0.004500 0.998443 -0.055605
vn 0.000488 0.999821 -0.018897
vn -0.009581 0.999454 -0.031611
vn 0.018852 0.999462 -0.026835
vn 0.005053 0.999414 -0.033867
vn 0.027268 0.999518 -0.014834
vn 0.017574 0.999657 -0.019408
vn 0.006786 0.999963 -0.005263
vn 0.005988 0.999928 -0.010381
vn 0.032464 0.999454 -0.006200
vn 0.025281 0.999635 -0.009543
vn 0.034857 0.999392 -0.000019
vn 0.028855 0.999578 -0.003218
vn 0.010676 0.999941 -0.002111
vn 0.008456 0.999956 -0.004043
vn 0.036534 0.999304 0.007579
vn 0.031007 0.999514 0.003324
vn 0.038288 0.999009 0.022691
vn 0.033123 0.999320 0.016203
vn 0.012417 0.999919 0.002678
vn 0.011833 0.999930 -0.000048
vn 0.038359 0.998341 0.042938
vn 0.033995 0.998780 0.035809
vn 0.035377 0.997374 0.063194
vn 0.031470 0.997957 0.055604
vn 0.015929 0.999648 0.021200
vn 0.015033 0.999829 0.010811
vn 0.029813 0.996175 0.082142
vn 0.025927 0.996930 0.073887
vn 0.024730 0.995329 0.093322
vn 0.021575 0.996247 0.083824
vn 0.010224 0.999189 0.038941
vn 0.013503 0.999419 0.031299
vn 0.016178 0.994959 0.098969
vn 0.015240 0.996031 0.087689
vn 0.001239 0.994927 0.100596
vn 0.001379 0.996025 0.089066
vn 0.000399 0.999303 0.037320
vn 0.007463 0.999232 0.038478
vn -0.014534 0.995157 0.097216
vn -0.013549 0.996193 0.086113
vn -0.024172 0.995630 0.090201
vn -0.021401 0.996509 0.080693
vn -0.010656 0.999236 0.037613
vn -0.006954 0.999271 0.037544
vn -0.034194 0.997611 0.060032
vn -0.030453 0.998192 0.051824
vn -0.025921 0.997189 0.070306
vn -0.029418 0.996445 0.078947
vn -0.014687 0.999736 0.017644
vn -0.013273 0.999485 0.029201
vn -0.036583 0.998560 0.039237
vn -0.032335 0.998953 0.032348
vn -0.036135 0.999106 0.021964
vn -0.031324 0.999380 0.016097
vn -0.011970 0.999923 0.003323
vn -0.013850 0.999859 0.009522
vn -0.009723 0.999951 -0.001913
vn -0.011020 0.999939 0.000437
vn -0.029269 0.999560 0.004731
vn -0.026881 0.999635 -0.002679
vn -0.034385 0.999368 0.008981
vn -0.032430 0.999474 0.000788
vn -0.008865 0.999942 -0.006173
vn -0.009097 0.999950 -0.004066
vn -0.024144 0.999668 -0.009035
vn -0.021857 0.999665 -0.013877
vn -0.030184 0.999527 -0.005925
vn -0.028246 0.999539 -0.011155
vn -0.015777 0.999425 -0.030000
vn -0.001931 0.999291 -0.037610
vn -0.016886 0.999644 -0.020667
vn -0.025157 0.999537 -0.017128
vn -0.007262 0.999930 -0.009334
vn -0.007025 0.999953 -0.006703
vn -0.004515 0.998249 -0.058981
vn 0.022183 0.996927 -0.075129
vn 0.016767 0.998027 -0.060502
vn -0.004896 0.998879 -0.047092
vn 0.022566 0.998544 -0.048999
vn 0.005388 0.999595 -0.027936
vn -0.009857 0.996137 -0.087261
vn 0.014448 0.995153 -0.097273
vn 0.018113 0.996217 -0.084988
vn -0.008725 0.997481 -0.070400
vn 0.017802 0.998338 -0.054815
vn 0.022222 0.998297 -0.053930
vn -0.010002 0.991850 -0.127018
vn 0.003757 0.992563 -0.121676
vn 0.010385 0.993812 -0.110589
vn -0.009649 0.994150 -0.107575
vn 0.008437 0.997942 -0.063567
vn 0.014074 0.998116 -0.059724
vn -0.008770 0.990021 -0.140649
vn -0.003051 0.991760 -0.128075
vn -0.000018 0.997919 -0.064472
vn 0.028586 0.999478 -0.015070
vn 0.015641 0.999735 -0.016914
vn 0.011111 0.999820 -0.015353
vn 0.022531 0.999651 -0.013816
vn 0.003581 0.999831 -0.018021
vn -0.000082 0.999870 -0.016138
vn 0.083807 0.122102 0.988973
vn 0.094317 0.130883 0.986901
vn 0.021830 0.953416 0.300868
vn 0.028902 0.954308 0.297423
vn 0.042400 0.136937 0.989672
vn 0.005183 0.946914 0.321445
vn 0.248111 0.100839 0.963469
vn 0.098009 0.112243 0.988836
vn 0.043032 0.959503 0.278393
vn 0.077650 0.957264 0.278598
vn 0.508044 0.080421 0.857569
vn 0.428153 0.089377 0.899276
vn 0.125624 0.954323 0.271085
vn 0.150977 0.955328 0.254075
vn 0.409196 0.057666 0.910622
vn 0.501716 0.070503 0.862154
vn 0.138495 0.961478 0.237442
vn 0.085816 0.976944 0.195488
vn -0.478256 0.033740 0.877572
vn 0.124863 0.043988 0.991199
vn 0.014237 0.990304 0.138184
vn -0.050519 0.994703 0.089519
vn -0.981928 0.030497 0.186782
vn -0.880779 0.029140 0.472630
vn -0.083582 0.995473 0.045244
vn -0.095609 0.995246 0.018555
vn -0.914905 0.043614 -0.401306
vn -0.998202 0.034596 -0.048949
vn -0.103316 0.994639 -0.004435
vn -0.112705 0.992506 -0.047227
vn -0.484626 0.070288 -0.871893
vn -0.694714 0.056242 -0.717084
vn -0.108991 0.988007 -0.109375
vn -0.095060 0.981404 -0.166763
vn -0.233150 0.090906 -0.968183
vn -0.311275 0.082849 -0.946702
vn -0.074998 0.971794 -0.223590
vn -0.060021 0.966530 -0.249432
vn -0.018462 0.095180 -0.995289
vn -0.174518 0.094609 -0.980098
vn -0.047497 0.963131 -0.264809
vn -0.005007 0.960625 -0.277803
vn 0.245319 0.087368 -0.965498
vn 0.156376 0.092808 -0.983328
vn 0.042123 0.964346 -0.261271
vn 0.060738 0.969401 -0.237850
vn 0.505406 0.066291 -0.860332
vn 0.333345 0.078526 -0.939529
vn 0.077029 0.974063 -0.212763
vn 0.095402 0.982881 -0.157620
vn 0.905850 0.041058 -0.421605
vn 0.716017 0.052597 -0.696099
vn 0.105015 0.989498 -0.099329
vn 0.105700 0.993268 -0.047397
vn 0.982416 0.029936 0.184289
vn 0.994369 0.033351 -0.100589
vn 0.098577 0.995086 -0.009286
vn 0.090662 0.995730 0.017370
vn 0.737499 0.028776 0.674735
vn 0.882869 0.028504 0.468753
vn 0.077176 0.996175 0.040976
vn 0.063401 0.996316 0.057742
vn -0.181735 0.052408 0.981950
vn 0.433082 0.036394 0.900620
vn 0.045080 0.994899 0.090239
vn -0.022354 0.988470 0.149758
vn -0.534649 0.080758 0.841206
vn -0.475236 0.066010 0.877379
vn -0.117110 0.967785 0.222882
vn -0.179566 0.942043 0.283392
vn -0.428152 0.108730 0.897142
vn -0.507287 0.095448 0.856475
vn -0.194365 0.924860 0.326889
vn -0.172527 0.917994 0.357102
vn -0.179526 0.131494 0.974926
vn -0.316765 0.121011 0.940753
vn -0.122148 0.926452 0.356042
vn -0.066731 0.934013 0.350952
vn -0.049604 0.137183 0.989303
vn -0.019636 0.938565 0.344543
vn 0.081617 0.122124 0.989153
vn 0.092670 0.130905 0.987054
vn 0.093466 0.130896 0.986980
vn 0.082683 0.122123 0.989065
vn 0.041832 0.136959 0.989693
vn 0.042105 0.136947 0.989683
vn -0.049264 0.137202 0.989317
vn -0.049428 0.137201 0.989309
vn -0.178629 0.131505 0.975089
vn -0.179068 0.131509 0.975008
vn -0.315564 0.121036 0.941153
vn -0.316134 0.121027 0.940963
vn -0.426937 0.108780 0.897715
vn -0.427534 0.108764 0.897433
vn -0.506046 0.095495 0.857204
vn -0.506667 0.095482 0.856838
vn -0.533184 0.080796 0.842132
vn -0.533898 0.080781 0.841681
vn -0.473383 0.066060 0.878376
vn -0.474276 0.066037 0.877896
vn -0.179229 0.052441 0.982409
vn -0.180450 0.052421 0.982186
vn 0.434210 0.036379 0.900077
vn 0.433678 0.036377 0.900333
vn 0.737637 0.028760 0.674585
vn 0.737567 0.028764 0.674662
vn 0.882885 0.028481 0.468725
vn 0.882864 0.028492 0.468764
vn 0.982410 0.029890 0.184328
vn 0.982410 0.029916 0.184322
vn 0.994395 0.033309 -0.100345
vn 0.994382 0.033331 -0.100464
vn 0.906042 0.041038 -0.421195
vn 0.905935 0.041044 -0.421422
vn 0.716521 0.052594 -0.695580
vn 0.716260 0.052592 -0.695849
vn 0.506164 0.066304 -0.859885
vn 0.505809 0.066299 -0.860094
vn 0.334048 0.078551 -0.939277
vn 0.333710 0.078542 -0.939398
vn 0.245804 0.087399 -0.965371
vn 0.245562 0.087392 -0.965434
vn 0.156580 0.092832 -0.983293
vn 0.156483 0.092834 -0.983308
vn -0.018359 0.095183 -0.995291
vn -0.018409 0.095181 -0.995290
vn -0.174586 0.094594 -0.980088
vn -0.174557 0.094598 -0.980092
vn -0.233595 0.090876 -0.968078
vn -0.233393 0.090894 -0.968125
vn -0.312059 0.082831 -0.946445
vn -0.311690 0.082842 -0.946566
vn -0.485432 0.070279 -0.871445
vn -0.485032 0.070279 -0.871668
vn -0.695284 0.056240 -0.716532
vn -0.694987 0.056241 -0.716819
vn -0.915061 0.043600 -0.400951
vn -0.914982 0.043615 -0.401132
vn -0.998209 0.034571 -0.048814
vn -0.998206 0.034590 -0.048874
vn -0.981893 0.030474 0.186968
vn -0.981911 0.030485 0.186875
vn -0.880687 0.029125 0.472803
vn -0.880753 0.029128 0.472680
vn -0.479069 0.033737 0.877129
vn -0.478656 0.033741 0.877354
vn 0.122682 0.044021 0.991469
vn 0.123731 0.044019 0.991339
vn 0.407449 0.057699 0.911404
vn 0.408284 0.057701 0.911030
vn 0.500504 0.070529 0.862857
vn 0.501082 0.070535 0.862521
vn 0.507335 0.080439 0.857987
vn 0.507681 0.080447 0.857781
vn 0.427727 0.089382 0.899478
vn 0.427943 0.089399 0.899374
vn 0.246755 0.100867 0.963814
vn 0.247420 0.100874 0.963643
vn 0.095831 0.112264 0.989047
vn 0.096886 0.112264 0.988944
vn -0.004982 0.999981 0.003613
vn 0.003204 0.999985 0.004459
vn -0.004484 0.999981 0.004332
vn -0.002415 0.999984 0.005158
vn -0.002961 0.999975 0.006429
vn -0.005353 0.999952 0.008215
vn -0.008195 0.999915 0.010189
vn -0.012076 0.999829 0.013989
vn -0.015624 0.999690 0.019374
vn -0.011600 0.999763 0.018418
vn -0.003305 0.999909 0.013092
vn 0.003429 0.999914 0.012682
vn 0.012298 0.999822 0.014305
vn 0.017371 0.999783 0.011527
vn 0.024203 0.999689 0.005979
vn 0.030121 0.999545 -0.001802
vn 0.028668 0.999525 -0.011300
vn 0.024326 0.999456 -0.022267
vn 0.017580 0.999448 -0.028191
vn 0.011608 0.999401 -0.032603
vn 0.008242 0.999396 -0.033757
vn 0.004801 0.999590 -0.028214
vn -0.000331 0.999666 -0.025854
vn -0.005149 0.999577 -0.028607
vn -0.007366 0.999421 -0.033232
vn -0.010897 0.999411 -0.032533
vn -0.017809 0.999385 -0.030198
vn -0.022823 0.999502 -0.021773
vn -0.024821 0.999656 -0.008494
vn -0.026706 0.999643 -0.000480
vn -0.023179 0.999718 0.005092
vn -0.013777 0.999861 0.009393
vn -0.004172 0.999917 0.012182
vn 0.004048 0.999822 0.018428
vn 0.013629 0.999663 0.022081
vn 0.016452 0.999624 0.021916
vn 0.010775 0.999773 0.018394
vn 0.006012 0.999910 0.012010
vn 0.013982 0.999844 0.010757
vn 0.014628 0.999858 0.008406
vn 0.006813 0.997823 -0.065596
vn 0.015425 0.998551 -0.051556
vn -0.001257 0.997100 -0.076096
vn 0.000428 0.999999 -0.001108
vn 0.001380 0.999999 -0.000955
vn 0.001793 0.999998 -0.000675
vn 0.027947 0.999318 -0.024154
vn 0.028142 0.999483 -0.015540
vn 0.029723 0.998979 -0.034012
vn 0.001513 0.999999 0.000171
vn 0.001921 0.999997 0.001211
vn 0.001780 0.999997 0.001708
vn 0.029505 0.999528 -0.008575
vn 0.031203 0.999509 -0.002923
vn 0.001433 0.999998 0.001545
vn 0.001198 0.999999 0.000709
vn 0.032648 0.999465 0.002186
vn 0.033147 0.999426 0.006979
vn 0.001214 0.999999 -0.000126
vn 0.001397 0.999999 -0.000485
vn 0.032886 0.999372 0.013164
vn 0.032265 0.999219 0.022833
vn 0.001648 0.999998 -0.000601
vn 0.001886 0.999998 -0.000550
vn 0.030883 0.998951 0.033823
vn 0.028059 0.998600 0.044839
vn 0.002042 0.999998 -0.000348
vn 0.001986 0.999998 0.000009
vn 0.023580 0.998191 0.055310
vn 0.017839 0.997874 0.062687
vn 0.001737 0.999998 0.000402
vn 0.001294 0.999999 0.000771
vn 0.010053 0.997749 0.066304
vn 0.000340 0.997751 0.067034
vn 0.000678 0.999999 0.001043
vn -0.000002 0.999999 0.001138
vn -0.009531 0.997808 0.065494
vn -0.017550 0.997933 0.061826
vn -0.000687 0.999999 0.001064
vn -0.001312 0.999999 0.000784
vn -0.023260 0.998230 0.054733
vn -0.027288 0.998669 0.043769
vn -0.001785 0.999998 0.000399
vn -0.002025 0.999998 0.000002
vn -0.029658 0.999047 0.032027
vn -0.030584 0.999294 0.021834
vn -0.002043 0.999998 -0.000342
vn -0.001870 0.999998 -0.000521
vn -0.030742 0.999439 0.013264
vn -0.030502 0.999510 0.007003
vn -0.001630 0.999999 -0.000607
vn -0.001399 0.999999 -0.000508
vn -0.029828 0.999553 0.001822
vn -0.029021 0.999575 -0.002711
vn -0.001231 0.999999 -0.000241
vn -0.001171 0.999999 0.000018
vn -0.027836 0.999588 -0.007054
vn -0.025555 0.999591 -0.012839
vn -0.001242 0.999999 0.000323
vn -0.001484 0.999999 0.000712
vn -0.023535 0.999520 -0.020146
vn -0.024036 0.999329 -0.027654
vn -0.001835 0.999998 0.000965
vn -0.002165 0.999997 0.000926
vn -0.025213 0.999044 -0.035710
vn -0.024219 0.998646 -0.046034
vn -0.002361 0.999997 0.000650
vn -0.002388 0.999997 0.000243
vn -0.021251 0.998086 -0.058074
vn -0.016349 0.997441 -0.069599
vn -0.002138 0.999998 -0.000223
vn -0.001513 0.999999 -0.000711
vn -0.009397 0.997027 -0.076474
vn -0.000639 0.999999 -0.001030
vn 0.031994 0.998540 -0.043528
vn 0.031281 0.998201 -0.051147
vn 0.001221 0.999999 -0.000624
vn 0.001028 0.999999 -0.000611
vn 0.025225 0.998316 -0.052246
vn 0.001696 0.999999 -0.000495
vn 0.002088 0.999998 -0.000844
vn 0.002676 0.999996 -0.000420
vn 0.000676 0.999999 -0.001108
vn 0.001005 0.999999 -0.001115
vn 0.003150 0.999995 -0.000694
vn 0.004159 0.999991 0.000008
vn 0.002578 0.999994 0.002496
vn 0.002295 0.999992 0.003253
vn 0.001908 0.999998 0.000760
vn 0.002499 0.999996 0.001575
vn 0.004036 0.999977 0.005480
vn 0.003225 0.999973 0.006597
vn 0.001650 0.999995 0.002746
vn 0.001237 0.999999 0.001223
vn 0.001851 0.999987 0.004789
vn 0.001207 0.999999 0.001267
vn 0.001269 0.999999 -0.000266
vn 0.001619 0.999998 -0.001056
vn 0.001453 0.999999 -0.000822
vn 0.002133 0.999995 -0.002322
vn 0.002097 0.999997 -0.001406
vn 0.002535 0.999996 -0.001392
vn 0.003285 0.999990 -0.003097
vn 0.003885 0.999988 -0.002961
vn 0.002804 0.999996 -0.001098
vn 0.002773 0.999996 -0.000558
vn 0.004175 0.999989 -0.002354
vn 0.004101 0.999991 -0.001427
vn 0.002461 0.999997 0.000052
vn 0.001832 0.999998 0.000606
vn 0.003630 0.999993 -0.000485
vn 0.002662 0.999996 0.000348
vn 0.000953 0.999999 0.000993
vn -0.000007 0.999999 0.001125
vn 0.001358 0.999999 0.000932
vn -0.000042 0.999999 0.001106
vn -0.000974 0.999999 0.000994
vn -0.001878 0.999998 0.000592
vn -0.001439 0.999999 0.000871
vn -0.002791 0.999996 0.000272
vn -0.002554 0.999997 0.000031
vn -0.002872 0.999996 -0.000550
vn -0.003807 0.999993 -0.000581
vn -0.004290 0.999990 -0.001494
vn -0.002844 0.999996 -0.001021
vn -0.002531 0.999996 -0.001332
vn -0.004266 0.999988 -0.002237
vn -0.003802 0.999989 -0.002835
vn -0.002088 0.999997 -0.001410
vn -0.001627 0.999998 -0.001112
vn -0.002982 0.999991 -0.003059
vn -0.001963 0.999996 -0.002203
vn -0.001307 0.999999 -0.000556
vn -0.001194 0.999999 0.000049
vn -0.001377 0.999999 -0.001050
vn -0.001229 0.999999 0.000252
vn -0.001332 0.999999 0.000713
vn -0.001774 0.999997 0.001468
vn -0.001535 0.999998 0.001624
vn -0.002419 0.999992 0.003107
vn -0.002411 0.999995 0.002009
vn -0.003001 0.999994 0.002024
vn -0.003727 0.999984 0.004225
vn -0.004870 0.999980 0.003994
vn -0.003349 0.999993 0.001602
vn -0.003425 0.999994 0.000986
vn -0.005238 0.999981 0.003109
vn -0.005205 0.999984 0.002138
vn -0.003061 0.999995 0.000243
vn -0.002147 0.999998 -0.000499
vn -0.004492 0.999990 0.000905
vn -0.003037 0.999995 -0.000208
vn -0.000873 0.999999 -0.000988
vn -0.001156 0.999999 -0.000927
vn 0.001181 0.999999 -0.000447
vn 0.001572 0.999999 -0.000421
vn 0.002168 0.999998 -0.000081
vn 0.001403 0.999999 -0.000266
vn 0.002417 0.999997 -0.000173
vn 0.003602 0.999994 0.000372
s 1
g body:autoUnwrapFaces body:group1 body:pCylinder1 body:polySurface1
usemtl body:blinn1SG
f 589/702/549 2010/2182/550 2751/1462/551 2013/2186/552
f 2010/2182/550 590/703/553 2011/2183/554 2751/1462/551
f 2751/1462/551 2011/2183/554 570/662/555 2012/2184/556
f 2013/2186/552 2751/1462/551 2012/2184/556 569/660/557
f 590/703/553 2014/2187/558 2752/1463/559 2011/2183/554
f 2014/2187/558 591/704/560 2015/2188/561 2752/1463/559
f 2752/1463/559 2015/2188/561 571/664/562 2016/2189/563
f 2011/2183/554 2752/1463/559 2016/2189/563 570/662/555
f 591/704/560 2017/2191/564 2753/1464/565 2015/2188/561
f 2017/2191/564 592/705/566 2018/2192/567 2753/1464/565
f 2753/1464/565 2018/2192/567 572/666/568 2019/2193/569
f 2015/2188/561 2753/1464/565 2019/2193/569 571/664/562
f 592/705/566 2020/2195/570 2754/1465/571 2018/2192/567
f 2020/2195/570 593/706/572 2021/2196/573 2754/1465/571
f 2754/1465/571 2021/2196/573 573/668/574 2022/2198/575
f 2018/2192/567 2754/1465/571 2022/2198/575 572/666/568
f 593/707/572 2023/2200/576 2755/1466/577 2021/2197/573
f 2023/2200/576 594/708/578 2024/2201/579 2755/1466/577
f 2755/1466/577 2024/2201/579 574/672/580 2025/2202/581
f 2021/2197/573 2755/1466/577 2025/2202/581 573/669/574
f 594/708/578 2026/2204/582 2756/1467/583 2024/2201/579
f 2026/2204/582 595/709/584 2027/2205/585 2756/1467/583
f 2756/1467/583 2027/2205/585 575/674/586 2028/2206/587
f 2024/2201/579 2756/1467/583 2028/2206/587 574/672/580
f 595/709/584 2029/2208/588 2757/1468/589 2027/2205/585
f 2029/2208/588 596/710/590 2030/2209/591 2757/1468/589
f 2757/1468/589 2030/2209/591 576/676/592 2031/2210/593
f 2027/2205/585 2757/1468/589 2031/2210/593 575/674/586
f 596/710/590 2032/2212/594 2758/1469/595 2030/2209/591
f 2032/2212/594 597/711/596 2033/2213/597 2758/1469/595
f 2758/1469/595 2033/2213/597 577/678/598 2034/2214/599
f 2030/2209/591 2758/1469/595 2034/2214/599 576/676/592
f 597/711/596 2035/2216/600 2759/1470/601 2033/2213/597
f 2035/2216/600 598/712/602 2036/2217/603 2759/1470/601
f 2759/1470/601 2036/2217/603 578/680/604 2037/2218/605
f 2033/2213/597 2759/1470/601 2037/2218/605 577/678/598
f 598/712/602 2038/2220/606 2760/1471/607 2036/2217/603
f 2038/2220/606 599/713/608 2039/2221/609 2760/1471/607
f 2760/1471/607 2039/2221/609 579/682/610 2040/2222/611
f 2036/2217/603 2760/1471/607 2040/2222/611 578/680/604
f 599/713/608 2041/2224/612 2761/1472/613 2039/2221/609
f 2041/2224/612 600/714/614 2042/2225/615 2761/1472/613
f 2761/1472/613 2042/2225/615 580/684/616 2043/2226/617
f 2039/2221/609 2761/1472/613 2043/2226/617 579/682/610
f 600/714/614 2044/2228/618 2762/1473/619 2042/2225/615
f 2044/2228/618 601/715/620 2045/2229/621 2762/1473/619
f 2762/1473/619 2045/2229/621 581/686/622 2046/2230/623
f 2042/2225/615 2762/1473/619 2046/2230/623 580/684/616
f 601/715/620 2047/2232/624 2763/1474/625 2045/2229/621
f 2047/2232/624 602/716/626 2048/2233/627 2763/1474/625
f 2763/1474/625 2048/2233/627 582/688/628 2049/2234/629
f 2045/2229/621 2763/1474/625 2049/2234/629 581/686/622
f 602/716/626 2050/2236/630 2764/1475/631 2048/2233/627
f 2050/2236/630 603/717/632 2051/2237/633 2764/1475/631
f 2764/1475/631 2051/2237/633 583/690/634 2052/2238/635
f 2048/2233/627 2764/1475/631 2052/2238/635 582/688/628
f 603/717/632 2053/2240/636 2765/1476/637 2051/2237/633
f 2053/2240/636 604/718/638 2054/2241/639 2765/1476/637
f 2765/1476/637 2054/2241/639 584/692/640 2055/2242/641
f 2051/2237/633 2765/1476/637 2055/2242/641 583/690/634
f 604/718/638 2056/2244/642 2766/1477/643 2054/2241/639
f 2056/2244/642 605/719/644 2057/2245/645 2766/1477/643
f 2766/1477/643 2057/2245/645 585/694/646 2058/2246/647
f 2054/2241/639 2766/1477/643 2058/2246/647 584/692/640
f 605/719/644 2059/2248/648 2767/1478/649 2057/2245/645
f 2059/2248/648 606/720/650 2060/2249/651 2767/1478/649
f 2767/1478/649 2060/2249/651 586/696/652 2061/2250/653
f 2057/2245/645 2767/1478/649 2061/2250/653 585/694/646
f 606/720/650 2062/2252/654 2768/1479/655 2060/2249/651
f 2062/2252/654 607/721/656 2063/2253/657 2768/1479/655
f 2768/1479/655 2063/2253/657 587/698/658 2064/2254/659
f 2060/2249/651 2768/1479/655 2064/2254/659 586/696/652
f 607/721/656 2065/2256/660 2769/1480/661 2063/2253/657
f 2065/2256/660 608/722/662 2066/2257/663 2769/1480/661
f 2769/1480/661 2066/2257/663 588/700/664 2067/2258/665
f 2063/2253/657 2769/1480/661 2067/2258/665 587/698/658
f 608/722/662 2068/2260/666 2770/1481/667 2066/2257/663
f 2068/2260/666 589/702/549 2013/2186/552 2770/1481/667
f 2770/1481/667 2013/2186/552 569/660/557 2069/2261/668
f 2066/2257/663 2770/1481/667 2069/2261/668 588/700/664
f 609/723/669 2070/2263/670 2771/1482/671 2073/2267/672
f 2070/2263/670 610/725/673 2071/2265/674 2771/1482/671
f 2771/1482/671 2071/2265/674 748/908/675 2072/2266/676
f 2073/2267/672 2771/1482/671 2072/2266/676 729/888/677
f 610/725/673 2074/2268/678 2772/1483/679 2071/2265/674
f 2074/2268/678 611/727/680 2075/2270/681 2772/1483/679
f 2772/1483/679 2075/2270/681 747/907/682 2076/2271/683
f 2071/2265/674 2772/1483/679 2076/2271/683 748/908/675
f 611/727/680 2077/2272/684 2773/1484/685 2075/2270/681
f 2077/2272/684 612/729/686 2078/2274/687 2773/1484/685
f 2773/1484/685 2078/2274/687 746/906/688 2079/2275/689
f 2075/2270/681 2773/1484/685 2079/2275/689 747/907/682
f 612/729/686 2080/2276/690 2774/1485/691 2078/2274/687
f 2080/2276/690 613/731/692 2081/2278/693 2774/1485/691
f 2774/1485/691 2081/2278/693 745/904/694 2082/2280/695
f 2078/2274/687 2774/1485/691 2082/2280/695 746/906/688
f 613/733/692 2083/2281/696 2775/1486/697 2081/2279/693
f 2083/2281/696 614/734/698 2084/2283/699 2775/1486/697
f 2775/1486/697 2084/2283/699 744/903/700 2085/2284/701
f 2081/2279/693 2775/1486/697 2085/2284/701 745/905/694
f 614/734/698 2086/2285/702 2776/1487/703 2084/2283/699
f 2086/2285/702 615/736/704 2087/2287/705 2776/1487/703
f 2776/1487/703 2087/2287/705 743/902/706 2088/2288/707
f 2084/2283/699 2776/1487/703 2088/2288/707 744/903/700
f 615/736/704 2089/2289/708 2777/1488/709 2087/2287/705
f 2089/2289/708 616/738/710 2090/2291/711 2777/1488/709
f 2777/1488/709 2090/2291/711 742/901/712 2091/2292/713
f 2087/2287/705 2777/1488/709 2091/2292/713 743/902/706
f 616/738/710 2092/2293/714 2778/1489/715 2090/2291/711
f 2092/2293/714 617/740/716 2093/2295/717 2778/1489/715
f 2778/1489/715 2093/2295/717 741/900/718 2094/2296/719
f 2090/2291/711 2778/1489/715 2094/2296/719 742/901/712
f 617/740/716 2095/2297/720 2779/1490/721 2093/2295/717
f 2095/2297/720 618/742/722 2096/2299/723 2779/1490/721
f 2779/1490/721 2096/2299/723 740/899/724 2097/2300/725
f 2093/2295/717 2779/1490/721 2097/2300/725 741/900/718
f 618/742/722 2098/2301/726 2780/1491/727 2096/2299/723
f 2098/2301/726 619/744/728 2099/2303/729 2780/1491/727
f 2780/1491/727 2099/2303/729 739/898/730 2100/2304/731
f 2096/2299/723 2780/1491/727 2100/2304/731 740/899/724
f 619/744/728 2101/2305/732 2781/1492/733 2099/2303/729
f 2101/2305/732 620/746/734 2102/2307/735 2781/1492/733
f 2781/1492/733 2102/2307/735 738/897/736 2103/2308/737
f 2099/2303/729 2781/1492/733 2103/2308/737 739/898/730
f 620/746/734 2104/2309/738 2782/1493/739 2102/2307/735
f 2104/2309/738 621/748/740 2105/2311/741 2782/1493/739
f 2782/1493/739 2105/2311/741 737/896/742 2106/2312/743
f 2102/2307/735 2782/1493/739 2106/2312/743 738/897/736
f 621/748/740 2107/2313/744 2783/1494/745 2105/2311/741
f 2107/2313/744 622/750/746 2108/2315/747 2783/1494/745
f 2783/1494/745 2108/2315/747 736/895/748 2109/2316/749
f 2105/2311/741 2783/1494/745 2109/2316/749 737/896/742
f 622/750/746 2110/2317/750 2784/1495/751 2108/2315/747
f 2110/2317/750 623/752/752 2111/2319/753 2784/1495/751
f 2784/1495/751 2111/2319/753 735/894/754 2112/2320/755
f 2108/2315/747 2784/1495/751 2112/2320/755 736/895/748
f 623/752/752 2113/2321/756 2785/1496/757 2111/2319/753
f 2113/2321/756 624/754/758 2114/2323/759 2785/1496/757
f 2785/1496/757 2114/2323/759 734/893/760 2115/2324/761
f 2111/2319/753 2785/1496/757 2115/2324/761 735/894/754
f 624/754/758 2116/2325/762 2786/1497/763 2114/2323/759
f 2116/2325/762 625/756/764 2117/2327/765 2786/1497/763
f 2786/1497/763 2117/2327/765 733/892/766 2118/2328/767
f 2114/2323/759 2786/1497/763 2118/2328/767 734/893/760
f 625/756/764 2119/2329/768 2787/1498/769 2117/2327/765
f 2119/2329/768 626/758/770 2120/2331/771 2787/1498/769
f 2787/1498/769 2120/2331/771 732/891/772 2121/2332/773
f 2117/2327/765 2787/1498/769 2121/2332/773 733/892/766
f 626/758/770 2122/2333/774 2788/1499/775 2120/2331/771
f 2122/2333/774 627/760/776 2123/2335/777 2788/1499/775
f 2788/1499/775 2123/2335/777 731/890/778 2124/2336/779
f 2120/2331/771 2788/1499/775 2124/2336/779 732/891/772
f 627/760/776 2125/2337/780 2789/1500/781 2123/2335/777
f 2125/2337/780 628/762/782 2126/2339/783 2789/1500/781
f 2789/1500/781 2126/2339/783 730/889/784 2127/2340/785
f 2123/2335/777 2789/1500/781 2127/2340/785 731/890/778
f 628/762/782 2128/2341/786 2790/1501/787 2126/2339/783
f 2128/2341/786 609/723/669 2073/2267/672 2790/1501/787
f 2790/1501/787 2073/2267/672 729/888/677 2129/2343/788
f 2126/2339/783 2790/1501/787 2129/2343/788 730/889/784
f 909/1077/789 2130/2344/790 2791/1502/791 2132/2346/792
f 2130/2344/790 910/1078/793 2131/2345/794 2791/1502/791
f 2791/1502/791 2131/2345/794 610/726/673 2070/2264/670
f 2132/2346/792 2791/1502/791 2070/2264/670 609/724/669
f 910/1078/793 2133/2347/795 2792/1503/796 2131/2345/794
f 2133/2347/795 911/1079/797 2134/2348/798 2792/1503/796
f 2792/1503/796 2134/2348/798 611/728/680 2074/2269/678
f 2131/2345/794 2792/1503/796 2074/2269/678 610/726/673
f 911/1079/797 2135/2349/799 2793/1504/800 2134/2348/798
f 2135/2349/799 912/1080/801 2136/2350/802 2793/1504/800
f 2793/1504/800 2136/2350/802 612/730/686 2077/2273/684
f 2134/2348/798 2793/1504/800 2077/2273/684 611/728/680
f 912/1080/801 2137/2351/803 2794/1505/804 2136/2350/802
f 2137/2351/803 913/1081/805 2138/2352/806 2794/1505/804
f 2794/1505/804 2138/2352/806 613/732/692 2080/2277/690
f 2136/2350/802 2794/1505/804 2080/2277/690 612/730/686
f 913/1081/805 2139/2353/807 2795/1506/808 2138/2352/806
f 2139/2353/807 914/1082/809 2140/2354/810 2795/1506/808
f 2795/1506/808 2140/2354/810 614/735/698 2083/2282/696
f 2138/2352/806 2795/1506/808 2083/2282/696 613/732/692
f 914/1082/809 2141/2355/811 2796/1507/812 2140/2354/810
f 2141/2355/811 915/1083/813 2142/2356/814 2796/1507/812
f 2796/1507/812 2142/2356/814 615/737/704 2086/2286/702
f 2140/2354/810 2796/1507/812 2086/2286/702 614/735/698
f 915/1083/813 2143/2357/815 2797/1508/816 2142/2356/814
f 2143/2357/815 916/1084/817 2144/2358/818 2797/1508/816
f 2797/1508/816 2144/2358/818 616/739/710 2089/2290/708
f 2142/2356/814 2797/1508/816 2089/2290/708 615/737/704
f 916/1084/817 2145/2359/819 2798/1509/820 2144/2358/818
f 2145/2359/819 917/1085/821 2146/2360/822 2798/1509/820
f 2798/1509/820 2146/2360/822 617/741/716 2092/2294/714
f 2144/2358/818 2798/1509/820 2092/2294/714 616/739/710
f 917/1085/821 2147/2361/823 2799/1510/824 2146/2360/822
f 2147/2361/823 918/1086/825 2148/2362/826 2799/1510/824
f 2799/1510/824 2148/2362/826 618/743/722 2095/2298/720
f 2146/2360/822 2799/1510/824 2095/2298/720 617/741/716
f 918/1086/825 2149/2363/827 2800/1511/828 2148/2362/826
f 2149/2363/827 919/1087/829 2150/2364/830 2800/1511/828
f 2800/1511/828 2150/2364/830 619/745/728 2098/2302/726
f 2148/2362/826 2800/1511/828 2098/2302/726 618/743/722
f 919/1087/829 2151/2365/831 2801/1512/832 2150/2364/830
f 2151/2365/831 920/1088/833 2152/2366/834 2801/1512/832
f 2801/1512/832 2152/2366/834 620/747/734 2101/2306/732
f 2150/2364/830 2801/1512/832 2101/2306/732 619/745/728
f 920/1088/833 2153/2367/835 2802/1513/836 2152/2366/834
f 2153/2367/835 921/1089/837 2154/2368/838 2802/1513/836
f 2802/1513/836 2154/2368/838 621/749/740 2104/2310/738
f 2152/2366/834 2802/1513/836 2104/2310/738 620/747/734
f 921/1089/837 2155/2369/839 2803/1514/840 2154/2368/838
f 2155/2369/839 922/1090/841 2156/2370/842 2803/1514/840
f 2803/1514/840 2156/2370/842 622/751/746 2107/2314/744
f 2154/2368/838 2803/1514/840 2107/2314/744 621/749/740
f 922/1090/841 2157/2371/843 2804/1515/844 2156/2370/842
f 2157/2371/843 923/1091/845 2158/2372/846 2804/1515/844
f 2804/1515/844 2158/2372/846 623/753/752 2110/2318/750
f 2156/2370/842 2804/1515/844 2110/2318/750 622/751/746
f 923/1091/845 2159/2373/847 2805/1516/848 2158/2372/846
f 2159/2373/847 924/1092/849 2160/2374/850 2805/1516/848
f 2805/1516/848 2160/2374/850 624/755/758 2113/2322/756
f 2158/2372/846 2805/1516/848 2113/2322/756 623/753/752
f 924/1092/849 2161/2375/851 2806/1517/852 2160/2374/850
f 2161/2375/851 925/1093/853 2162/2376/854 2806/1517/852
f 2806/1517/852 2162/2376/854 625/757/764 2116/2326/762
f 2160/2374/850 2806/1517/852 2116/2326/762 624/755/758
f 925/1093/853 2163/2377/855 2807/1518/856 2162/2376/854
f 2163/2377/855 926/1094/857 2164/2378/858 2807/1518/856
f 2807/1518/856 2164/2378/858 626/759/770 2119/2330/768
f 2162/2376/854 2807/1518/856 2119/2330/768 625/757/764
f 926/1094/857 2165/2379/859 2808/1519/860 2164/2378/858
f 2165/2379/859 927/1095/861 2166/2380/862 2808/1519/860
f 2808/1519/860 2166/2380/862 627/761/776 2122/2334/774
f 2164/2378/858 2808/1519/860 2122/2334/774 626/759/770
f 927/1095/861 2167/2381/863 2809/1520/864 2166/2380/862
f 2167/2381/863 928/1096/865 2168/2382/866 2809/1520/864
f 2809/1520/864 2168/2382/866 628/763/782 2125/2338/780
f 2166/2380/862 2809/1520/864 2125/2338/780 627/761/776
f 928/1096/865 2169/2383/867 2810/1521/868 2168/2382/866
f 2169/2383/867 909/1077/789 2132/2346/792 2810/1521/868
f 2810/1521/868 2132/2346/792 609/724/669 2128/2342/786
f 2168/2382/866 2810/1521/868 2128/2342/786 628/763/782
f 1126/1298/869 2170/2384/870 2811/1522/871 2173/2387/872
f 2170/2384/870 1127/1299/873 2171/2385/874 2811/1522/871
f 2811/1522/871 2171/2385/874 1149/1321/875 2172/2386/876
f 2173/2387/872 2811/1522/871 2172/2386/876 1150/1322/877
f 1169/1341/878 2174/2388/879 2812/1523/880 2178/2392/881
f 1170/1342/882 2175/2389/883 2812/1523/880 2174/2388/879
f 1171/1343/884 2176/2390/885 2812/1523/880 2175/2389/883
f 1172/1344/886 2177/2391/887 2812/1523/880 2176/2390/885
f 1173/1345/888 2178/2392/881 2812/1523/880 2177/2391/887
f 1166/1338/889 2179/2393/890 2813/1524/891 2182/2396/892
f 2179/2393/890 1167/1339/893 2180/2394/894 2813/1524/891
f 2813/1524/891 2180/2394/894 1109/1281/895 2181/2395/896
f 2182/2396/892 2813/1524/891 2181/2395/896 1110/1282/897
f 1157/1329/898 2183/2397/899 2814/1525/900 2186/2400/901
f 2183/2397/899 1158/1330/902 2184/2398/903 2814/1525/900
f 2814/1525/900 2184/2398/903 1118/1290/904 2185/2399/905
f 2186/2400/901 2814/1525/900 2185/2399/905 1119/1291/906
f 1156/1328/907 2187/2401/908 2815/1526/909 2189/2403/910
f 2187/2401/908 1157/1329/898 2186/2400/901 2815/1526/909
f 2815/1526/909 2186/2400/901 1119/1291/906 2188/2402/911
f 2189/2403/910 2815/1526/909 2188/2402/911 1120/1292/912
f 1155/1327/913 2190/2404/914 2816/1527/915 2192/2406/916
f 2190/2404/914 1156/1328/907 2189/2403/910 2816/1527/915
f 2816/1527/915 2189/2403/910 1120/1292/912 2191/2405/917
f 2192/2406/916 2816/1527/915 2191/2405/917 1121/1293/918
f 1154/1326/919 2193/2407/920 2817/1528/921 2195/2409/922
f 2193/2407/920 1155/1327/913 2192/2406/916 2817/1528/921
f 2817/1528/921 2192/2406/916 1121/1293/918 2194/2408/923
f 2195/2409/922 2817/1528/921 2194/2408/923 1122/1294/924
f 1153/1325/925 2196/2410/926 2818/1529/927 2198/2412/928
f 2196/2410/926 1154/1326/919 2195/2409/922 2818/1529/927
f 2818/1529/927 2195/2409/922 1122/1294/924 2197/2411/929
f 2198/2412/928 2818/1529/927 2197/2411/929 1123/1295/930
f 1152/1324/931 2199/2413/932 2819/1530/933 2201/2415/934
f 2199/2413/932 1153/1325/925 2198/2412/928 2819/1530/933
f 2819/1530/933 2198/2412/928 1123/1295/930 2200/2414/935
f 2201/2415/934 2819/1530/933 2200/2414/935 1124/1296/936
f 1150/1322/877 2202/2416/937 2820/1531/938 2173/2387/872
f 2202/2416/937 1151/1323/939 2203/2417/940 2820/1531/938
f 2820/1531/938 2203/2417/940 1125/1297/941 2204/2418/942
f 2173/2387/872 2820/1531/938 2204/2418/942 1126/1298/869
f 948/1116/943 2205/2419/944 2821/1532/945 2208/2422/946
f 2205/2419/944 929/1097/947 2206/2420/948 2821/1532/945
f 2821/1532/945 2206/2420/948 629/764/949 2207/2421/950
f 2208/2422/946 2821/1532/945 2207/2421/950 630/765/951
f 947/1115/952 2209/2423/953 2822/1533/954 2211/2425/955
f 2209/2423/953 948/1116/943 2208/2422/946 2822/1533/954
f 2822/1533/954 2208/2422/946 630/765/951 2210/2424/956
f 2211/2425/955 2822/1533/954 2210/2424/956 631/766/957
f 946/1114/958 2212/2426/959 2823/1534/960 2214/2428/961
f 2212/2426/959 947/1115/952 2211/2425/955 2823/1534/960
f 2823/1534/960 2211/2425/955 631/766/957 2213/2427/962
f 2214/2428/961 2823/1534/960 2213/2427/962 632/767/963
f 945/1113/964 2215/2429/965 2824/1535/966 2217/2431/967
f 2215/2429/965 946/1114/958 2214/2428/961 2824/1535/966
f 2824/1535/966 2214/2428/961 632/767/963 2216/2430/968
f 2217/2431/967 2824/1535/966 2216/2430/968 633/768/969
f 944/1112/970 2218/2432/971 2825/1536/972 2220/2434/973
f 2218/2432/971 945/1113/964 2217/2431/967 2825/1536/972
f 2825/1536/972 2217/2431/967 633/768/969 2219/2433/974
f 2220/2434/973 2825/1536/972 2219/2433/974 634/769/975
f 943/1111/976 2221/2435/977 2826/1537/978 2223/2437/979
f 2221/2435/977 944/1112/970 2220/2434/973 2826/1537/978
f 2826/1537/978 2220/2434/973 634/769/975 2222/2436/980
f 2223/2437/979 2826/1537/978 2222/2436/980 635/770/981
f 942/1110/982 2224/2438/983 2827/1538/984 2226/2440/985
f 2224/2438/983 943/1111/976 2223/2437/979 2827/1538/984
f 2827/1538/984 2223/2437/979 635/770/981 2225/2439/986
f 2226/2440/985 2827/1538/984 2225/2439/986 636/771/987
f 941/1109/988 2227/2441/989 2828/1539/990 2229/2443/991
f 2227/2441/989 942/1110/982 2226/2440/985 2828/1539/990
f 2828/1539/990 2226/2440/985 636/771/987 2228/2442/992
f 2229/2443/991 2828/1539/990 2228/2442/992 637/772/993
f 940/1108/994 2230/2444/995 2829/1540/996 2232/2446/997
f 2230/2444/995 941/1109/988 2229/2443/991 2829/1540/996
f 2829/1540/996 2229/2443/991 637/772/993 2231/2445/998
f 2232/2446/997 2829/1540/996 2231/2445/998 638/773/999
f 939/1107/1000 2233/2447/1001 2830/1541/1002 2235/2449/1003
f 2233/2447/1001 940/1108/994 2232/2446/997 2830/1541/1002
f 2830/1541/1002 2232/2446/997 638/773/999 2234/2448/1004
f 2235/2449/1003 2830/1541/1002 2234/2448/1004 639/774/1005
f 938/1106/1006 2236/2450/1007 2831/1542/1008 2238/2452/1009
f 2236/2450/1007 939/1107/1000 2235/2449/1003 2831/1542/1008
f 2831/1542/1008 2235/2449/1003 639/774/1005 2237/2451/1010
f 2238/2452/1009 2831/1542/1008 2237/2451/1010 640/775/1011
f 937/1105/1012 2239/2453/1013 2832/1543/1014 2241/2455/1015
f 2239/2453/1013 938/1106/1006 2238/2452/1009 2832/1543/1014
f 2832/1543/1014 2238/2452/1009 640/775/1011 2240/2454/1016
f 2241/2455/1015 2832/1543/1014 2240/2454/1016 641/776/1017
f 936/1104/1018 2242/2456/1019 2833/1544/1020 2244/2458/1021
f 2242/2456/1019 937/1105/1012 2241/2455/1015 2833/1544/1020
f 2833/1544/1020 2241/2455/1015 641/776/1017 2243/2457/1022
f 2244/2458/1021 2833/1544/1020 2243/2457/1022 642/777/1023
f 935/1103/1024 2245/2459/1025 2834/1545/1026 2247/2461/1027
f 2245/2459/1025 936/1104/1018 2244/2458/1021 2834/1545/1026
f 2834/1545/1026 2244/2458/1021 642/777/1023 2246/2460/1028
f 2247/2461/1027 2834/1545/1026 2246/2460/1028 643/778/1029
f 934/1102/1030 2248/2462/1031 2835/1546/1032 2250/2464/1033
f 2248/2462/1031 935/1103/1024 2247/2461/1027 2835/1546/1032
f 2835/1546/1032 2247/2461/1027 643/778/1029 2249/2463/1034
f 2250/2464/1033 2835/1546/1032 2249/2463/1034 644/779/1035
f 933/1101/1036 2251/2465/1037 2836/1547/1038 2253/2467/1039
f 2251/2465/1037 934/1102/1030 2250/2464/1033 2836/1547/1038
f 2836/1547/1038 2250/2464/1033 644/779/1035 2252/2466/1040
f 2253/2467/1039 2836/1547/1038 2252/2466/1040 645/780/1041
f 932/1100/1042 2254/2468/1043 2837/1548/1044 2256/2470/1045
f 2254/2468/1043 933/1101/1036 2253/2467/1039 2837/1548/1044
f 2837/1548/1044 2253/2467/1039 645/780/1041 2255/2469/1046
f 2256/2470/1045 2837/1548/1044 2255/2469/1046 646/781/1047
f 931/1099/1048 2257/2471/1049 2838/1549/1050 2259/2473/1051
f 2257/2471/1049 932/1100/1042 2256/2470/1045 2838/1549/1050
f 2838/1549/1050 2256/2470/1045 646/781/1047 2258/2472/1052
f 2259/2473/1051 2838/1549/1050 2258/2472/1052 647/782/1053
f 930/1098/1054 2260/2474/1055 2839/1550/1056 2262/2476/1057
f 2260/2474/1055 931/1099/1048 2259/2473/1051 2839/1550/1056
f 2839/1550/1056 2259/2473/1051 647/782/1053 2261/2475/1058
f 2262/2476/1057 2839/1550/1056 2261/2475/1058 648/783/1059
f 929/1097/947 2263/2477/1060 2840/1551/1061 2206/2420/948
f 2263/2477/1060 930/1098/1054 2262/2476/1057 2840/1551/1061
f 2840/1551/1061 2262/2476/1057 648/783/1059 2264/2478/1062
f 2206/2420/948 2840/1551/1061 2264/2478/1062 629/764/949
f 1028/1199/1063 2265/2479/1064 2841/1552/1065 2268/2482/1066
f 2265/2479/1064 1009/1179/1067 2266/2480/1068 2841/1552/1065
f 2841/1552/1065 2266/2480/1068 671/807/1069 2267/2481/1070
f 2268/2482/1066 2841/1552/1065 2267/2481/1070 672/808/1071
f 1009/1179/1067 2269/2483/1072 2842/1553/1073 2266/2480/1068
f 2269/2483/1072 1010/1180/1074 2270/2484/1075 2842/1553/1073
f 2842/1553/1073 2270/2484/1075 674/810/1076 2271/2485/1077
f 2266/2480/1068 2842/1553/1073 2271/2485/1077 671/807/1069
f 1010/1180/1074 2272/2486/1078 2843/1554/1079 2270/2484/1075
f 2272/2486/1078 1011/1181/1080 2273/2487/1081 2843/1554/1079
f 2843/1554/1079 2273/2487/1081 676/812/1082 2274/2488/1083
f 2270/2484/1075 2843/1554/1079 2274/2488/1083 674/810/1076
f 1011/1181/1080 2275/2489/1084 2844/1555/1085 2273/2487/1081
f 2275/2489/1084 1012/1182/1086 2276/2490/1087 2844/1555/1085
f 2844/1555/1085 2276/2490/1087 678/815/1088 2277/2492/1089
f 2273/2487/1081 2844/1555/1085 2277/2492/1089 676/812/1082
f 1012/1183/1086 2278/2493/1090 2845/1556/1091 2276/2491/1087
f 2278/2493/1090 1013/1184/1092 2279/2494/1093 2845/1556/1091
f 2845/1556/1091 2279/2494/1093 680/818/1094 2280/2495/1095
f 2276/2491/1087 2845/1556/1091 2280/2495/1095 678/816/1088
f 1013/1184/1092 2281/2496/1096 2846/1557/1097 2279/2494/1093
f 2281/2496/1096 1014/1185/1098 2282/2497/1099 2846/1557/1097
f 2846/1557/1097 2282/2497/1099 682/820/1100 2283/2498/1101
f 2279/2494/1093 2846/1557/1097 2283/2498/1101 680/818/1094
f 1014/1185/1098 2284/2499/1102 2847/1558/1103 2282/2497/1099
f 2284/2499/1102 1015/1186/1104 2285/2500/1105 2847/1558/1103
f 2847/1558/1103 2285/2500/1105 684/822/1106 2286/2501/1107
f 2282/2497/1099 2847/1558/1103 2286/2501/1107 682/820/1100
f 1015/1186/1104 2287/2502/1108 2848/1559/1109 2285/2500/1105
f 2287/2502/1108 1016/1187/1110 2288/2503/1111 2848/1559/1109
f 2848/1559/1109 2288/2503/1111 686/824/1112 2289/2504/1113
f 2285/2500/1105 2848/1559/1109 2289/2504/1113 684/822/1106
f 1016/1187/1110 2290/2505/1114 2849/1560/1115 2288/2503/1111
f 2290/2505/1114 1017/1188/1116 2291/2506/1117 2849/1560/1115
f 2849/1560/1115 2291/2506/1117 688/826/1118 2292/2507/1119
f 2288/2503/1111 2849/1560/1115 2292/2507/1119 686/824/1112
f 1017/1188/1116 2293/2508/1120 2850/1561/1121 2291/2506/1117
f 2293/2508/1120 1018/1189/1122 2294/2509/1123 2850/1561/1121
f 2850/1561/1121 2294/2509/1123 690/828/1124 2295/2510/1125
f 2291/2506/1117 2850/1561/1121 2295/2510/1125 688/826/1118
f 1018/1189/1122 2296/2511/1126 2851/1562/1127 2294/2509/1123
f 2296/2511/1126 1019/1190/1128 2297/2512/1129 2851/1562/1127
f 2851/1562/1127 2297/2512/1129 692/830/1130 2298/2513/1131
f 2294/2509/1123 2851/1562/1127 2298/2513/1131 690/828/1124
f 1019/1190/1128 2299/2514/1132 2852/1563/1133 2297/2512/1129
f 2299/2514/1132 1020/1191/1134 2300/2515/1135 2852/1563/1133
f 2852/1563/1133 2300/2515/1135 694/832/1136 2301/2516/1137
f 2297/2512/1129 2852/1563/1133 2301/2516/1137 692/830/1130
f 1020/1191/1134 2302/2517/1138 2853/1564/1139 2300/2515/1135
f 2302/2517/1138 1021/1192/1140 2303/2518/1141 2853/1564/1139
f 2853/1564/1139 2303/2518/1141 696/834/1142 2304/2519/1143
f 2300/2515/1135 2853/1564/1139 2304/2519/1143 694/832/1136
f 1021/1192/1140 2305/2520/1144 2854/1565/1145 2303/2518/1141
f 2305/2520/1144 1022/1193/1146 2306/2521/1147 2854/1565/1145
f 2854/1565/1145 2306/2521/1147 698/836/1148 2307/2522/1149
f 2303/2518/1141 2854/1565/1145 2307/2522/1149 696/834/1142
f 1022/1193/1146 2308/2523/1150 2855/1566/1151 2306/2521/1147
f 2308/2523/1150 1023/1194/1152 2309/2524/1153 2855/1566/1151
f 2855/1566/1151 2309/2524/1153 700/838/1154 2310/2525/1155
f 2306/2521/1147 2855/1566/1151 2310/2525/1155 698/836/1148
f 1023/1194/1152 2311/2526/1156 2856/1567/1157 2309/2524/1153
f 2311/2526/1156 1024/1195/1158 2312/2527/1159 2856/1567/1157
f 2856/1567/1157 2312/2527/1159 702/840/1160 2313/2528/1161
f 2309/2524/1153 2856/1567/1157 2313/2528/1161 700/838/1154
f 1024/1195/1158 2314/2529/1162 2857/1568/1163 2312/2527/1159
f 2314/2529/1162 1025/1196/1164 2315/2530/1165 2857/1568/1163
f 2857/1568/1163 2315/2530/1165 704/842/1166 2316/2531/1167
f 2312/2527/1159 2857/1568/1163 2316/2531/1167 702/840/1160
f 1025/1196/1164 2317/2532/1168 2858/1569/1169 2315/2530/1165
f 2317/2532/1168 1026/1197/1170 2318/2533/1171 2858/1569/1169
f 2858/1569/1169 2318/2533/1171 706/844/1172 2319/2534/1173
f 2315/2530/1165 2858/1569/1169 2319/2534/1173 704/842/1166
f 1026/1197/1170 2320/2535/1174 2859/1570/1175 2318/2533/1171
f 2320/2535/1174 1027/1198/1176 2321/2536/1177 2859/1570/1175
f 2859/1570/1175 2321/2536/1177 708/846/1178 2322/2537/1179
f 2318/2533/1171 2859/1570/1175 2322/2537/1179 706/844/1172
f 1027/1198/1176 2323/2538/1180 2860/1571/1181 2321/2536/1177
f 2323/2538/1180 1028/1199/1063 2268/2482/1066 2860/1571/1181
f 2860/1571/1181 2268/2482/1066 672/808/1071 2324/2539/1182
f 2321/2536/1177 2860/1571/1181 2324/2539/1182 708/846/1178
f 889/1056/1183 2325/2540/1184 2861/1572/1185 2328/2543/1186
f 2325/2540/1184 890/1057/1187 2326/2541/1188 2861/1572/1185
f 2861/1572/1185 2326/2541/1188 1008/1178/1189 2327/2542/1190
f 2328/2543/1186 2861/1572/1185 2327/2542/1190 989/1158/1191
f 969/1137/1192 2329/2544/1193 2862/1573/1194 2331/2546/1195
f 2329/2544/1193 970/1138/1196 2330/2545/1197 2862/1573/1194
f 2862/1573/1194 2330/2545/1197 672/808/1071 2267/2481/1070
f 2331/2546/1195 2862/1573/1194 2267/2481/1070 671/807/1069
f 890/1057/1187 2332/2547/1198 2863/1574/1199 2326/2541/1188
f 2332/2547/1198 891/1058/1200 2333/2548/1201 2863/1574/1199
f 2863/1574/1199 2333/2548/1201 1007/1177/1202 2334/2549/1203
f 2326/2541/1188 2863/1574/1199 2334/2549/1203 1008/1178/1189
f 988/1157/1204 2335/2550/1205 2864/1575/1206 2336/2551/1207
f 2335/2550/1205 969/1137/1192 2331/2546/1195 2864/1575/1206
f 2864/1575/1206 2331/2546/1195 671/807/1069 2271/2485/1077
f 2336/2551/1207 2864/1575/1206 2271/2485/1077 674/810/1076
f 891/1058/1200 2337/2552/1208 2865/1576/1209 2333/2548/1201
f 2337/2552/1208 892/1059/1210 2338/2553/1211 2865/1576/1209
f 2865/1576/1209 2338/2553/1211 1006/1176/1212 2339/2554/1213
f 2333/2548/1201 2865/1576/1209 2339/2554/1213 1007/1177/1202
f 987/1156/1214 2340/2555/1215 2866/1577/1216 2341/2556/1217
f 2340/2555/1215 988/1157/1204 2336/2551/1207 2866/1577/1216
f 2866/1577/1216 2336/2551/1207 674/810/1076 2274/2488/1083
f 2341/2556/1217 2866/1577/1216 2274/2488/1083 676/812/1082
f 892/1059/1210 2342/2557/1218 2867/1578/1219 2338/2553/1211
f 2342/2557/1218 893/1060/1220 2343/2558/1221 2867/1578/1219
f 2867/1578/1219 2343/2558/1221 1005/1174/1222 2344/2560/1223
f 2338/2553/1211 2867/1578/1219 2344/2560/1223 1006/1176/1212
f 986/1154/1224 2345/2561/1225 2868/1579/1226 2346/2562/1227
f 2345/2561/1225 987/1156/1214 2341/2556/1217 2868/1579/1226
f 2868/1579/1226 2341/2556/1217 676/812/1082 2277/2492/1089
f 2346/2562/1227 2868/1579/1226 2277/2492/1089 678/815/1088
f 893/1061/1220 2347/2564/1228 2869/1580/1229 2343/2559/1221
f 2347/2564/1228 894/1062/1230 2348/2565/1231 2869/1580/1229
f 2869/1580/1229 2348/2565/1231 1004/1173/1232 2349/2566/1233
f 2343/2559/1221 2869/1580/1229 2349/2566/1233 1005/1175/1222
f 985/1153/1234 2350/2567/1235 2870/1581/1236 2351/2568/1237
f 2350/2567/1235 986/1155/1224 2346/2563/1227 2870/1581/1236
f 2870/1581/1236 2346/2563/1227 678/816/1088 2280/2495/1095
f 2351/2568/1237 2870/1581/1236 2280/2495/1095 680/818/1094
f 894/1062/1230 2352/2569/1238 2871/1582/1239 2348/2565/1231
f 2352/2569/1238 895/1063/1240 2353/2570/1241 2871/1582/1239
f 2871/1582/1239 2353/2570/1241 1003/1172/1242 2354/2571/1243
f 2348/2565/1231 2871/1582/1239 2354/2571/1243 1004/1173/1232
f 984/1152/1244 2355/2572/1245 2872/1583/1246 2356/2573/1247
f 2355/2572/1245 985/1153/1234 2351/2568/1237 2872/1583/1246
f 2872/1583/1246 2351/2568/1237 680/818/1094 2283/2498/1101
f 2356/2573/1247 2872/1583/1246 2283/2498/1101 682/820/1100
f 895/1063/1240 2357/2574/1248 2873/1584/1249 2353/2570/1241
f 2357/2574/1248 896/1064/1250 2358/2575/1251 2873/1584/1249
f 2873/1584/1249 2358/2575/1251 1002/1171/1252 2359/2576/1253
f 2353/2570/1241 2873/1584/1249 2359/2576/1253 1003/1172/1242
f 983/1151/1254 2360/2577/1255 2874/1585/1256 2361/2578/1257
f 2360/2577/1255 984/1152/1244 2356/2573/1247 2874/1585/1256
f 2874/1585/1256 2356/2573/1247 682/820/1100 2286/2501/1107
f 2361/2578/1257 2874/1585/1256 2286/2501/1107 684/822/1106
f 896/1064/1250 2362/2579/1258 2875/1586/1259 2358/2575/1251
f 2362/2579/1258 897/1065/1260 2363/2580/1261 2875/1586/1259
f 2875/1586/1259 2363/2580/1261 1001/1170/1262 2364/2581/1263
f 2358/2575/1251 2875/1586/1259 2364/2581/1263 1002/1171/1252
f 982/1150/1264 2365/2582/1265 2876/1587/1266 2366/2583/1267
f 2365/2582/1265 983/1151/1254 2361/2578/1257 2876/1587/1266
f 2876/1587/1266 2361/2578/1257 684/822/1106 2289/2504/1113
f 2366/2583/1267 2876/1587/1266 2289/2504/1113 686/824/1112
f 897/1065/1260 2367/2584/1268 2877/1588/1269 2363/2580/1261
f 2367/2584/1268 898/1066/1270 2368/2585/1271 2877/1588/1269
f 2877/1588/1269 2368/2585/1271 1000/1169/1272 2369/2586/1273
f 2363/2580/1261 2877/1588/1269 2369/2586/1273 1001/1170/1262
f 981/1149/1274 2370/2587/1275 2878/1589/1276 2371/2588/1277
f 2370/2587/1275 982/1150/1264 2366/2583/1267 2878/1589/1276
f 2878/1589/1276 2366/2583/1267 686/824/1112 2292/2507/1119
f 2371/2588/1277 2878/1589/1276 2292/2507/1119 688/826/1118
f 898/1066/1270 2372/2589/1278 2879/1590/1279 2368/2585/1271
f 2372/2589/1278 899/1067/1280 2373/2590/1281 2879/1590/1279
f 2879/1590/1279 2373/2590/1281 999/1168/1282 2374/2591/1283
f 2368/2585/1271 2879/1590/1279 2374/2591/1283 1000/1169/1272
f 980/1148/1284 2375/2592/1285 2880/1591/1286 2376/2593/1287
f 2375/2592/1285 981/1149/1274 2371/2588/1277 2880/1591/1286
f 2880/1591/1286 2371/2588/1277 688/826/1118 2295/2510/1125
f 2376/2593/1287 2880/1591/1286 2295/2510/1125 690/828/1124
f 899/1067/1280 2377/2594/1288 2881/1592/1289 2373/2590/1281
f 2377/2594/1288 900/1068/1290 2378/2595/1291 2881/1592/1289
f 2881/1592/1289 2378/2595/1291 998/1167/1292 2379/2596/1293
f 2373/2590/1281 2881/1592/1289 2379/2596/1293 999/1168/1282
f 979/1147/1294 2380/2597/1295 2882/1593/1296 2381/2598/1297
f 2380/2597/1295 980/1148/1284 2376/2593/1287 2882/1593/1296
f 2882/1593/1296 2376/2593/1287 690/828/1124 2298/2513/1131
f 2381/2598/1297 2882/1593/1296 2298/2513/1131 692/830/1130
f 900/1068/1290 2382/2599/1298 2883/1594/1299 2378/2595/1291
f 2382/2599/1298 901/1069/1300 2383/2600/1301 2883/1594/1299
f 2883/1594/1299 2383/2600/1301 997/1166/1302 2384/2601/1303
f 2378/2595/1291 2883/1594/1299 2384/2601/1303 998/1167/1292
f 978/1146/1304 2385/2602/1305 2884/1595/1306 2386/2603/1307
f 2385/2602/1305 979/1147/1294 2381/2598/1297 2884/1595/1306
f 2884/1595/1306 2381/2598/1297 692/830/1130 2301/2516/1137
f 2386/2603/1307 2884/1595/1306 2301/2516/1137 694/832/1136
f 901/1069/1300 2387/2604/1308 2885/1596/1309 2383/2600/1301
f 2387/2604/1308 902/1070/1310 2388/2605/1311 2885/1596/1309
f 2885/1596/1309 2388/2605/1311 996/1165/1312 2389/2606/1313
f 2383/2600/1301 2885/1596/1309 2389/2606/1313 997/1166/1302
f 977/1145/1314 2390/2607/1315 2886/1597/1316 2391/2608/1317
f 2390/2607/1315 978/1146/1304 2386/2603/1307 2886/1597/1316
f 2886/1597/1316 2386/2603/1307 694/832/1136 2304/2519/1143
f 2391/2608/1317 2886/1597/1316 2304/2519/1143 696/834/1142
f 902/1070/1310 2392/2609/1318 2887/1598/1319 2388/2605/1311
f 2392/2609/1318 903/1071/1320 2393/2610/1321 2887/1598/1319
f 2887/1598/1319 2393/2610/1321 995/1164/1322 2394/2611/1323
f 2388/2605/1311 2887/1598/1319 2394/2611/1323 996/1165/1312
f 976/1144/1324 2395/2612/1325 2888/1599/1326 2396/2613/1327
f 2395/2612/1325 977/1145/1314 2391/2608/1317 2888/1599/1326
f 2888/1599/1326 2391/2608/1317 696/834/1142 2307/2522/1149
f 2396/2613/1327 2888/1599/1326 2307/2522/1149 698/836/1148
f 903/1071/1320 2397/2614/1328 2889/1600/1329 2393/2610/1321
f 2397/2614/1328 904/1072/1330 2398/2615/1331 2889/1600/1329
f 2889/1600/1329 2398/2615/1331 994/1163/1332 2399/2616/1333
f 2393/2610/1321 2889/1600/1329 2399/2616/1333 995/1164/1322
f 975/1143/1334 2400/2617/1335 2890/1601/1336 2401/2618/1337
f 2400/2617/1335 976/1144/1324 2396/2613/1327 2890/1601/1336
f 2890/1601/1336 2396/2613/1327 698/836/1148 2310/2525/1155
f 2401/2618/1337 2890/1601/1336 2310/2525/1155 700/838/1154
f 904/1072/1330 2402/2619/1338 2891/1602/1339 2398/2615/1331
f 2402/2619/1338 905/1073/1340 2403/2620/1341 2891/1602/1339
f 2891/1602/1339 2403/2620/1341 993/1162/1342 2404/2621/1343
f 2398/2615/1331 2891/1602/1339 2404/2621/1343 994/1163/1332
f 974/1142/1344 2405/2622/1345 2892/1603/1346 2406/2623/1347
f 2405/2622/1345 975/1143/1334 2401/2618/1337 2892/1603/1346
f 2892/1603/1346 2401/2618/1337 700/838/1154 2313/2528/1161
f 2406/2623/1347 2892/1603/1346 2313/2528/1161 702/840/1160
f 905/1073/1340 2407/2624/1348 2893/1604/1349 2403/2620/1341
f 2407/2624/1348 906/1074/1350 2408/2625/1351 2893/1604/1349
f 2893/1604/1349 2408/2625/1351 992/1161/1352 2409/2626/1353
f 2403/2620/1341 2893/1604/1349 2409/2626/1353 993/1162/1342
f 973/1141/1354 2410/2627/1355 2894/1605/1356 2411/2628/1357
f 2410/2627/1355 974/1142/1344 2406/2623/1347 2894/1605/1356
f 2894/1605/1356 2406/2623/1347 702/840/1160 2316/2531/1167
f 2411/2628/1357 2894/1605/1356 2316/2531/1167 704/842/1166
f 906/1074/1350 2412/2629/1358 2895/1606/1359 2408/2625/1351
f 2412/2629/1358 907/1075/1360 2413/2630/1361 2895/1606/1359
f 2895/1606/1359 2413/2630/1361 991/1160/1362 2414/2631/1363
f 2408/2625/1351 2895/1606/1359 2414/2631/1363 992/1161/1352
f 972/1140/1364 2415/2632/1365 2896/1607/1366 2416/2633/1367
f 2415/2632/1365 973/1141/1354 2411/2628/1357 2896/1607/1366
f 2896/1607/1366 2411/2628/1357 704/842/1166 2319/2534/1173
f 2416/2633/1367 2896/1607/1366 2319/2534/1173 706/844/1172
f 907/1075/1360 2417/2634/1368 2897/1608/1369 2413/2630/1361
f 2417/2634/1368 908/1076/1370 2418/2635/1371 2897/1608/1369
f 2897/1608/1369 2418/2635/1371 990/1159/1372 2419/2636/1373
f 2413/2630/1361 2897/1608/1369 2419/2636/1373 991/1160/1362
f 971/1139/1374 2420/2637/1375 2898/1609/1376 2421/2638/1377
f 2420/2637/1375 972/1140/1364 2416/2633/1367 2898/1609/1376
f 2898/1609/1376 2416/2633/1367 706/844/1172 2322/2537/1179
f 2421/2638/1377 2898/1609/1376 2322/2537/1179 708/846/1178
f 908/1076/1370 2422/2639/1378 2899/1610/1379 2418/2635/1371
f 2422/2639/1378 889/1056/1183 2328/2543/1186 2899/1610/1379
f 2899/1610/1379 2328/2543/1186 989/1158/1191 2423/2640/1380
f 2418/2635/1371 2899/1610/1379 2423/2640/1380 990/1159/1372
f 970/1138/1196 2424/2641/1381 2900/1611/1382 2330/2545/1197
f 2424/2641/1381 971/1139/1374 2421/2638/1377 2900/1611/1382
f 2900/1611/1382 2421/2638/1377 708/846/1178 2324/2539/1182
f 2330/2545/1197 2900/1611/1382 2324/2539/1182 672/808/1071
f 849/1014/1383 2425/2642/1384 2901/1612/1385 2428/2645/1386
f 2425/2642/1384 850/1015/1387 2426/2643/1388 2901/1612/1385
f 2901/1612/1385 2426/2643/1388 888/1055/1389 2427/2644/1390
f 2428/2645/1386 2901/1612/1385 2427/2644/1390 869/1035/1391
f 850/1015/1387 2429/2646/1392 2902/1613/1393 2426/2643/1388
f 2429/2646/1392 851/1016/1394 2430/2647/1395 2902/1613/1393
f 2902/1613/1393 2430/2647/1395 887/1054/1396 2431/2648/1397
f 2426/2643/1388 2902/1613/1393 2431/2648/1397 888/1055/1389
f 851/1016/1394 2432/2649/1398 2903/1614/1399 2430/2647/1395
f 2432/2649/1398 852/1017/1400 2433/2650/1401 2903/1614/1399
f 2903/1614/1399 2433/2650/1401 886/1053/1402 2434/2651/1403
f 2430/2647/1395 2903/1614/1399 2434/2651/1403 887/1054/1396
f 852/1017/1400 2435/2652/1404 2904/1615/1405 2433/2650/1401
f 2435/2652/1404 853/1018/1406 2436/2653/1407 2904/1615/1405
f 2904/1615/1405 2436/2653/1407 885/1051/1408 2437/2655/1409
f 2433/2650/1401 2904/1615/1405 2437/2655/1409 886/1053/1402
f 853/1019/1406 2438/2656/1410 2905/1616/1411 2436/2654/1407
f 2438/2656/1410 854/1020/1412 2439/2657/1413 2905/1616/1411
f 2905/1616/1411 2439/2657/1413 884/1050/1414 2440/2658/1415
f 2436/2654/1407 2905/1616/1411 2440/2658/1415 885/1052/1408
f 854/1020/1412 2441/2659/1416 2906/1617/1417 2439/2657/1413
f 2441/2659/1416 855/1021/1418 2442/2660/1419 2906/1617/1417
f 2906/1617/1417 2442/2660/1419 883/1049/1420 2443/2661/1421
f 2439/2657/1413 2906/1617/1417 2443/2661/1421 884/1050/1414
f 855/1021/1418 2444/2662/1422 2907/1618/1423 2442/2660/1419
f 2444/2662/1422 856/1022/1424 2445/2663/1425 2907/1618/1423
f 2907/1618/1423 2445/2663/1425 882/1048/1426 2446/2664/1427
f 2442/2660/1419 2907/1618/1423 2446/2664/1427 883/1049/1420
f 856/1022/1424 2447/2665/1428 2908/1619/1429 2445/2663/1425
f 2447/2665/1428 857/1023/1430 2448/2666/1431 2908/1619/1429
f 2908/1619/1429 2448/2666/1431 881/1047/1432 2449/2667/1433
f 2445/2663/1425 2908/1619/1429 2449/2667/1433 882/1048/1426
f 857/1023/1430 2450/2668/1434 2909/1620/1435 2448/2666/1431
f 2450/2668/1434 858/1024/1436 2451/2669/1437 2909/1620/1435
f 2909/1620/1435 2451/2669/1437 880/1046/1438 2452/2670/1439
f 2448/2666/1431 2909/1620/1435 2452/2670/1439 881/1047/1432
f 858/1024/1436 2453/2671/1440 2910/1621/1441 2451/2669/1437
f 2453/2671/1440 859/1025/1442 2454/2672/1443 2910/1621/1441
f 2910/1621/1441 2454/2672/1443 879/1045/1444 2455/2673/1445
f 2451/2669/1437 2910/1621/1441 2455/2673/1445 880/1046/1438
f 859/1025/1442 2456/2674/1446 2911/1622/1447 2454/2672/1443
f 2456/2674/1446 860/1026/1448 2457/2675/1449 2911/1622/1447
f 2911/1622/1447 2457/2675/1449 878/1044/1450 2458/2676/1451
f 2454/2672/1443 2911/1622/1447 2458/2676/1451 879/1045/1444
f 860/1026/1448 2459/2677/1452 2912/1623/1453 2457/2675/1449
f 2459/2677/1452 861/1027/1454 2460/2678/1455 2912/1623/1453
f 2912/1623/1453 2460/2678/1455 877/1043/1456 2461/2679/1457
f 2457/2675/1449 2912/1623/1453 2461/2679/1457 878/1044/1450
f 861/1027/1454 2462/2680/1458 2913/1624/1459 2460/2678/1455
f 2462/2680/1458 862/1028/1460 2463/2681/1461 2913/1624/1459
f 2913/1624/1459 2463/2681/1461 876/1042/1462 2464/2682/1463
f 2460/2678/1455 2913/1624/1459 2464/2682/1463 877/1043/1456
f 862/1028/1460 2465/2683/1464 2914/1625/1465 2463/2681/1461
f 2465/2683/1464 863/1029/1466 2466/2684/1467 2914/1625/1465
f 2914/1625/1465 2466/2684/1467 875/1041/1468 2467/2685/1469
f 2463/2681/1461 2914/1625/1465 2467/2685/1469 876/1042/1462
f 863/1029/1466 2468/2686/1470 2915/1626/1471 2466/2684/1467
f 2468/2686/1470 864/1030/1472 2469/2687/1473 2915/1626/1471
f 2915/1626/1471 2469/2687/1473 874/1040/1474 2470/2688/1475
f 2466/2684/1467 2915/1626/1471 2470/2688/1475 875/1041/1468
f 864/1030/1472 2471/2689/1476 2916/1627/1477 2469/2687/1473
f 2471/2689/1476 865/1031/1478 2472/2690/1479 2916/1627/1477
f 2916/1627/1477 2472/2690/1479 873/1039/1480 2473/2691/1481
f 2469/2687/1473 2916/1627/1477 2473/2691/1481 874/1040/1474
f 865/1031/1478 2474/2692/1482 2917/1628/1483 2472/2690/1479
f 2474/2692/1482 866/1032/1484 2475/2693/1485 2917/1628/1483
f 2917/1628/1483 2475/2693/1485 872/1038/1486 2476/2694/1487
f 2472/2690/1479 2917/1628/1483 2476/2694/1487 873/1039/1480
f 866/1032/1484 2477/2695/1488 2918/1629/1489 2475/2693/1485
f 2477/2695/1488 867/1033/1490 2478/2696/1491 2918/1629/1489
f 2918/1629/1489 2478/2696/1491 871/1037/1492 2479/2697/1493
f 2475/2693/1485 2918/1629/1489 2479/2697/1493 872/1038/1486
f 867/1033/1490 2480/2698/1494 2919/1630/1495 2478/2696/1491
f 2480/2698/1494 868/1034/1496 2481/2699/1497 2919/1630/1495
f 2919/1630/1495 2481/2699/1497 870/1036/1498 2482/2700/1499
f 2478/2696/1491 2919/1630/1495 2482/2700/1499 871/1037/1492
f 868/1034/1496 2483/2701/1500 2920/1631/1501 2481/2699/1497
f 2483/2701/1500 849/1014/1383 2428/2645/1386 2920/1631/1501
f 2920/1631/1501 2428/2645/1386 869/1035/1391 2484/2702/1502
f 2481/2699/1497 2920/1631/1501 2484/2702/1502 870/1036/1498
f 788/950/1503 2485/2703/1504 2921/1632/1505 2488/2706/1506
f 2485/2703/1504 769/930/1507 2486/2704/1508 2921/1632/1505
f 2921/1632/1505 2486/2704/1508 749/909/1509 2487/2705/1510
f 2488/2706/1506 2921/1632/1505 2487/2705/1510 750/910/1511
f 787/949/1512 2489/2707/1513 2922/1633/1514 2491/2709/1515
f 2489/2707/1513 788/950/1503 2488/2706/1506 2922/1633/1514
f 2922/1633/1514 2488/2706/1506 750/910/1511 2490/2708/1516
f 2491/2709/1515 2922/1633/1514 2490/2708/1516 751/911/1517
f 786/948/1518 2492/2710/1519 2923/1634/1520 2494/2712/1521
f 2492/2710/1519 787/949/1512 2491/2709/1515 2923/1634/1520
f 2923/1634/1520 2491/2709/1515 751/911/1517 2493/2711/1522
f 2494/2712/1521 2923/1634/1520 2493/2711/1522 752/912/1523
f 785/947/1524 2495/2713/1525 2924/1635/1526 2497/2715/1527
f 2495/2713/1525 786/948/1518 2494/2712/1521 2924/1635/1526
f 2924/1635/1526 2494/2712/1521 752/912/1523 2496/2714/1528
f 2497/2715/1527 2924/1635/1526 2496/2714/1528 753/913/1529
f 784/946/1530 2498/2716/1531 2925/1636/1532 2500/2718/1533
f 2498/2716/1531 785/947/1524 2497/2715/1527 2925/1636/1532
f 2925/1636/1532 2497/2715/1527 753/913/1529 2499/2717/1534
f 2500/2718/1533 2925/1636/1532 2499/2717/1534 754/914/1535
f 783/945/1536 2501/2719/1537 2926/1637/1538 2503/2721/1539
f 2501/2719/1537 784/946/1530 2500/2718/1533 2926/1637/1538
f 2926/1637/1538 2500/2718/1533 754/914/1535 2502/2720/1540
f 2503/2721/1539 2926/1637/1538 2502/2720/1540 755/915/1541
f 782/944/1542 2504/2722/1543 2927/1638/1544 2506/2724/1545
f 2504/2722/1543 783/945/1536 2503/2721/1539 2927/1638/1544
f 2927/1638/1544 2503/2721/1539 755/915/1541 2505/2723/1546
f 2506/2724/1545 2927/1638/1544 2505/2723/1546 756/916/1547
f 781/943/1548 2507/2725/1549 2928/1639/1550 2509/2727/1551
f 2507/2725/1549 782/944/1542 2506/2724/1545 2928/1639/1550
f 2928/1639/1550 2506/2724/1545 756/916/1547 2508/2726/1552
f 2509/2727/1551 2928/1639/1550 2508/2726/1552 757/917/1553
f 780/942/1554 2510/2728/1555 2929/1640/1556 2512/2730/1557
f 2510/2728/1555 781/943/1548 2509/2727/1551 2929/1640/1556
f 2929/1640/1556 2509/2727/1551 757/917/1553 2511/2729/1558
f 2512/2730/1557 2929/1640/1556 2511/2729/1558 758/918/1559
f 779/941/1560 2513/2731/1561 2930/1641/1562 2515/2733/1563
f 2513/2731/1561 780/942/1554 2512/2730/1557 2930/1641/1562
f 2930/1641/1562 2512/2730/1557 758/918/1559 2514/2732/1564
f 2515/2733/1563 2930/1641/1562 2514/2732/1564 759/919/1565
f 778/940/1566 2516/2734/1567 2931/1642/1568 2518/2736/1569
f 2516/2734/1567 779/941/1560 2515/2733/1563 2931/1642/1568
f 2931/1642/1568 2515/2733/1563 759/919/1565 2517/2735/1570
f 2518/2736/1569 2931/1642/1568 2517/2735/1570 760/920/1571
f 777/939/1572 2519/2737/1573 2932/1643/1574 2521/2739/1575
f 2519/2737/1573 778/940/1566 2518/2736/1569 2932/1643/1574
f 2932/1643/1574 2518/2736/1569 760/920/1571 2520/2738/1576
f 2521/2739/1575 2932/1643/1574 2520/2738/1576 761/921/1577
f 776/938/1578 2522/2740/1579 2933/1644/1580 2524/2742/1581
f 2522/2740/1579 777/939/1572 2521/2739/1575 2933/1644/1580
f 2933/1644/1580 2521/2739/1575 761/921/1577 2523/2741/1582
f 2524/2742/1581 2933/1644/1580 2523/2741/1582 762/922/1583
f 775/937/1584 2525/2743/1585 2934/1645/1586 2527/2745/1587
f 2525/2743/1585 776/938/1578 2524/2742/1581 2934/1645/1586
f 2934/1645/1586 2524/2742/1581 762/922/1583 2526/2744/1588
f 2527/2745/1587 2934/1645/1586 2526/2744/1588 763/923/1589
f 774/936/1590 2528/2746/1591 2935/1646/1592 2530/2748/1593
f 2528/2746/1591 775/937/1584 2527/2745/1587 2935/1646/1592
f 2935/1646/1592 2527/2745/1587 763/923/1589 2529/2747/1594
f 2530/2748/1593 2935/1646/1592 2529/2747/1594 764/924/1595
f 773/934/1596 2531/2749/1597 2936/1647/1598 2533/2751/1599
f 2531/2749/1597 774/936/1590 2530/2748/1593 2936/1647/1598
f 2936/1647/1598 2530/2748/1593 764/924/1595 2532/2750/1600
f 2533/2751/1599 2936/1647/1598 2532/2750/1600 765/925/1601
f 772/933/1602 2534/2753/1603 2937/1648/1604 2536/2755/1605
f 2534/2753/1603 773/935/1596 2533/2752/1599 2937/1648/1604
f 2937/1648/1604 2533/2752/1599 765/926/1601 2535/2754/1606
f 2536/2755/1605 2937/1648/1604 2535/2754/1606 766/927/1607
f 771/932/1608 2537/2756/1609 2938/1649/1610 2539/2758/1611
f 2537/2756/1609 772/933/1602 2536/2755/1605 2938/1649/1610
f 2938/1649/1610 2536/2755/1605 766/927/1607 2538/2757/1612
f 2539/2758/1611 2938/1649/1610 2538/2757/1612 767/928/1613
f 770/931/1614 2540/2759/1615 2939/1650/1616 2542/2761/1617
f 2540/2759/1615 771/932/1608 2539/2758/1611 2939/1650/1616
f 2939/1650/1616 2539/2758/1611 767/928/1613 2541/2760/1618
f 2542/2761/1617 2939/1650/1616 2541/2760/1618 768/929/1619
f 769/930/1507 2543/2762/1620 2940/1651/1621 2486/2704/1508
f 2543/2762/1620 770/931/1614 2542/2761/1617 2940/1651/1621
f 2940/1651/1621 2542/2761/1617 768/929/1619 2544/2763/1622
f 2486/2704/1508 2940/1651/1621 2544/2763/1622 749/909/1509
f 750/910/1511 2487/2705/1510 2941/1652/1623 2546/2765/1624
f 2487/2705/1510 749/909/1509 2545/2764/1625 2941/1652/1623
f 2941/1652/1623 2545/2764/1625 589/702/549 2068/2260/666
f 2546/2765/1624 2941/1652/1623 2068/2260/666 608/722/662
f 751/911/1517 2490/2708/1516 2942/1653/1626 2547/2766/1627
f 2490/2708/1516 750/910/1511 2546/2765/1624 2942/1653/1626
f 2942/1653/1626 2546/2765/1624 608/722/662 2065/2256/660
f 2547/2766/1627 2942/1653/1626 2065/2256/660 607/721/656
f 752/912/1523 2493/2711/1522 2943/1654/1628 2548/2767/1629
f 2493/2711/1522 751/911/1517 2547/2766/1627 2943/1654/1628
f 2943/1654/1628 2547/2766/1627 607/721/656 2062/2252/654
f 2548/2767/1629 2943/1654/1628 2062/2252/654 606/720/650
f 753/913/1529 2496/2714/1528 2944/1655/1630 2549/2768/1631
f 2496/2714/1528 752/912/1523 2548/2767/1629 2944/1655/1630
f 2944/1655/1630 2548/2767/1629 606/720/650 2059/2248/648
f 2549/2768/1631 2944/1655/1630 2059/2248/648 605/719/644
f 754/914/1535 2499/2717/1534 2945/1656/1632 2550/2769/1633
f 2499/2717/1534 753/913/1529 2549/2768/1631 2945/1656/1632
f 2945/1656/1632 2549/2768/1631 605/719/644 2056/2244/642
f 2550/2769/1633 2945/1656/1632 2056/2244/642 604/718/638
f 755/915/1541 2502/2720/1540 2946/1657/1634 2551/2770/1635
f 2502/2720/1540 754/914/1535 2550/2769/1633 2946/1657/1634
f 2946/1657/1634 2550/2769/1633 604/718/638 2053/2240/636
f 2551/2770/1635 2946/1657/1634 2053/2240/636 603/717/632
f 756/916/1547 2505/2723/1546 2947/1658/1636 2552/2771/1637
f 2505/2723/1546 755/915/1541 2551/2770/1635 2947/1658/1636
f 2947/1658/1636 2551/2770/1635 603/717/632 2050/2236/630
f 2552/2771/1637 2947/1658/1636 2050/2236/630 602/716/626
f 757/917/1553 2508/2726/1552 2948/1659/1638 2553/2772/1639
f 2508/2726/1552 756/916/1547 2552/2771/1637 2948/1659/1638
f 2948/1659/1638 2552/2771/1637 602/716/626 2047/2232/624
f 2553/2772/1639 2948/1659/1638 2047/2232/624 601/715/620
f 758/918/1559 2511/2729/1558 2949/1660/1640 2554/2773/1641
f 2511/2729/1558 757/917/1553 2553/2772/1639 2949/1660/1640
f 2949/1660/1640 2553/2772/1639 601/715/620 2044/2228/618
f 2554/2773/1641 2949/1660/1640 2044/2228/618 600/714/614
f 759/919/1565 2514/2732/1564 2950/1661/1642 2555/2774/1643
f 2514/2732/1564 758/918/1559 2554/2773/1641 2950/1661/1642
f 2950/1661/1642 2554/2773/1641 600/714/614 2041/2224/612
f 2555/2774/1643 2950/1661/1642 2041/2224/612 599/713/608
f 760/920/1571 2517/2735/1570 2951/1662/1644 2556/2775/1645
f 2517/2735/1570 759/919/1565 2555/2774/1643 2951/1662/1644
f 2951/1662/1644 2555/2774/1643 599/713/608 2038/2220/606
f 2556/2775/1645 2951/1662/1644 2038/2220/606 598/712/602
f 761/921/1577 2520/2738/1576 2952/1663/1646 2557/2776/1647
f 2520/2738/1576 760/920/1571 2556/2775/1645 2952/1663/1646
f 2952/1663/1646 2556/2775/1645 598/712/602 2035/2216/600
f 2557/2776/1647 2952/1663/1646 2035/2216/600 597/711/596
f 762/922/1583 2523/2741/1582 2953/1664/1648 2558/2777/1649
f 2523/2741/1582 761/921/1577 2557/2776/1647 2953/1664/1648
f 2953/1664/1648 2557/2776/1647 597/711/596 2032/2212/594
f 2558/2777/1649 2953/1664/1648 2032/2212/594 596/710/590
f 763/923/1589 2526/2744/1588 2954/1665/1650 2559/2778/1651
f 2526/2744/1588 762/922/1583 2558/2777/1649 2954/1665/1650
f 2954/1665/1650 2558/2777/1649 596/710/590 2029/2208/588
f 2559/2778/1651 2954/1665/1650 2029/2208/588 595/709/584
f 764/924/1595 2529/2747/1594 2955/1666/1652 2560/2779/1653
f 2529/2747/1594 763/923/1589 2559/2778/1651 2955/1666/1652
f 2955/1666/1652 2559/2778/1651 595/709/584 2026/2204/582
f 2560/2779/1653 2955/1666/1652 2026/2204/582 594/708/578
f 765/925/1601 2532/2750/1600 2956/1667/1654 2561/2780/1655
f 2532/2750/1600 764/924/1595 2560/2779/1653 2956/1667/1654
f 2956/1667/1654 2560/2779/1653 594/708/578 2023/2200/576
f 2561/2780/1655 2956/1667/1654 2023/2200/576 593/707/572
f 766/927/1607 2535/2754/1606 2957/1668/1656 2562/2782/1657
f 2535/2754/1606 765/926/1601 2561/2781/1655 2957/1668/1656
f 2957/1668/1656 2561/2781/1655 593/706/572 2020/2195/570
f 2562/2782/1657 2957/1668/1656 2020/2195/570 592/705/566
f 767/928/1613 2538/2757/1612 2958/1669/1658 2563/2783/1659
f 2538/2757/1612 766/927/1607 2562/2782/1657 2958/1669/1658
f 2958/1669/1658 2562/2782/1657 592/705/566 2017/2191/564
f 2563/2783/1659 2958/1669/1658 2017/2191/564 591/704/560
f 768/929/1619 2541/2760/1618 2959/1670/1660 2564/2784/1661
f 2541/2760/1618 767/928/1613 2563/2783/1659 2959/1670/1660
f 2959/1670/1660 2563/2783/1659 591/704/560 2014/2187/558
f 2564/2784/1661 2959/1670/1660 2014/2187/558 590/703/553
f 749/909/1509 2544/2763/1622 2960/1671/1662 2545/2764/1625
f 2544/2763/1622 768/929/1619 2564/2784/1661 2960/1671/1662
f 2960/1671/1662 2564/2784/1661 590/703/553 2010/2182/550
f 2545/2764/1625 2960/1671/1662 2010/2182/550 589/702/549
f 789/951/1663 2565/2785/1664 2961/1672/1665 2568/2788/1666
f 2565/2785/1664 790/952/1667 2566/2786/1668 2961/1672/1665
f 2961/1672/1665 2566/2786/1668 828/992/1669 2567/2787/1670
f 2568/2788/1666 2961/1672/1665 2567/2787/1670 809/972/1671
f 790/952/1667 2569/2789/1672 2962/1673/1673 2566/2786/1668
f 2569/2789/1672 791/953/1674 2570/2790/1675 2962/1673/1673
f 2962/1673/1673 2570/2790/1675 827/991/1676 2571/2791/1677
f 2566/2786/1668 2962/1673/1673 2571/2791/1677 828/992/1669
f 791/953/1674 2572/2792/1678 2963/1674/1679 2570/2790/1675
f 2572/2792/1678 792/954/1680 2573/2793/1681 2963/1674/1679
f 2963/1674/1679 2573/2793/1681 826/990/1682 2574/2794/1683
f 2570/2790/1675 2963/1674/1679 2574/2794/1683 827/991/1676
f 792/954/1680 2575/2795/1684 2964/1675/1685 2573/2793/1681
f 2575/2795/1684 793/955/1686 2576/2796/1687 2964/1675/1685
f 2964/1675/1685 2576/2796/1687 825/988/1688 2577/2798/1689
f 2573/2793/1681 2964/1675/1685 2577/2798/1689 826/990/1682
f 793/956/1686 2578/2799/1690 2965/1676/1691 2576/2797/1687
f 2578/2799/1690 794/957/1692 2579/2800/1693 2965/1676/1691
f 2965/1676/1691 2579/2800/1693 824/987/1694 2580/2801/1695
f 2576/2797/1687 2965/1676/1691 2580/2801/1695 825/989/1688
f 794/957/1692 2581/2802/1696 2966/1677/1697 2579/2800/1693
f 2581/2802/1696 795/958/1698 2582/2803/1699 2966/1677/1697
f 2966/1677/1697 2582/2803/1699 823/986/1700 2583/2804/1701
f 2579/2800/1693 2966/1677/1697 2583/2804/1701 824/987/1694
f 795/958/1698 2584/2805/1702 2967/1678/1703 2582/2803/1699
f 2584/2805/1702 796/959/1704 2585/2806/1705 2967/1678/1703
f 2967/1678/1703 2585/2806/1705 822/985/1706 2586/2807/1707
f 2582/2803/1699 2967/1678/1703 2586/2807/1707 823/986/1700
f 796/959/1704 2587/2808/1708 2968/1679/1709 2585/2806/1705
f 2587/2808/1708 797/960/1710 2588/2809/1711 2968/1679/1709
f 2968/1679/1709 2588/2809/1711 821/984/1712 2589/2810/1713
f 2585/2806/1705 2968/1679/1709 2589/2810/1713 822/985/1706
f 797/960/1710 2590/2811/1714 2969/1680/1715 2588/2809/1711
f 2590/2811/1714 798/961/1716 2591/2812/1717 2969/1680/1715
f 2969/1680/1715 2591/2812/1717 820/983/1718 2592/2813/1719
f 2588/2809/1711 2969/1680/1715 2592/2813/1719 821/984/1712
f 798/961/1716 2593/2814/1720 2970/1681/1721 2591/2812/1717
f 2593/2814/1720 799/962/1722 2594/2815/1723 2970/1681/1721
f 2970/1681/1721 2594/2815/1723 819/982/1724 2595/2816/1725
f 2591/2812/1717 2970/1681/1721 2595/2816/1725 820/983/1718
f 799/962/1722 2596/2817/1726 2971/1682/1727 2594/2815/1723
f 2596/2817/1726 800/963/1728 2597/2818/1729 2971/1682/1727
f 2971/1682/1727 2597/2818/1729 818/981/1730 2598/2819/1731
f 2594/2815/1723 2971/1682/1727 2598/2819/1731 819/982/1724
f 800/963/1728 2599/2820/1732 2972/1683/1733 2597/2818/1729
f 2599/2820/1732 801/964/1734 2600/2821/1735 2972/1683/1733
f 2972/1683/1733 2600/2821/1735 817/980/1736 2601/2822/1737
f 2597/2818/1729 2972/1683/1733 2601/2822/1737 818/981/1730
f 801/964/1734 2602/2823/1738 2973/1684/1739 2600/2821/1735
f 2602/2823/1738 802/965/1740 2603/2824/1741 2973/1684/1739
f 2973/1684/1739 2603/2824/1741 816/979/1742 2604/2825/1743
f 2600/2821/1735 2973/1684/1739 2604/2825/1743 817/980/1736
f 802/965/1740 2605/2826/1744 2974/1685/1745 2603/2824/1741
f 2605/2826/1744 803/966/1746 2606/2827/1747 2974/1685/1745
f 2974/1685/1745 2606/2827/1747 815/978/1748 2607/2828/1749
f 2603/2824/1741 2974/1685/1745 2607/2828/1749 816/979/1742
f 803/966/1746 2608/2829/1750 2975/1686/1751 2606/2827/1747
f 2608/2829/1750 804/967/1752 2609/2830/1753 2975/1686/1751
f 2975/1686/1751 2609/2830/1753 814/977/1754 2610/2831/1755
f 2606/2827/1747 2975/1686/1751 2610/2831/1755 815/978/1748
f 804/967/1752 2611/2832/1756 2976/1687/1757 2609/2830/1753
f 2611/2832/1756 805/968/1758 2612/2833/1759 2976/1687/1757
f 2976/1687/1757 2612/2833/1759 813/976/1760 2613/2834/1761
f 2609/2830/1753 2976/1687/1757 2613/2834/1761 814/977/1754
f 805/968/1758 2614/2835/1762 2977/1688/1763 2612/2833/1759
f 2614/2835/1762 806/969/1764 2615/2836/1765 2977/1688/1763
f 2977/1688/1763 2615/2836/1765 812/975/1766 2616/2837/1767
f 2612/2833/1759 2977/1688/1763 2616/2837/1767 813/976/1760
f 806/969/1764 2617/2838/1768 2978/1689/1769 2615/2836/1765
f 2617/2838/1768 807/970/1770 2618/2839/1771 2978/1689/1769
f 2978/1689/1769 2618/2839/1771 811/974/1772 2619/2840/1773
f 2615/2836/1765 2978/1689/1769 2619/2840/1773 812/975/1766
f 807/970/1770 2620/2841/1774 2979/1690/1775 2618/2839/1771
f 2620/2841/1774 808/971/1776 2621/2842/1777 2979/1690/1775
f 2979/1690/1775 2621/2842/1777 810/973/1778 2622/2843/1779
f 2618/2839/1771 2979/1690/1775 2622/2843/1779 811/974/1772
f 808/971/1776 2623/2844/1780 2980/1691/1781 2621/2842/1777
f 2623/2844/1780 789/951/1663 2568/2788/1666 2980/1691/1781
f 2980/1691/1781 2568/2788/1666 809/972/1671 2624/2845/1782
f 2621/2842/1777 2980/1691/1781 2624/2845/1782 810/973/1778
f 829/993/1783 2625/2846/1784 2981/1692/1785 2627/2848/1786
f 2625/2846/1784 830/994/1787 2626/2847/1788 2981/1692/1785
f 2981/1692/1785 2626/2847/1788 790/952/1667 2565/2785/1664
f 2627/2848/1786 2981/1692/1785 2565/2785/1664 789/951/1663
f 830/994/1787 2628/2849/1789 2982/1693/1790 2626/2847/1788
f 2628/2849/1789 831/995/1791 2629/2850/1792 2982/1693/1790
f 2982/1693/1790 2629/2850/1792 791/953/1674 2569/2789/1672
f 2626/2847/1788 2982/1693/1790 2569/2789/1672 790/952/1667
f 831/995/1791 2630/2851/1793 2983/1694/1794 2629/2850/1792
f 2630/2851/1793 832/996/1795 2631/2852/1796 2983/1694/1794
f 2983/1694/1794 2631/2852/1796 792/954/1680 2572/2792/1678
f 2629/2850/1792 2983/1694/1794 2572/2792/1678 791/953/1674
f 832/996/1795 2632/2853/1797 2984/1695/1798 2631/2852/1796
f 2632/2853/1797 833/997/1799 2633/2854/1800 2984/1695/1798
f 2984/1695/1798 2633/2854/1800 793/955/1686 2575/2795/1684
f 2631/2852/1796 2984/1695/1798 2575/2795/1684 792/954/1680
f 833/998/1799 2634/2856/1801 2985/1696/1802 2633/2855/1800
f 2634/2856/1801 834/999/1803 2635/2857/1804 2985/1696/1802
f 2985/1696/1802 2635/2857/1804 794/957/1692 2578/2799/1690
f 2633/2855/1800 2985/1696/1802 2578/2799/1690 793/956/1686
f 834/999/1803 2636/2858/1805 2986/1697/1806 2635/2857/1804
f 2636/2858/1805 835/1000/1807 2637/2859/1808 2986/1697/1806
f 2986/1697/1806 2637/2859/1808 795/958/1698 2581/2802/1696
f 2635/2857/1804 2986/1697/1806 2581/2802/1696 794/957/1692
f 835/1000/1807 2638/2860/1809 2987/1698/1810 2637/2859/1808
f 2638/2860/1809 836/1001/1811 2639/2861/1812 2987/1698/1810
f 2987/1698/1810 2639/2861/1812 796/959/1704 2584/2805/1702
f 2637/2859/1808 2987/1698/1810 2584/2805/1702 795/958/1698
f 836/1001/1811 2640/2862/1813 2988/1699/1814 2639/2861/1812
f 2640/2862/1813 837/1002/1815 2641/2863/1816 2988/1699/1814
f 2988/1699/1814 2641/2863/1816 797/960/1710 2587/2808/1708
f 2639/2861/1812 2988/1699/1814 2587/2808/1708 796/959/1704
f 837/1002/1815 2642/2864/1817 2989/1700/1818 2641/2863/1816
f 2642/2864/1817 838/1003/1819 2643/2865/1820 2989/1700/1818
f 2989/1700/1818 2643/2865/1820 798/961/1716 2590/2811/1714
f 2641/2863/1816 2989/1700/1818 2590/2811/1714 797/960/1710
f 838/1003/1819 2644/2866/1821 2990/1701/1822 2643/2865/1820
f 2644/2866/1821 839/1004/1823 2645/2867/1824 2990/1701/1822
f 2990/1701/1822 2645/2867/1824 799/962/1722 2593/2814/1720
f 2643/2865/1820 2990/1701/1822 2593/2814/1720 798/961/1716
f 839/1004/1823 2646/2868/1825 2991/1702/1826 2645/2867/1824
f 2646/2868/1825 840/1005/1827 2647/2869/1828 2991/1702/1826
f 2991/1702/1826 2647/2869/1828 800/963/1728 2596/2817/1726
f 2645/2867/1824 2991/1702/1826 2596/2817/1726 799/962/1722
f 840/1005/1827 2648/2870/1829 2992/1703/1830 2647/2869/1828
f 2648/2870/1829 841/1006/1831 2649/2871/1832 2992/1703/1830
f 2992/1703/1830 2649/2871/1832 801/964/1734 2599/2820/1732
f 2647/2869/1828 2992/1703/1830 2599/2820/1732 800/963/1728
f 841/1006/1831 2650/2872/1833 2993/1704/1834 2649/2871/1832
f 2650/2872/1833 842/1007/1835 2651/2873/1836 2993/1704/1834
f 2993/1704/1834 2651/2873/1836 802/965/1740 2602/2823/1738
f 2649/2871/1832 2993/1704/1834 2602/2823/1738 801/964/1734
f 842/1007/1835 2652/2874/1837 2994/1705/1838 2651/2873/1836
f 2652/2874/1837 843/1008/1839 2653/2875/1840 2994/1705/1838
f 2994/1705/1838 2653/2875/1840 803/966/1746 2605/2826/1744
f 2651/2873/1836 2994/1705/1838 2605/2826/1744 802/965/1740
f 843/1008/1839 2654/2876/1841 2995/1706/1842 2653/2875/1840
f 2654/2876/1841 844/1009/1843 2655/2877/1844 2995/1706/1842
f 2995/1706/1842 2655/2877/1844 804/967/1752 2608/2829/1750
f 2653/2875/1840 2995/1706/1842 2608/2829/1750 803/966/1746
f 844/1009/1843 2656/2878/1845 2996/1707/1846 2655/2877/1844
f 2656/2878/1845 845/1010/1847 2657/2879/1848 2996/1707/1846
f 2996/1707/1846 2657/2879/1848 805/968/1758 2611/2832/1756
f 2655/2877/1844 2996/1707/1846 2611/2832/1756 804/967/1752
f 845/1010/1847 2658/2880/1849 2997/1708/1850 2657/2879/1848
f 2658/2880/1849 846/1011/1851 2659/2881/1852 2997/1708/1850
f 2997/1708/1850 2659/2881/1852 806/969/1764 2614/2835/1762
f 2657/2879/1848 2997/1708/1850 2614/2835/1762 805/968/1758
f 846/1011/1851 2660/2882/1853 2998/1709/1854 2659/2881/1852
f 2660/2882/1853 847/1012/1855 2661/2883/1856 2998/1709/1854
f 2998/1709/1854 2661/2883/1856 807/970/1770 2617/2838/1768
f 2659/2881/1852 2998/1709/1854 2617/2838/1768 806/969/1764
f 847/1012/1855 2662/2884/1857 2999/1710/1858 2661/2883/1856
f 2662/2884/1857 848/1013/1859 2663/2885/1860 2999/1710/1858
f 2999/1710/1858 2663/2885/1860 808/971/1776 2620/2841/1774
f 2661/2883/1856 2999/1710/1858 2620/2841/1774 807/970/1770
f 848/1013/1859 2664/2886/1861 3000/1711/1862 2663/2885/1860
f 2664/2886/1861 829/993/1783 2627/2848/1786 3000/1711/1862
f 3000/1711/1862 2627/2848/1786 789/951/1663 2623/2844/1780
f 2663/2885/1860 3000/1711/1862 2623/2844/1780 808/971/1776
f 810/973/1778 2624/2845/1782 3001/1712/1863 2666/2888/1864
f 2624/2845/1782 809/972/1671 2665/2887/1865 3001/1712/1863
f 3001/1712/1863 2665/2887/1865 769/930/1507 2485/2703/1504
f 2666/2888/1864 3001/1712/1863 2485/2703/1504 788/950/1503
f 811/974/1772 2622/2843/1779 3002/1713/1866 2667/2889/1867
f 2622/2843/1779 810/973/1778 2666/2888/1864 3002/1713/1866
f 3002/1713/1866 2666/2888/1864 788/950/1503 2489/2707/1513
f 2667/2889/1867 3002/1713/1866 2489/2707/1513 787/949/1512
f 812/975/1766 2619/2840/1773 3003/1714/1868 2668/2890/1869
f 2619/2840/1773 811/974/1772 2667/2889/1867 3003/1714/1868
f 3003/1714/1868 2667/2889/1867 787/949/1512 2492/2710/1519
f 2668/2890/1869 3003/1714/1868 2492/2710/1519 786/948/1518
f 813/976/1760 2616/2837/1767 3004/1715/1870 2669/2891/1871
f 2616/2837/1767 812/975/1766 2668/2890/1869 3004/1715/1870
f 3004/1715/1870 2668/2890/1869 786/948/1518 2495/2713/1525
f 2669/2891/1871 3004/1715/1870 2495/2713/1525 785/947/1524
f 814/977/1754 2613/2834/1761 3005/1716/1872 2670/2892/1873
f 2613/2834/1761 813/976/1760 2669/2891/1871 3005/1716/1872
f 3005/1716/1872 2669/2891/1871 785/947/1524 2498/2716/1531
f 2670/2892/1873 3005/1716/1872 2498/2716/1531 784/946/1530
f 815/978/1748 2610/2831/1755 3006/1717/1874 2671/2893/1875
f 2610/2831/1755 814/977/1754 2670/2892/1873 3006/1717/1874
f 3006/1717/1874 2670/2892/1873 784/946/1530 2501/2719/1537
f 2671/2893/1875 3006/1717/1874 2501/2719/1537 783/945/1536
f 816/979/1742 2607/2828/1749 3007/1718/1876 2672/2894/1877
f 2607/2828/1749 815/978/1748 2671/2893/1875 3007/1718/1876
f 3007/1718/1876 2671/2893/1875 783/945/1536 2504/2722/1543
f 2672/2894/1877 3007/1718/1876 2504/2722/1543 782/944/1542
f 817/980/1736 2604/2825/1743 3008/1719/1878 2673/2895/1879
f 2604/2825/1743 816/979/1742 2672/2894/1877 3008/1719/1878
f 3008/1719/1878 2672/2894/1877 782/944/1542 2507/2725/1549
f 2673/2895/1879 3008/1719/1878 2507/2725/1549 781/943/1548
f 818/981/1730 2601/2822/1737 3009/1720/1880 2674/2896/1881
f 2601/2822/1737 817/980/1736 2673/2895/1879 3009/1720/1880
f 3009/1720/1880 2673/2895/1879 781/943/1548 2510/2728/1555
f 2674/2896/1881 3009/1720/1880 2510/2728/1555 780/942/1554
f 819/982/1724 2598/2819/1731 3010/1721/1882 2675/2897/1883
f 2598/2819/1731 818/981/1730 2674/2896/1881 3010/1721/1882
f 3010/1721/1882 2674/2896/1881 780/942/1554 2513/2731/1561
f 2675/2897/1883 3010/1721/1882 2513/2731/1561 779/941/1560
f 820/983/1718 2595/2816/1725 3011/1722/1884 2676/2898/1885
f 2595/2816/1725 819/982/1724 2675/2897/1883 3011/1722/1884
f 3011/1722/1884 2675/2897/1883 779/941/1560 2516/2734/1567
f 2676/2898/1885 3011/1722/1884 2516/2734/1567 778/940/1566
f 821/984/1712 2592/2813/1719 3012/1723/1886 2677/2899/1887
f 2592/2813/1719 820/983/1718 2676/2898/1885 3012/1723/1886
f 3012/1723/1886 2676/2898/1885 778/940/1566 2519/2737/1573
f 2677/2899/1887 3012/1723/1886 2519/2737/1573 777/939/1572
f 822/985/1706 2589/2810/1713 3013/1724/1888 2678/2900/1889
f 2589/2810/1713 821/984/1712 2677/2899/1887 3013/1724/1888
f 3013/1724/1888 2677/2899/1887 777/939/1572 2522/2740/1579
f 2678/2900/1889 3013/1724/1888 2522/2740/1579 776/938/1578
f 823/986/1700 2586/2807/1707 3014/1725/1890 2679/2901/1891
f 2586/2807/1707 822/985/1706 2678/2900/1889 3014/1725/1890
f 3014/1725/1890 2678/2900/1889 776/938/1578 2525/2743/1585
f 2679/2901/1891 3014/1725/1890 2525/2743/1585 775/937/1584
f 824/987/1694 2583/2804/1701 3015/1726/1892 2680/2902/1893
f 2583/2804/1701 823/986/1700 2679/2901/1891 3015/1726/1892
f 3015/1726/1892 2679/2901/1891 775/937/1584 2528/2746/1591
f 2680/2902/1893 3015/1726/1892 2528/2746/1591 774/936/1590
f 825/989/1688 2580/2801/1695 3016/1727/1894 2681/2903/1895
f 2580/2801/1695 824/987/1694 2680/2902/1893 3016/1727/1894
f 3016/1727/1894 2680/2902/1893 774/936/1590 2531/2749/1597
f 2681/2903/1895 3016/1727/1894 2531/2749/1597 773/934/1596
f 826/990/1682 2577/2798/1689 3017/1728/1896 2682/2905/1897
f 2577/2798/1689 825/988/1688 2681/2904/1895 3017/1728/1896
f 3017/1728/1896 2681/2904/1895 773/935/1596 2534/2753/1603
f 2682/2905/1897 3017/1728/1896 2534/2753/1603 772/933/1602
f 827/991/1676 2574/2794/1683 3018/1729/1898 2683/2906/1899
f 2574/2794/1683 826/990/1682 2682/2905/1897 3018/1729/1898
f 3018/1729/1898 2682/2905/1897 772/933/1602 2537/2756/1609
f 2683/2906/1899 3018/1729/1898 2537/2756/1609 771/932/1608
f 828/992/1669 2571/2791/1677 3019/1730/1900 2684/2907/1901
f 2571/2791/1677 827/991/1676 2683/2906/1899 3019/1730/1900
f 3019/1730/1900 2683/2906/1899 771/932/1608 2540/2759/1615
f 2684/2907/1901 3019/1730/1900 2540/2759/1615 770/931/1614
f 809/972/1671 2567/2787/1670 3020/1731/1902 2665/2887/1865
f 2567/2787/1670 828/992/1669 2684/2907/1901 3020/1731/1902
f 3020/1731/1902 2684/2907/1901 770/931/1614 2543/2762/1620
f 2665/2887/1865 3020/1731/1902 2543/2762/1620 769/930/1507
f 729/888/677 2072/2266/676 3021/1732/1903 2686/2909/1904
f 2072/2266/676 748/908/675 2685/2908/1905 3021/1732/1903
f 3021/1732/1903 2685/2908/1905 830/994/1787 2625/2846/1784
f 2686/2909/1904 3021/1732/1903 2625/2846/1784 829/993/1783
f 748/908/675 2076/2271/683 3022/1733/1906 2685/2908/1905
f 2076/2271/683 747/907/682 2687/2910/1907 3022/1733/1906
f 3022/1733/1906 2687/2910/1907 831/995/1791 2628/2849/1789
f 2685/2908/1905 3022/1733/1906 2628/2849/1789 830/994/1787
f 747/907/682 2079/2275/689 3023/1734/1908 2687/2910/1907
f 2079/2275/689 746/906/688 2688/2911/1909 3023/1734/1908
f 3023/1734/1908 2688/2911/1909 832/996/1795 2630/2851/1793
f 2687/2910/1907 3023/1734/1908 2630/2851/1793 831/995/1791
f 746/906/688 2082/2280/695 3024/1735/1910 2688/2911/1909
f 2082/2280/695 745/904/694 2689/2912/1911 3024/1735/1910
f 3024/1735/1910 2689/2912/1911 833/997/1799 2632/2853/1797
f 2688/2911/1909 3024/1735/1910 2632/2853/1797 832/996/1795
f 745/905/694 2085/2284/701 3025/1736/1912 2689/2913/1911
f 2085/2284/701 744/903/700 2690/2914/1913 3025/1736/1912
f 3025/1736/1912 2690/2914/1913 834/999/1803 2634/2856/1801
f 2689/2913/1911 3025/1736/1912 2634/2856/1801 833/998/1799
f 744/903/700 2088/2288/707 3026/1737/1914 2690/2914/1913
f 2088/2288/707 743/902/706 2691/2915/1915 3026/1737/1914
f 3026/1737/1914 2691/2915/1915 835/1000/1807 2636/2858/1805
f 2690/2914/1913 3026/1737/1914 2636/2858/1805 834/999/1803
f 743/902/706 2091/2292/713 3027/1738/1916 2691/2915/1915
f 2091/2292/713 742/901/712 2692/2916/1917 3027/1738/1916
f 3027/1738/1916 2692/2916/1917 836/1001/1811 2638/2860/1809
f 2691/2915/1915 3027/1738/1916 2638/2860/1809 835/1000/1807
f 742/901/712 2094/2296/719 3028/1739/1918 2692/2916/1917
f 2094/2296/719 741/900/718 2693/2917/1919 3028/1739/1918
f 3028/1739/1918 2693/2917/1919 837/1002/1815 2640/2862/1813
f 2692/2916/1917 3028/1739/1918 2640/2862/1813 836/1001/1811
f 741/900/718 2097/2300/725 3029/1740/1920 2693/2917/1919
f 2097/2300/725 740/899/724 2694/2918/1921 3029/1740/1920
f 3029/1740/1920 2694/2918/1921 838/1003/1819 2642/2864/1817
f 2693/2917/1919 3029/1740/1920 2642/2864/1817 837/1002/1815
f 740/899/724 2100/2304/731 3030/1741/1922 2694/2918/1921
f 2100/2304/731 739/898/730 2695/2919/1923 3030/1741/1922
f 3030/1741/1922 2695/2919/1923 839/1004/1823 2644/2866/1821
f 2694/2918/1921 3030/1741/1922 2644/2866/1821 838/1003/1819
f 739/898/730 2103/2308/737 3031/1742/1924 2695/2919/1923
f 2103/2308/737 738/897/736 2696/2920/1925 3031/1742/1924
f 3031/1742/1924 2696/2920/1925 840/1005/1827 2646/2868/1825
f 2695/2919/1923 3031/1742/1924 2646/2868/1825 839/1004/1823
f 738/897/736 2106/2312/743 3032/1743/1926 2696/2920/1925
f 2106/2312/743 737/896/742 2697/2921/1927 3032/1743/1926
f 3032/1743/1926 2697/2921/1927 841/1006/1831 2648/2870/1829
f 2696/2920/1925 3032/1743/1926 2648/2870/1829 840/1005/1827
f 737/896/742 2109/2316/749 3033/1744/1928 2697/2921/1927
f 2109/2316/749 736/895/748 2698/2922/1929 3033/1744/1928
f 3033/1744/1928 2698/2922/1929 842/1007/1835 2650/2872/1833
f 2697/2921/1927 3033/1744/1928 2650/2872/1833 841/1006/1831
f 736/895/748 2112/2320/755 3034/1745/1930 2698/2922/1929
f 2112/2320/755 735/894/754 2699/2923/1931 3034/1745/1930
f 3034/1745/1930 2699/2923/1931 843/1008/1839 2652/2874/1837
f 2698/2922/1929 3034/1745/1930 2652/2874/1837 842/1007/1835
f 735/894/754 2115/2324/761 3035/1746/1932 2699/2923/1931
f 2115/2324/761 734/893/760 2700/2924/1933 3035/1746/1932
f 3035/1746/1932 2700/2924/1933 844/1009/1843 2654/2876/1841
f 2699/2923/1931 3035/1746/1932 2654/2876/1841 843/1008/1839
f 734/893/760 2118/2328/767 3036/1747/1934 2700/2924/1933
f 2118/2328/767 733/892/766 2701/2925/1935 3036/1747/1934
f 3036/1747/1934 2701/2925/1935 845/1010/1847 2656/2878/1845
f 2700/2924/1933 3036/1747/1934 2656/2878/1845 844/1009/1843
f 733/892/766 2121/2332/773 3037/1748/1936 2701/2925/1935
f 2121/2332/773 732/891/772 2702/2926/1937 3037/1748/1936
f 3037/1748/1936 2702/2926/1937 846/1011/1851 2658/2880/1849
f 2701/2925/1935 3037/1748/1936 2658/2880/1849 845/1010/1847
f 732/891/772 2124/2336/779 3038/1749/1938 2702/2926/1937
f 2124/2336/779 731/890/778 2703/2927/1939 3038/1749/1938
f 3038/1749/1938 2703/2927/1939 847/1012/1855 2660/2882/1853
f 2702/2926/1937 3038/1749/1938 2660/2882/1853 846/1011/1851
f 731/890/778 2127/2340/785 3039/1750/1940 2703/2927/1939
f 2127/2340/785 730/889/784 2704/2928/1941 3039/1750/1940
f 3039/1750/1940 2704/2928/1941 848/1013/1859 2662/2884/1857
f 2703/2927/1939 3039/1750/1940 2662/2884/1857 847/1012/1855
f 730/889/784 2129/2343/788 3040/1751/1942 2704/2928/1941
f 2129/2343/788 729/888/677 2686/2909/1904 3040/1751/1942
f 3040/1751/1942 2686/2909/1904 829/993/1783 2664/2886/1861
f 2704/2928/1941 3040/1751/1942 2664/2886/1861 848/1013/1859
f 1029/1200/1943 2705/2929/1944 3041/1752/1945 2707/2931/1946
f 2705/2929/1944 1030/1201/1947 2706/2930/1948 3041/1752/1945
f 3041/1752/1945 2706/2930/1948 850/1015/1387 2425/2642/1384
f 2707/2931/1946 3041/1752/1945 2425/2642/1384 849/1014/1383
f 1030/1201/1947 2708/2932/1949 3042/1753/1950 2706/2930/1948
f 2708/2932/1949 1031/1202/1951 2709/2933/1952 3042/1753/1950
f 3042/1753/1950 2709/2933/1952 851/1016/1394 2429/2646/1392
f 2706/2930/1948 3042/1753/1950 2429/2646/1392 850/1015/1387
f 1031/1202/1951 2710/2934/1953 3043/1754/1954 2709/2933/1952
f 2710/2934/1953 1032/1203/1955 2711/2935/1956 3043/1754/1954
f 3043/1754/1954 2711/2935/1956 852/1017/1400 2432/2649/1398
f 2709/2933/1952 3043/1754/1954 2432/2649/1398 851/1016/1394
f 1032/1203/1955 2712/2936/1957 3044/1755/1958 2711/2935/1956
f 2712/2936/1957 1033/1204/1959 2713/2937/1960 3044/1755/1958
f 3044/1755/1958 2713/2937/1960 853/1018/1406 2435/2652/1404
f 2711/2935/1956 3044/1755/1958 2435/2652/1404 852/1017/1400
f 1033/1205/1959 2714/2939/1961 3045/1756/1962 2713/2938/1960
f 2714/2939/1961 1034/1206/1963 2715/2940/1964 3045/1756/1962
f 3045/1756/1962 2715/2940/1964 854/1020/1412 2438/2656/1410
f 2713/2938/1960 3045/1756/1962 2438/2656/1410 853/1019/1406
f 1034/1206/1963 2716/2941/1965 3046/1757/1966 2715/2940/1964
f 2716/2941/1965 1035/1207/1967 2717/2942/1968 3046/1757/1966
f 3046/1757/1966 2717/2942/1968 855/1021/1418 2441/2659/1416
f 2715/2940/1964 3046/1757/1966 2441/2659/1416 854/1020/1412
f 1035/1207/1967 2718/2943/1969 3047/1758/1970 2717/2942/1968
f 2718/2943/1969 1036/1208/1971 2719/2944/1972 3047/1758/1970
f 3047/1758/1970 2719/2944/1972 856/1022/1424 2444/2662/1422
f 2717/2942/1968 3047/1758/1970 2444/2662/1422 855/1021/1418
f 1036/1208/1971 2720/2945/1973 3048/1759/1974 2719/2944/1972
f 2720/2945/1973 1037/1209/1975 2721/2946/1976 3048/1759/1974
f 3048/1759/1974 2721/2946/1976 857/1023/1430 2447/2665/1428
f 2719/2944/1972 3048/1759/1974 2447/2665/1428 856/1022/1424
f 1037/1209/1975 2722/2947/1977 3049/1760/1978 2721/2946/1976
f 2722/2947/1977 1038/1210/1979 2723/2948/1980 3049/1760/1978
f 3049/1760/1978 2723/2948/1980 858/1024/1436 2450/2668/1434
f 2721/2946/1976 3049/1760/1978 2450/2668/1434 857/1023/1430
f 1038/1210/1979 2724/2949/1981 3050/1761/1982 2723/2948/1980
f 2724/2949/1981 1039/1211/1983 2725/2950/1984 3050/1761/1982
f 3050/1761/1982 2725/2950/1984 859/1025/1442 2453/2671/1440
f 2723/2948/1980 3050/1761/1982 2453/2671/1440 858/1024/1436
f 1039/1211/1983 2726/2951/1985 3051/1762/1986 2725/2950/1984
f 2726/2951/1985 1040/1212/1987 2727/2952/1988 3051/1762/1986
f 3051/1762/1986 2727/2952/1988 860/1026/1448 2456/2674/1446
f 2725/2950/1984 3051/1762/1986 2456/2674/1446 859/1025/1442
f 1040/1212/1987 2728/2953/1989 3052/1763/1990 2727/2952/1988
f 2728/2953/1989 1041/1213/1991 2729/2954/1992 3052/1763/1990
f 3052/1763/1990 2729/2954/1992 861/1027/1454 2459/2677/1452
f 2727/2952/1988 3052/1763/1990 2459/2677/1452 860/1026/1448
f 1041/1213/1991 2730/2955/1993 3053/1764/1994 2729/2954/1992
f 2730/2955/1993 1042/1214/1995 2731/2956/1996 3053/1764/1994
f 3053/1764/1994 2731/2956/1996 862/1028/1460 2462/2680/1458
f 2729/2954/1992 3053/1764/1994 2462/2680/1458 861/1027/1454
f 1042/1214/1995 2732/2957/1997 3054/1765/1998 2731/2956/1996
f 2732/2957/1997 1043/1215/1999 2733/2958/2000 3054/1765/1998
f 3054/1765/1998 2733/2958/2000 863/1029/1466 2465/2683/1464
f 2731/2956/1996 3054/1765/1998 2465/2683/1464 862/1028/1460
f 1043/1215/1999 2734/2959/2001 3055/1766/2002 2733/2958/2000
f 2734/2959/2001 1044/1216/2003 2735/2960/2004 3055/1766/2002
f 3055/1766/2002 2735/2960/2004 864/1030/1472 2468/2686/1470
f 2733/2958/2000 3055/1766/2002 2468/2686/1470 863/1029/1466
f 1044/1216/2003 2736/2961/2005 3056/1767/2006 2735/2960/2004
f 2736/2961/2005 1045/1217/2007 2737/2962/2008 3056/1767/2006
f 3056/1767/2006 2737/2962/2008 865/1031/1478 2471/2689/1476
f 2735/2960/2004 3056/1767/2006 2471/2689/1476 864/1030/1472
f 1045/1217/2007 2738/2963/2009 3057/1768/2010 2737/2962/2008
f 2738/2963/2009 1046/1218/2011 2739/2964/2012 3057/1768/2010
f 3057/1768/2010 2739/2964/2012 866/1032/1484 2474/2692/1482
f 2737/2962/2008 3057/1768/2010 2474/2692/1482 865/1031/1478
f 1046/1218/2011 2740/2965/2013 3058/1769/2014 2739/2964/2012
f 2740/2965/2013 1047/1219/2015 2741/2966/2016 3058/1769/2014
f 3058/1769/2014 2741/2966/2016 867/1033/1490 2477/2695/1488
f 2739/2964/2012 3058/1769/2014 2477/2695/1488 866/1032/1484
f 1047/1219/2015 2742/2967/2017 3059/1770/2018 2741/2966/2016
f 2742/2967/2017 1048/1220/2019 2743/2968/2020 3059/1770/2018
f 3059/1770/2018 2743/2968/2020 868/1034/1496 2480/2698/1494
f 2741/2966/2016 3059/1770/2018 2480/2698/1494 867/1033/1490
f 1048/1220/2019 2744/2969/2021 3060/1771/2022 2743/2968/2020
f 2744/2969/2021 1029/1200/1943 2707/2931/1946 3060/1771/2022
f 3060/1771/2022 2707/2931/1946 849/1014/1383 2483/2701/1500
f 2743/2968/2020 3060/1771/2022 2483/2701/1500 868/1034/1496
f 870/1036/1498 2484/2702/1502 3061/1772/2023 2747/2973/2024
f 2484/2702/1502 869/1035/1391 2745/2970/2025 3061/1772/2023
f 3061/1772/2023 2745/2970/2025 709/847/2026 2746/2971/2027
f 2747/2973/2024 3061/1772/2023 2746/2971/2027 728/886/2028
f 871/1037/1492 2482/2700/1499 3062/1773/2029 2749/2976/2030
f 2482/2700/1499 870/1036/1498 2747/2973/2024 3062/1773/2029
f 3062/1773/2029 2747/2973/2024 728/886/2028 2748/2974/2031
f 2749/2976/2030 3062/1773/2029 2748/2974/2031 727/884/2032
f 872/1038/1486 2479/2697/1493 3063/1774/2033 1290/2979/2034
f 2479/2697/1493 871/1037/1492 2749/2976/2030 3063/1774/2033
f 3063/1774/2033 2749/2976/2030 727/884/2032 2750/2977/2035
f 1290/2979/2034 3063/1774/2033 2750/2977/2035 726/882/2036
f 873/1039/1480 2476/2694/1487 3064/1775/2037 1292/2982/2038
f 2476/2694/1487 872/1038/1486 1290/2979/2034 3064/1775/2037
f 3064/1775/2037 1290/2979/2034 726/882/2036 1291/2980/2039
f 1292/2982/2038 3064/1775/2037 1291/2980/2039 725/880/2040
f 874/1040/1474 2473/2691/1481 3065/1776/2041 1294/2985/2042
f 2473/2691/1481 873/1039/1480 1292/2982/2038 3065/1776/2041
f 3065/1776/2041 1292/2982/2038 725/880/2040 1293/2983/2043
f 1294/2985/2042 3065/1776/2041 1293/2983/2043 724/878/2044
f 875/1041/1468 2470/2688/1475 3066/1777/2045 1296/2988/2046
f 2470/2688/1475 874/1040/1474 1294/2985/2042 3066/1777/2045
f 3066/1777/2045 1294/2985/2042 724/878/2044 1295/2986/2047
f 1296/2988/2046 3066/1777/2045 1295/2986/2047 723/876/2048
f 876/1042/1462 2467/2685/1469 3067/1778/2049 1298/2991/2050
f 2467/2685/1469 875/1041/1468 1296/2988/2046 3067/1778/2049
f 3067/1778/2049 1296/2988/2046 723/876/2048 1297/2989/2051
f 1298/2991/2050 3067/1778/2049 1297/2989/2051 722/874/2052
f 877/1043/1456 2464/2682/1463 3068/1779/2053 1300/2994/2054
f 2464/2682/1463 876/1042/1462 1298/2991/2050 3068/1779/2053
f 3068/1779/2053 1298/2991/2050 722/874/2052 1299/2992/2055
f 1300/2994/2054 3068/1779/2053 1299/2992/2055 721/872/2056
f 878/1044/1450 2461/2679/1457 3069/1780/2057 1302/2997/2058
f 2461/2679/1457 877/1043/1456 1300/2994/2054 3069/1780/2057
f 3069/1780/2057 1300/2994/2054 721/872/2056 1301/2995/2059
f 1302/2997/2058 3069/1780/2057 1301/2995/2059 720/870/2060
f 879/1045/1444 2458/2676/1451 3070/1781/2061 1304/3000/2062
f 2458/2676/1451 878/1044/1450 1302/2997/2058 3070/1781/2061
f 3070/1781/2061 1302/2997/2058 720/870/2060 1303/2998/2063
f 1304/3000/2062 3070/1781/2061 1303/2998/2063 719/868/2064
f 880/1046/1438 2455/2673/1445 3071/1782/2065 1306/3003/2066
f 2455/2673/1445 879/1045/1444 1304/3000/2062 3071/1782/2065
f 3071/1782/2065 1304/3000/2062 719/868/2064 1305/3001/2067
f 1306/3003/2066 3071/1782/2065 1305/3001/2067 718/866/2068
f 881/1047/1432 2452/2670/1439 3072/1783/2069 1308/3006/2070
f 2452/2670/1439 880/1046/1438 1306/3003/2066 3072/1783/2069
f 3072/1783/2069 1306/3003/2066 718/866/2068 1307/3004/2071
f 1308/3006/2070 3072/1783/2069 1307/3004/2071 717/864/2072
f 882/1048/1426 2449/2667/1433 3073/1784/2073 1310/3009/2074
f 2449/2667/1433 881/1047/1432 1308/3006/2070 3073/1784/2073
f 3073/1784/2073 1308/3006/2070 717/864/2072 1309/3007/2075
f 1310/3009/2074 3073/1784/2073 1309/3007/2075 716/862/2076
f 883/1049/1420 2446/2664/1427 3074/1785/2077 1312/3012/2078
f 2446/2664/1427 882/1048/1426 1310/3009/2074 3074/1785/2077
f 3074/1785/2077 1310/3009/2074 716/862/2076 1311/3010/2079
f 1312/3012/2078 3074/1785/2077 1311/3010/2079 715/860/2080
f 884/1050/1414 2443/2661/1421 3075/1786/2081 1314/3015/2082
f 2443/2661/1421 883/1049/1420 1312/3012/2078 3075/1786/2081
f 3075/1786/2081 1312/3012/2078 715/860/2080 1313/3013/2083
f 1314/3015/2082 3075/1786/2081 1313/3013/2083 714/858/2084
f 885/1052/1408 2440/2658/1415 3076/1787/2085 1316/3018/2086
f 2440/2658/1415 884/1050/1414 1314/3015/2082 3076/1787/2085
f 3076/1787/2085 1314/3015/2082 714/858/2084 1315/3016/2087
f 1316/3018/2086 3076/1787/2085 1315/3016/2087 713/855/2088
f 886/1053/1402 2437/2655/1409 3077/1788/2089 1318/3022/2090
f 2437/2655/1409 885/1051/1408 1316/3019/2086 3077/1788/2089
f 3077/1788/2089 1316/3019/2086 713/857/2088 1317/3020/2091
f 1318/3022/2090 3077/1788/2089 1317/3020/2091 712/853/2092
f 887/1054/1396 2434/2651/1403 3078/1789/2093 1320/3025/2094
f 2434/2651/1403 886/1053/1402 1318/3022/2090 3078/1789/2093
f 3078/1789/2093 1318/3022/2090 712/853/2092 1319/3023/2095
f 1320/3025/2094 3078/1789/2093 1319/3023/2095 711/851/2096
f 888/1055/1389 2431/2648/1397 3079/1790/2097 1322/3028/2098
f 2431/2648/1397 887/1054/1396 1320/3025/2094 3079/1790/2097
f 3079/1790/2097 1320/3025/2094 711/851/2096 1321/3026/2099
f 1322/3028/2098 3079/1790/2097 1321/3026/2099 710/849/2100
f 869/1035/1391 2427/2644/1390 3080/1791/2101 2745/2970/2025
f 2427/2644/1390 888/1055/1389 1322/3028/2098 3080/1791/2101
f 3080/1791/2101 1322/3028/2098 710/849/2100 1323/3029/2102
f 2745/2970/2025 3080/1791/2101 1323/3029/2102 709/847/2026
f 569/661/557 2012/2185/556 3081/1792/2103 1325/3032/2104
f 2012/2185/556 570/663/555 1324/3031/2105 3081/1792/2103
f 3081/1792/2103 1324/3031/2105 890/1057/1187 2325/2540/1184
f 1325/3032/2104 3081/1792/2103 2325/2540/1184 889/1056/1183
f 570/663/555 2016/2190/563 3082/1793/2106 1324/3031/2105
f 2016/2190/563 571/665/562 1326/3033/2107 3082/1793/2106
f 3082/1793/2106 1326/3033/2107 891/1058/1200 2332/2547/1198
f 1324/3031/2105 3082/1793/2106 2332/2547/1198 890/1057/1187
f 571/665/562 2019/2194/569 3083/1794/2108 1326/3033/2107
f 2019/2194/569 572/667/568 1327/3034/2109 3083/1794/2108
f 3083/1794/2108 1327/3034/2109 892/1059/1210 2337/2552/1208
f 1326/3033/2107 3083/1794/2108 2337/2552/1208 891/1058/1200
f 572/667/568 2022/2199/575 3084/1795/2110 1327/3034/2109
f 2022/2199/575 573/671/574 1328/3035/2111 3084/1795/2110
f 3084/1795/2110 1328/3035/2111 893/1060/1220 2342/2557/1218
f 1327/3034/2109 3084/1795/2110 2342/2557/1218 892/1059/1210
f 573/670/574 2025/2203/581 3085/1796/2112 1328/3036/2111
f 2025/2203/581 574/673/580 1329/3037/2113 3085/1796/2112
f 3085/1796/2112 1329/3037/2113 894/1062/1230 2347/2564/1228
f 1328/3036/2111 3085/1796/2112 2347/2564/1228 893/1061/1220
f 574/673/580 2028/2207/587 3086/1797/2114 1329/3037/2113
f 2028/2207/587 575/675/586 1330/3038/2115 3086/1797/2114
f 3086/1797/2114 1330/3038/2115 895/1063/1240 2352/2569/1238
f 1329/3037/2113 3086/1797/2114 2352/2569/1238 894/1062/1230
f 575/675/586 2031/2211/593 3087/1798/2116 1330/3038/2115
f 2031/2211/593 576/677/592 1331/3039/2117 3087/1798/2116
f 3087/1798/2116 1331/3039/2117 896/1064/1250 2357/2574/1248
f 1330/3038/2115 3087/1798/2116 2357/2574/1248 895/1063/1240
f 576/677/592 2034/2215/599 3088/1799/2118 1331/3039/2117
f 2034/2215/599 577/679/598 1332/3040/2119 3088/1799/2118
f 3088/1799/2118 1332/3040/2119 897/1065/1260 2362/2579/1258
f 1331/3039/2117 3088/1799/2118 2362/2579/1258 896/1064/1250
f 577/679/598 2037/2219/605 3089/1800/2120 1332/3040/2119
f 2037/2219/605 578/681/604 1333/3041/2121 3089/1800/2120
f 3089/1800/2120 1333/3041/2121 898/1066/1270 2367/2584/1268
f 1332/3040/2119 3089/1800/2120 2367/2584/1268 897/1065/1260
f 578/681/604 2040/2223/611 3090/1801/2122 1333/3041/2121
f 2040/2223/611 579/683/610 1334/3042/2123 3090/1801/2122
f 3090/1801/2122 1334/3042/2123 899/1067/1280 2372/2589/1278
f 1333/3041/2121 3090/1801/2122 2372/2589/1278 898/1066/1270
f 579/683/610 2043/2227/617 3091/1802/2124 1334/3042/2123
f 2043/2227/617 580/685/616 1335/3043/2125 3091/1802/2124
f 3091/1802/2124 1335/3043/2125 900/1068/1290 2377/2594/1288
f 1334/3042/2123 3091/1802/2124 2377/2594/1288 899/1067/1280
f 580/685/616 2046/2231/623 3092/1803/2126 1335/3043/2125
f 2046/2231/623 581/687/622 1336/3044/2127 3092/1803/2126
f 3092/1803/2126 1336/3044/2127 901/1069/1300 2382/2599/1298
f 1335/3043/2125 3092/1803/2126 2382/2599/1298 900/1068/1290
f 581/687/622 2049/2235/629 3093/1804/2128 1336/3044/2127
f 2049/2235/629 582/689/628 1337/3045/2129 3093/1804/2128
f 3093/1804/2128 1337/3045/2129 902/1070/1310 2387/2604/1308
f 1336/3044/2127 3093/1804/2128 2387/2604/1308 901/1069/1300
f 582/689/628 2052/2239/635 3094/1805/2130 1337/3045/2129
f 2052/2239/635 583/691/634 1338/3046/2131 3094/1805/2130
f 3094/1805/2130 1338/3046/2131 903/1071/1320 2392/2609/1318
f 1337/3045/2129 3094/1805/2130 2392/2609/1318 902/1070/1310
f 583/691/634 2055/2243/641 3095/1806/2132 1338/3046/2131
f 2055/2243/641 584/693/640 1339/3047/2133 3095/1806/2132
f 3095/1806/2132 1339/3047/2133 904/1072/1330 2397/2614/1328
f 1338/3046/2131 3095/1806/2132 2397/2614/1328 903/1071/1320
f 584/693/640 2058/2247/647 3096/1807/2134 1339/3047/2133
f 2058/2247/647 585/695/646 1340/3048/2135 3096/1807/2134
f 3096/1807/2134 1340/3048/2135 905/1073/1340 2402/2619/1338
f 1339/3047/2133 3096/1807/2134 2402/2619/1338 904/1072/1330
f 585/695/646 2061/2251/653 3097/1808/2136 1340/3048/2135
f 2061/2251/653 586/697/652 1341/3049/2137 3097/1808/2136
f 3097/1808/2136 1341/3049/2137 906/1074/1350 2407/2624/1348
f 1340/3048/2135 3097/1808/2136 2407/2624/1348 905/1073/1340
f 586/697/652 2064/2255/659 3098/1809/2138 1341/3049/2137
f 2064/2255/659 587/699/658 1342/3050/2139 3098/1809/2138
f 3098/1809/2138 1342/3050/2139 907/1075/1360 2412/2629/1358
f 1341/3049/2137 3098/1809/2138 2412/2629/1358 906/1074/1350
f 587/699/658 2067/2259/665 3099/1810/2140 1342/3050/2139
f 2067/2259/665 588/701/664 1343/3051/2141 3099/1810/2140
f 3099/1810/2140 1343/3051/2141 908/1076/1370 2417/2634/1368
f 1342/3050/2139 3099/1810/2140 2417/2634/1368 907/1075/1360
f 588/701/664 2069/2262/668 3100/1811/2142 1343/3051/2141
f 2069/2262/668 569/661/557 1325/3032/2104 3100/1811/2142
f 3100/1811/2142 1325/3032/2104 889/1056/1183 2422/2639/1378
f 1343/3051/2141 3100/1811/2142 2422/2639/1378 908/1076/1370
f 1049/1221/2143 1344/3052/2144 3101/1812/2145 1346/3054/2146
f 1344/3052/2144 1050/1222/2147 1345/3053/2148 3101/1812/2145
f 3101/1812/2145 1345/3053/2148 910/1078/793 2130/2344/790
f 1346/3054/2146 3101/1812/2145 2130/2344/790 909/1077/789
f 1050/1222/2147 1347/3055/2149 3102/1813/2150 1345/3053/2148
f 1347/3055/2149 1051/1223/2151 1348/3056/2152 3102/1813/2150
f 3102/1813/2150 1348/3056/2152 911/1079/797 2133/2347/795
f 1345/3053/2148 3102/1813/2150 2133/2347/795 910/1078/793
f 1051/1223/2151 1349/3057/2153 3103/1814/2154 1348/3056/2152
f 1349/3057/2153 1052/1224/2155 1350/3058/2156 3103/1814/2154
f 3103/1814/2154 1350/3058/2156 912/1080/801 2135/2349/799
f 1348/3056/2152 3103/1814/2154 2135/2349/799 911/1079/797
f 1052/1224/2155 1351/3059/2157 3104/1815/2158 1350/3058/2156
f 1351/3059/2157 1053/1225/2159 1352/3060/2160 3104/1815/2158
f 3104/1815/2158 1352/3060/2160 913/1081/805 2137/2351/803
f 1350/3058/2156 3104/1815/2158 2137/2351/803 912/1080/801
f 1053/1225/2159 1353/3061/2161 3105/1816/2162 1352/3060/2160
f 1353/3061/2161 1054/1226/2163 1354/3062/2164 3105/1816/2162
f 3105/1816/2162 1354/3062/2164 914/1082/809 2139/2353/807
f 1352/3060/2160 3105/1816/2162 2139/2353/807 913/1081/805
f 1054/1226/2163 1355/3063/2165 3106/1817/2166 1354/3062/2164
f 1355/3063/2165 1055/1227/2167 1356/3064/2168 3106/1817/2166
f 3106/1817/2166 1356/3064/2168 915/1083/813 2141/2355/811
f 1354/3062/2164 3106/1817/2166 2141/2355/811 914/1082/809
f 1055/1227/2167 1357/3065/2169 3107/1818/2170 1356/3064/2168
f 1357/3065/2169 1056/1228/2171 1358/3066/2172 3107/1818/2170
f 3107/1818/2170 1358/3066/2172 916/1084/817 2143/2357/815
f 1356/3064/2168 3107/1818/2170 2143/2357/815 915/1083/813
f 1056/1228/2171 1359/3067/2173 3108/1819/2174 1358/3066/2172
f 1359/3067/2173 1057/1229/2175 1360/3068/2176 3108/1819/2174
f 3108/1819/2174 1360/3068/2176 917/1085/821 2145/2359/819
f 1358/3066/2172 3108/1819/2174 2145/2359/819 916/1084/817
f 1057/1229/2175 1361/3069/2177 3109/1820/2178 1360/3068/2176
f 1361/3069/2177 1058/1230/2179 1362/3070/2180 3109/1820/2178
f 3109/1820/2178 1362/3070/2180 918/1086/825 2147/2361/823
f 1360/3068/2176 3109/1820/2178 2147/2361/823 917/1085/821
f 1058/1230/2179 1363/3071/2181 3110/1821/2182 1362/3070/2180
f 1363/3071/2181 1059/1231/2183 1364/3072/2184 3110/1821/2182
f 3110/1821/2182 1364/3072/2184 919/1087/829 2149/2363/827
f 1362/3070/2180 3110/1821/2182 2149/2363/827 918/1086/825
f 1059/1231/2183 1365/3073/2185 3111/1822/2186 1364/3072/2184
f 1365/3073/2185 1060/1232/2187 1366/3074/2188 3111/1822/2186
f 3111/1822/2186 1366/3074/2188 920/1088/833 2151/2365/831
f 1364/3072/2184 3111/1822/2186 2151/2365/831 919/1087/829
f 1060/1232/2187 1367/3075/2189 3112/1823/2190 1366/3074/2188
f 1367/3075/2189 1061/1233/2191 1368/3076/2192 3112/1823/2190
f 3112/1823/2190 1368/3076/2192 921/1089/837 2153/2367/835
f 1366/3074/2188 3112/1823/2190 2153/2367/835 920/1088/833
f 1061/1233/2191 1369/3077/2193 3113/1824/2194 1368/3076/2192
f 1369/3077/2193 1062/1234/2195 1370/3078/2196 3113/1824/2194
f 3113/1824/2194 1370/3078/2196 922/1090/841 2155/2369/839
f 1368/3076/2192 3113/1824/2194 2155/2369/839 921/1089/837
f 1062/1234/2195 1371/3079/2197 3114/1825/2198 1370/3078/2196
f 1371/3079/2197 1063/1235/2199 1372/3080/2200 3114/1825/2198
f 3114/1825/2198 1372/3080/2200 923/1091/845 2157/2371/843
f 1370/3078/2196 3114/1825/2198 2157/2371/843 922/1090/841
f 1063/1235/2199 1373/3081/2201 3115/1826/2202 1372/3080/2200
f 1373/3081/2201 1064/1236/2203 1374/3082/2204 3115/1826/2202
f 3115/1826/2202 1374/3082/2204 924/1092/849 2159/2373/847
f 1372/3080/2200 3115/1826/2202 2159/2373/847 923/1091/845
f 1064/1236/2203 1375/3083/2205 3116/1827/2206 1374/3082/2204
f 1375/3083/2205 1065/1237/2207 1376/3084/2208 3116/1827/2206
f 3116/1827/2206 1376/3084/2208 925/1093/853 2161/2375/851
f 1374/3082/2204 3116/1827/2206 2161/2375/851 924/1092/849
f 1065/1237/2207 1377/3085/2209 3117/1828/2210 1376/3084/2208
f 1377/3085/2209 1066/1238/2211 1378/3086/2212 3117/1828/2210
f 3117/1828/2210 1378/3086/2212 926/1094/857 2163/2377/855
f 1376/3084/2208 3117/1828/2210 2163/2377/855 925/1093/853
f 1066/1238/2211 1379/3087/2213 3118/1829/2214 1378/3086/2212
f 1379/3087/2213 1067/1239/2215 1380/3088/2216 3118/1829/2214
f 3118/1829/2214 1380/3088/2216 927/1095/861 2165/2379/859
f 1378/3086/2212 3118/1829/2214 2165/2379/859 926/1094/857
f 1067/1239/2215 1381/3089/2217 3119/1830/2218 1380/3088/2216
f 1381/3089/2217 1068/1240/2219 1382/3090/2220 3119/1830/2218
f 3119/1830/2218 1382/3090/2220 928/1096/865 2167/2381/863
f 1380/3088/2216 3119/1830/2218 2167/2381/863 927/1095/861
f 1068/1240/2219 1383/3091/2221 3120/1831/2222 1382/3090/2220
f 1383/3091/2221 1049/1221/2143 1346/3054/2146 3120/1831/2222
f 3120/1831/2222 1346/3054/2146 909/1077/789 2169/2383/867
f 1382/3090/2220 3120/1831/2222 2169/2383/867 928/1096/865
f 549/640/2223 1384/3092/2224 3121/1832/2225 1386/3094/2226
f 1384/3092/2224 568/659/2227 1385/3093/2228 3121/1832/2225
f 3121/1832/2225 1385/3093/2228 930/1098/1054 2263/2477/1060
f 1386/3094/2226 3121/1832/2225 2263/2477/1060 929/1097/947
f 568/659/2227 1387/3095/2229 3122/1833/2230 1385/3093/2228
f 1387/3095/2229 567/658/2231 1388/3096/2232 3122/1833/2230
f 3122/1833/2230 1388/3096/2232 931/1099/1048 2260/2474/1055
f 1385/3093/2228 3122/1833/2230 2260/2474/1055 930/1098/1054
f 567/658/2231 1389/3097/2233 3123/1834/2234 1388/3096/2232
f 1389/3097/2233 566/657/2235 1390/3098/2236 3123/1834/2234
f 3123/1834/2234 1390/3098/2236 932/1100/1042 2257/2471/1049
f 1388/3096/2232 3123/1834/2234 2257/2471/1049 931/1099/1048
f 566/657/2235 1391/3099/2237 3124/1835/2238 1390/3098/2236
f 1391/3099/2237 565/656/2239 1392/3100/2240 3124/1835/2238
f 3124/1835/2238 1392/3100/2240 933/1101/1036 2254/2468/1043
f 1390/3098/2236 3124/1835/2238 2254/2468/1043 932/1100/1042
f 565/656/2239 1393/3101/2241 3125/1836/2242 1392/3100/2240
f 1393/3101/2241 564/655/2243 1394/3102/2244 3125/1836/2242
f 3125/1836/2242 1394/3102/2244 934/1102/1030 2251/2465/1037
f 1392/3100/2240 3125/1836/2242 2251/2465/1037 933/1101/1036
f 564/655/2243 1395/3103/2245 3126/1837/2246 1394/3102/2244
f 1395/3103/2245 563/654/2247 1396/3104/2248 3126/1837/2246
f 3126/1837/2246 1396/3104/2248 935/1103/1024 2248/2462/1031
f 1394/3102/2244 3126/1837/2246 2248/2462/1031 934/1102/1030
f 563/654/2247 1397/3105/2249 3127/1838/2250 1396/3104/2248
f 1397/3105/2249 562/653/2251 1398/3106/2252 3127/1838/2250
f 3127/1838/2250 1398/3106/2252 936/1104/1018 2245/2459/1025
f 1396/3104/2248 3127/1838/2250 2245/2459/1025 935/1103/1024
f 562/653/2251 1399/3107/2253 3128/1839/2254 1398/3106/2252
f 1399/3107/2253 561/652/2255 1400/3108/2256 3128/1839/2254
f 3128/1839/2254 1400/3108/2256 937/1105/1012 2242/2456/1019
f 1398/3106/2252 3128/1839/2254 2242/2456/1019 936/1104/1018
f 561/652/2255 1401/3109/2257 3129/1840/2258 1400/3108/2256
f 1401/3109/2257 560/651/2259 1402/3110/2260 3129/1840/2258
f 3129/1840/2258 1402/3110/2260 938/1106/1006 2239/2453/1013
f 1400/3108/2256 3129/1840/2258 2239/2453/1013 937/1105/1012
f 560/651/2259 1403/3111/2261 3130/1841/2262 1402/3110/2260
f 1403/3111/2261 559/650/2263 1404/3112/2264 3130/1841/2262
f 3130/1841/2262 1404/3112/2264 939/1107/1000 2236/2450/1007
f 1402/3110/2260 3130/1841/2262 2236/2450/1007 938/1106/1006
f 559/650/2263 1405/3113/2265 3131/1842/2266 1404/3112/2264
f 1405/3113/2265 558/649/2267 1406/3114/2268 3131/1842/2266
f 3131/1842/2266 1406/3114/2268 940/1108/994 2233/2447/1001
f 1404/3112/2264 3131/1842/2266 2233/2447/1001 939/1107/1000
f 558/649/2267 1407/3115/2269 3132/1843/2270 1406/3114/2268
f 1407/3115/2269 557/648/2271 1408/3116/2272 3132/1843/2270
f 3132/1843/2270 1408/3116/2272 941/1109/988 2230/2444/995
f 1406/3114/2268 3132/1843/2270 2230/2444/995 940/1108/994
f 557/648/2271 1409/3117/2273 3133/1844/2274 1408/3116/2272
f 1409/3117/2273 556/647/2275 1410/3118/2276 3133/1844/2274
f 3133/1844/2274 1410/3118/2276 942/1110/982 2227/2441/989
f 1408/3116/2272 3133/1844/2274 2227/2441/989 941/1109/988
f 556/647/2275 1411/3119/2277 3134/1845/2278 1410/3118/2276
f 1411/3119/2277 555/646/2279 1412/3120/2280 3134/1845/2278
f 3134/1845/2278 1412/3120/2280 943/1111/976 2224/2438/983
f 1410/3118/2276 3134/1845/2278 2224/2438/983 942/1110/982
f 555/646/2279 1413/3121/2281 3135/1846/2282 1412/3120/2280
f 1413/3121/2281 554/645/2283 1414/3122/2284 3135/1846/2282
f 3135/1846/2282 1414/3122/2284 944/1112/970 2221/2435/977
f 1412/3120/2280 3135/1846/2282 2221/2435/977 943/1111/976
f 554/645/2283 1415/3123/2285 3136/1847/2286 1414/3122/2284
f 1415/3123/2285 553/644/2287 1416/3124/2288 3136/1847/2286
f 3136/1847/2286 1416/3124/2288 945/1113/964 2218/2432/971
f 1414/3122/2284 3136/1847/2286 2218/2432/971 944/1112/970
f 553/644/2287 1417/3125/2289 3137/1848/2290 1416/3124/2288
f 1417/3125/2289 552/643/2291 1418/3126/2292 3137/1848/2290
f 3137/1848/2290 1418/3126/2292 946/1114/958 2215/2429/965
f 1416/3124/2288 3137/1848/2290 2215/2429/965 945/1113/964
f 552/643/2291 1419/3127/2293 3138/1849/2294 1418/3126/2292
f 1419/3127/2293 551/642/2295 1420/3128/2296 3138/1849/2294
f 3138/1849/2294 1420/3128/2296 947/1115/952 2212/2426/959
f 1418/3126/2292 3138/1849/2294 2212/2426/959 946/1114/958
f 551/642/2295 1421/3129/2297 3139/1850/2298 1420/3128/2296
f 1421/3129/2297 550/641/2299 1422/3130/2300 3139/1850/2298
f 3139/1850/2298 1422/3130/2300 948/1116/943 2209/2423/953
f 1420/3128/2296 3139/1850/2298 2209/2423/953 947/1115/952
f 550/641/2299 1423/3131/2301 3140/1851/2302 1422/3130/2300
f 1423/3131/2301 549/640/2223 1386/3094/2226 3140/1851/2302
f 3140/1851/2302 1386/3094/2226 929/1097/947 2205/2419/944
f 1422/3130/2300 3140/1851/2302 2205/2419/944 948/1116/943
f 710/850/2100 1321/3027/2099 3141/1852/2303 1426/3134/2304
f 1321/3027/2099 711/852/2096 1424/3132/2305 3141/1852/2303
f 3141/1852/2303 1424/3132/2305 950/1118/2306 1425/3133/2307
f 1426/3134/2304 3141/1852/2303 1425/3133/2307 949/1117/2308
f 711/852/2096 1319/3024/2095 3142/1853/2309 1424/3132/2305
f 1319/3024/2095 712/854/2092 1427/3135/2310 3142/1853/2309
f 3142/1853/2309 1427/3135/2310 951/1119/2311 1428/3136/2312
f 1424/3132/2305 3142/1853/2309 1428/3136/2312 950/1118/2306
f 712/854/2092 1317/3021/2091 3143/1854/2313 1427/3135/2310
f 1317/3021/2091 713/856/2088 1429/3137/2314 3143/1854/2313
f 3143/1854/2313 1429/3137/2314 952/1120/2315 1430/3138/2316
f 1427/3135/2310 3143/1854/2313 1430/3138/2316 951/1119/2311
f 713/856/2088 1315/3017/2087 3144/1855/2317 1429/3137/2314
f 1315/3017/2087 714/859/2084 1431/3139/2318 3144/1855/2317
f 3144/1855/2317 1431/3139/2318 953/1121/2319 1432/3140/2320
f 1429/3137/2314 3144/1855/2317 1432/3140/2320 952/1120/2315
f 714/859/2084 1313/3014/2083 3145/1856/2321 1431/3139/2318
f 1313/3014/2083 715/861/2080 1433/3141/2322 3145/1856/2321
f 3145/1856/2321 1433/3141/2322 954/1122/2323 1434/3142/2324
f 1431/3139/2318 3145/1856/2321 1434/3142/2324 953/1121/2319
f 715/861/2080 1311/3011/2079 3146/1857/2325 1433/3141/2322
f 1311/3011/2079 716/863/2076 1435/3143/2326 3146/1857/2325
f 3146/1857/2325 1435/3143/2326 955/1123/2327 1436/3144/2328
f 1433/3141/2322 3146/1857/2325 1436/3144/2328 954/1122/2323
f 716/863/2076 1309/3008/2075 3147/1858/2329 1435/3143/2326
f 1309/3008/2075 717/865/2072 1437/3145/2330 3147/1858/2329
f 3147/1858/2329 1437/3145/2330 956/1124/2331 1438/3146/2332
f 1435/3143/2326 3147/1858/2329 1438/3146/2332 955/1123/2327
f 717/865/2072 1307/3005/2071 3148/1859/2333 1437/3145/2330
f 1307/3005/2071 718/867/2068 1439/3147/2334 3148/1859/2333
f 3148/1859/2333 1439/3147/2334 957/1125/2335 1440/3148/2336
f 1437/3145/2330 3148/1859/2333 1440/3148/2336 956/1124/2331
f 718/867/2068 1305/3002/2067 3149/1860/2337 1439/3147/2334
f 1305/3002/2067 719/869/2064 1441/3149/2338 3149/1860/2337
f 3149/1860/2337 1441/3149/2338 958/1126/2339 1442/3150/2340
f 1439/3147/2334 3149/1860/2337 1442/3150/2340 957/1125/2335
f 719/869/2064 1303/2999/2063 3150/1861/2341 1441/3149/2338
f 1303/2999/2063 720/871/2060 1443/3151/2342 3150/1861/2341
f 3150/1861/2341 1443/3151/2342 959/1127/2343 1444/3152/2344
f 1441/3149/2338 3150/1861/2341 1444/3152/2344 958/1126/2339
f 720/871/2060 1301/2996/2059 3151/1862/2345 1443/3151/2342
f 1301/2996/2059 721/873/2056 1445/3153/2346 3151/1862/2345
f 3151/1862/2345 1445/3153/2346 960/1128/2347 1446/3154/2348
f 1443/3151/2342 3151/1862/2345 1446/3154/2348 959/1127/2343
f 721/873/2056 1299/2993/2055 3152/1863/2349 1445/3153/2346
f 1299/2993/2055 722/875/2052 1447/3155/2350 3152/1863/2349
f 3152/1863/2349 1447/3155/2350 961/1129/2351 1448/3156/2352
f 1445/3153/2346 3152/1863/2349 1448/3156/2352 960/1128/2347
f 722/875/2052 1297/2990/2051 3153/1864/2353 1447/3155/2350
f 1297/2990/2051 723/877/2048 1449/3157/2354 3153/1864/2353
f 3153/1864/2353 1449/3157/2354 962/1130/2355 1450/3158/2356
f 1447/3155/2350 3153/1864/2353 1450/3158/2356 961/1129/2351
f 723/877/2048 1295/2987/2047 3154/1865/2357 1449/3157/2354
f 1295/2987/2047 724/879/2044 1451/3159/2358 3154/1865/2357
f 3154/1865/2357 1451/3159/2358 963/1131/2359 1452/3160/2360
f 1449/3157/2354 3154/1865/2357 1452/3160/2360 962/1130/2355
f 724/879/2044 1293/2984/2043 3155/1866/2361 1451/3159/2358
f 1293/2984/2043 725/881/2040 1453/3161/2362 3155/1866/2361
f 3155/1866/2361 1453/3161/2362 964/1132/2363 1454/3162/2364
f 1451/3159/2358 3155/1866/2361 1454/3162/2364 963/1131/2359
f 725/881/2040 1291/2981/2039 3156/1867/2365 1453/3161/2362
f 1291/2981/2039 726/883/2036 1455/3163/2366 3156/1867/2365
f 3156/1867/2365 1455/3163/2366 965/1133/2367 1456/3164/2368
f 1453/3161/2362 3156/1867/2365 1456/3164/2368 964/1132/2363
f 726/883/2036 2750/2978/2035 3157/1868/2369 1455/3163/2366
f 2750/2978/2035 727/885/2032 1457/3165/2370 3157/1868/2369
f 3157/1868/2369 1457/3165/2370 966/1134/2371 1458/3166/2372
f 1455/3163/2366 3157/1868/2369 1458/3166/2372 965/1133/2367
f 727/885/2032 2748/2975/2031 3158/1869/2373 1457/3165/2370
f 2748/2975/2031 728/887/2028 1459/3167/2374 3158/1869/2373
f 3158/1869/2373 1459/3167/2374 967/1135/2375 1460/3168/2376
f 1457/3165/2370 3158/1869/2373 1460/3168/2376 966/1134/2371
f 728/887/2028 2746/2972/2027 3159/1870/2377 1459/3167/2374
f 2746/2972/2027 709/848/2026 1461/3169/2378 3159/1870/2377
f 3159/1870/2377 1461/3169/2378 968/1136/2379 1462/3170/2380
f 1459/3167/2374 3159/1870/2377 1462/3170/2380 967/1135/2375
f 709/848/2026 1323/3030/2102 3160/1871/2381 1461/3169/2378
f 1323/3030/2102 710/850/2100 1426/3134/2304 3160/1871/2381
f 3160/1871/2381 1426/3134/2304 949/1117/2308 1463/3171/2382
f 1461/3169/2378 3160/1871/2381 1463/3171/2382 968/1136/2379
f 650/785/2383 1464/3172/2384 3161/1872/2385 1466/3174/2386
f 1464/3172/2384 649/784/2387 1465/3173/2388 3161/1872/2385
f 3161/1872/2385 1465/3173/2388 970/1138/1196 2329/2544/1193
f 1466/3174/2386 3161/1872/2385 2329/2544/1193 969/1137/1192
f 649/784/2387 1467/3175/2389 3162/1873/2390 1465/3173/2388
f 1467/3175/2389 668/804/2391 1468/3176/2392 3162/1873/2390
f 3162/1873/2390 1468/3176/2392 971/1139/1374 2424/2641/1381
f 1465/3173/2388 3162/1873/2390 2424/2641/1381 970/1138/1196
f 668/804/2391 1469/3177/2393 3163/1874/2394 1468/3176/2392
f 1469/3177/2393 667/803/2395 1470/3178/2396 3163/1874/2394
f 3163/1874/2394 1470/3178/2396 972/1140/1364 2420/2637/1375
f 1468/3176/2392 3163/1874/2394 2420/2637/1375 971/1139/1374
f 667/803/2395 1471/3179/2397 3164/1875/2398 1470/3178/2396
f 1471/3179/2397 666/802/2399 1472/3180/2400 3164/1875/2398
f 3164/1875/2398 1472/3180/2400 973/1141/1354 2415/2632/1365
f 1470/3178/2396 3164/1875/2398 2415/2632/1365 972/1140/1364
f 666/802/2399 1473/3181/2401 3165/1876/2402 1472/3180/2400
f 1473/3181/2401 665/801/2403 1474/3182/2404 3165/1876/2402
f 3165/1876/2402 1474/3182/2404 974/1142/1344 2410/2627/1355
f 1472/3180/2400 3165/1876/2402 2410/2627/1355 973/1141/1354
f 665/801/2403 1475/3183/2405 3166/1877/2406 1474/3182/2404
f 1475/3183/2405 664/800/2407 1476/3184/2408 3166/1877/2406
f 3166/1877/2406 1476/3184/2408 975/1143/1334 2405/2622/1345
f 1474/3182/2404 3166/1877/2406 2405/2622/1345 974/1142/1344
f 664/800/2407 1477/3185/2409 3167/1878/2410 1476/3184/2408
f 1477/3185/2409 663/799/2411 1478/3186/2412 3167/1878/2410
f 3167/1878/2410 1478/3186/2412 976/1144/1324 2400/2617/1335
f 1476/3184/2408 3167/1878/2410 2400/2617/1335 975/1143/1334
f 663/799/2411 1479/3187/2413 3168/1879/2414 1478/3186/2412
f 1479/3187/2413 662/798/2415 1480/3188/2416 3168/1879/2414
f 3168/1879/2414 1480/3188/2416 977/1145/1314 2395/2612/1325
f 1478/3186/2412 3168/1879/2414 2395/2612/1325 976/1144/1324
f 662/798/2415 1481/3189/2417 3169/1880/2418 1480/3188/2416
f 1481/3189/2417 661/797/2419 1482/3190/2420 3169/1880/2418
f 3169/1880/2418 1482/3190/2420 978/1146/1304 2390/2607/1315
f 1480/3188/2416 3169/1880/2418 2390/2607/1315 977/1145/1314
f 661/797/2419 1483/3191/2421 3170/1881/2422 1482/3190/2420
f 1483/3191/2421 660/796/2423 1484/3192/2424 3170/1881/2422
f 3170/1881/2422 1484/3192/2424 979/1147/1294 2385/2602/1305
f 1482/3190/2420 3170/1881/2422 2385/2602/1305 978/1146/1304
f 660/796/2423 1485/3193/2425 3171/1882/2426 1484/3192/2424
f 1485/3193/2425 659/795/2427 1486/3194/2428 3171/1882/2426
f 3171/1882/2426 1486/3194/2428 980/1148/1284 2380/2597/1295
f 1484/3192/2424 3171/1882/2426 2380/2597/1295 979/1147/1294
f 659/795/2427 1487/3195/2429 3172/1883/2430 1486/3194/2428
f 1487/3195/2429 658/794/2431 1488/3196/2432 3172/1883/2430
f 3172/1883/2430 1488/3196/2432 981/1149/1274 2375/2592/1285
f 1486/3194/2428 3172/1883/2430 2375/2592/1285 980/1148/1284
f 658/794/2431 1489/3197/2433 3173/1884/2434 1488/3196/2432
f 1489/3197/2433 657/793/2435 1490/3198/2436 3173/1884/2434
f 3173/1884/2434 1490/3198/2436 982/1150/1264 2370/2587/1275
f 1488/3196/2432 3173/1884/2434 2370/2587/1275 981/1149/1274
f 657/793/2435 1491/3199/2437 3174/1885/2438 1490/3198/2436
f 1491/3199/2437 656/792/2439 1492/3200/2440 3174/1885/2438
f 3174/1885/2438 1492/3200/2440 983/1151/1254 2365/2582/1265
f 1490/3198/2436 3174/1885/2438 2365/2582/1265 982/1150/1264
f 656/792/2439 1493/3201/2441 3175/1886/2442 1492/3200/2440
f 1493/3201/2441 655/791/2443 1494/3202/2444 3175/1886/2442
f 3175/1886/2442 1494/3202/2444 984/1152/1244 2360/2577/1255
f 1492/3200/2440 3175/1886/2442 2360/2577/1255 983/1151/1254
f 655/791/2443 1495/3203/2445 3176/1887/2446 1494/3202/2444
f 1495/3203/2445 654/790/2447 1496/3204/2448 3176/1887/2446
f 3176/1887/2446 1496/3204/2448 985/1153/1234 2355/2572/1245
f 1494/3202/2444 3176/1887/2446 2355/2572/1245 984/1152/1244
f 654/790/2447 1497/3205/2449 3177/1888/2450 1496/3204/2448
f 1497/3205/2449 653/788/2451 1498/3206/2452 3177/1888/2450
f 3177/1888/2450 1498/3206/2452 986/1155/1224 2350/2567/1235
f 1496/3204/2448 3177/1888/2450 2350/2567/1235 985/1153/1234
f 653/789/2451 1499/3208/2453 3178/1889/2454 1498/3207/2452
f 1499/3208/2453 652/787/2455 1500/3209/2456 3178/1889/2454
f 3178/1889/2454 1500/3209/2456 987/1156/1214 2345/2561/1225
f 1498/3207/2452 3178/1889/2454 2345/2561/1225 986/1154/1224
f 652/787/2455 1501/3210/2457 3179/1890/2458 1500/3209/2456
f 1501/3210/2457 651/786/2459 1502/3211/2460 3179/1890/2458
f 3179/1890/2458 1502/3211/2460 988/1157/1204 2340/2555/1215
f 1500/3209/2456 3179/1890/2458 2340/2555/1215 987/1156/1214
f 651/786/2459 1503/3212/2461 3180/1891/2462 1502/3211/2460
f 1503/3212/2461 650/785/2383 1466/3174/2386 3180/1891/2462
f 3180/1891/2462 1466/3174/2386 969/1137/1192 2335/2550/1205
f 1502/3211/2460 3180/1891/2462 2335/2550/1205 988/1157/1204
f 990/1159/1372 2423/2640/1380 3181/1892/2463 1506/3215/2464
f 2423/2640/1380 989/1158/1191 1504/3213/2465 3181/1892/2463
f 3181/1892/2463 1504/3213/2465 669/805/2466 1505/3214/2467
f 1506/3215/2464 3181/1892/2463 1505/3214/2467 707/845/2468
f 991/1160/1362 2419/2636/1373 3182/1893/2469 1508/3217/2470
f 2419/2636/1373 990/1159/1372 1506/3215/2464 3182/1893/2469
f 3182/1893/2469 1506/3215/2464 707/845/2468 1507/3216/2471
f 1508/3217/2470 3182/1893/2469 1507/3216/2471 705/843/2472
f 992/1161/1352 2414/2631/1363 3183/1894/2473 1510/3219/2474
f 2414/2631/1363 991/1160/1362 1508/3217/2470 3183/1894/2473
f 3183/1894/2473 1508/3217/2470 705/843/2472 1509/3218/2475
f 1510/3219/2474 3183/1894/2473 1509/3218/2475 703/841/2476
f 993/1162/1342 2409/2626/1353 3184/1895/2477 1512/3221/2478
f 2409/2626/1353 992/1161/1352 1510/3219/2474 3184/1895/2477
f 3184/1895/2477 1510/3219/2474 703/841/2476 1511/3220/2479
f 1512/3221/2478 3184/1895/2477 1511/3220/2479 701/839/2480
f 994/1163/1332 2404/2621/1343 3185/1896/2481 1514/3223/2482
f 2404/2621/1343 993/1162/1342 1512/3221/2478 3185/1896/2481
f 3185/1896/2481 1512/3221/2478 701/839/2480 1513/3222/2483
f 1514/3223/2482 3185/1896/2481 1513/3222/2483 699/837/2484
f 995/1164/1322 2399/2616/1333 3186/1897/2485 1516/3225/2486
f 2399/2616/1333 994/1163/1332 1514/3223/2482 3186/1897/2485
f 3186/1897/2485 1514/3223/2482 699/837/2484 1515/3224/2487
f 1516/3225/2486 3186/1897/2485 1515/3224/2487 697/835/2488
f 996/1165/1312 2394/2611/1323 3187/1898/2489 1518/3227/2490
f 2394/2611/1323 995/1164/1322 1516/3225/2486 3187/1898/2489
f 3187/1898/2489 1516/3225/2486 697/835/2488 1517/3226/2491
f 1518/3227/2490 3187/1898/2489 1517/3226/2491 695/833/2492
f 997/1166/1302 2389/2606/1313 3188/1899/2493 1520/3229/2494
f 2389/2606/1313 996/1165/1312 1518/3227/2490 3188/1899/2493
f 3188/1899/2493 1518/3227/2490 695/833/2492 1519/3228/2495
f 1520/3229/2494 3188/1899/2493 1519/3228/2495 693/831/2496
f 998/1167/1292 2384/2601/1303 3189/1900/2497 1522/3231/2498
f 2384/2601/1303 997/1166/1302 1520/3229/2494 3189/1900/2497
f 3189/1900/2497 1520/3229/2494 693/831/2496 1521/3230/2499
f 1522/3231/2498 3189/1900/2497 1521/3230/2499 691/829/2500
f 999/1168/1282 2379/2596/1293 3190/1901/2501 1524/3233/2502
f 2379/2596/1293 998/1167/1292 1522/3231/2498 3190/1901/2501
f 3190/1901/2501 1522/3231/2498 691/829/2500 1523/3232/2503
f 1524/3233/2502 3190/1901/2501 1523/3232/2503 689/827/2504
f 1000/1169/1272 2374/2591/1283 3191/1902/2505 1526/3235/2506
f 2374/2591/1283 999/1168/1282 1524/3233/2502 3191/1902/2505
f 3191/1902/2505 1524/3233/2502 689/827/2504 1525/3234/2507
f 1526/3235/2506 3191/1902/2505 1525/3234/2507 687/825/2508
f 1001/1170/1262 2369/2586/1273 3192/1903/2509 1528/3237/2510
f 2369/2586/1273 1000/1169/1272 1526/3235/2506 3192/1903/2509
f 3192/1903/2509 1526/3235/2506 687/825/2508 1527/3236/2511
f 1528/3237/2510 3192/1903/2509 1527/3236/2511 685/823/2512
f 1002/1171/1252 2364/2581/1263 3193/1904/2513 1530/3239/2514
f 2364/2581/1263 1001/1170/1262 1528/3237/2510 3193/1904/2513
f 3193/1904/2513 1528/3237/2510 685/823/2512 1529/3238/2515
f 1530/3239/2514 3193/1904/2513 1529/3238/2515 683/821/2516
f 1003/1172/1242 2359/2576/1253 3194/1905/2517 1532/3241/2518
f 2359/2576/1253 1002/1171/1252 1530/3239/2514 3194/1905/2517
f 3194/1905/2517 1530/3239/2514 683/821/2516 1531/3240/2519
f 1532/3241/2518 3194/1905/2517 1531/3240/2519 681/819/2520
f 1004/1173/1232 2354/2571/1243 3195/1906/2521 1534/3243/2522
f 2354/2571/1243 1003/1172/1242 1532/3241/2518 3195/1906/2521
f 3195/1906/2521 1532/3241/2518 681/819/2520 1533/3242/2523
f 1534/3243/2522 3195/1906/2521 1533/3242/2523 679/817/2524
f 1005/1175/1222 2349/2566/1233 3196/1907/2525 1536/3245/2526
f 2349/2566/1233 1004/1173/1232 1534/3243/2522 3196/1907/2525
f 3196/1907/2525 1534/3243/2522 679/817/2524 1535/3244/2527
f 1536/3245/2526 3196/1907/2525 1535/3244/2527 677/813/2528
f 1006/1176/1212 2344/2560/1223 3197/1908/2529 1538/3248/2530
f 2344/2560/1223 1005/1174/1222 1536/3246/2526 3197/1908/2529
f 3197/1908/2529 1536/3246/2526 677/814/2528 1537/3247/2531
f 1538/3248/2530 3197/1908/2529 1537/3247/2531 675/811/2532
f 1007/1177/1202 2339/2554/1213 3198/1909/2533 1540/3250/2534
f 2339/2554/1213 1006/1176/1212 1538/3248/2530 3198/1909/2533
f 3198/1909/2533 1538/3248/2530 675/811/2532 1539/3249/2535
f 1540/3250/2534 3198/1909/2533 1539/3249/2535 673/809/2536
f 1008/1178/1189 2334/2549/1203 3199/1910/2537 1542/3252/2538
f 2334/2549/1203 1007/1177/1202 1540/3250/2534 3199/1910/2537
f 3199/1910/2537 1540/3250/2534 673/809/2536 1541/3251/2539
f 1542/3252/2538 3199/1910/2537 1541/3251/2539 670/806/2540
f 989/1158/1191 2327/2542/1190 3200/1911/2541 1504/3213/2465
f 2327/2542/1190 1008/1178/1189 1542/3252/2538 3200/1911/2541
f 3200/1911/2541 1542/3252/2538 670/806/2540 1543/3253/2542
f 1504/3213/2465 3200/1911/2541 1543/3253/2542 669/805/2466
f 670/806/2540 1541/3251/2539 3201/1912/2543 1545/3255/2544
f 1541/3251/2539 673/809/2536 1544/3254/2545 3201/1912/2543
f 3201/1912/2543 1544/3254/2545 1010/1180/1074 2269/2483/1072
f 1545/3255/2544 3201/1912/2543 2269/2483/1072 1009/1179/1067
f 673/809/2536 1539/3249/2535 3202/1913/2546 1544/3254/2545
f 1539/3249/2535 675/811/2532 1546/3256/2547 3202/1913/2546
f 3202/1913/2546 1546/3256/2547 1011/1181/1080 2272/2486/1078
f 1544/3254/2545 3202/1913/2546 2272/2486/1078 1010/1180/1074
f 675/811/2532 1537/3247/2531 3203/1914/2548 1546/3256/2547
f 1537/3247/2531 677/814/2528 1547/3257/2549 3203/1914/2548
f 3203/1914/2548 1547/3257/2549 1012/1182/1086 2275/2489/1084
f 1546/3256/2547 3203/1914/2548 2275/2489/1084 1011/1181/1080
f 677/813/2528 1535/3244/2527 3204/1915/2550 1547/3258/2549
f 1535/3244/2527 679/817/2524 1548/3259/2551 3204/1915/2550
f 3204/1915/2550 1548/3259/2551 1013/1184/1092 2278/2493/1090
f 1547/3258/2549 3204/1915/2550 2278/2493/1090 1012/1183/1086
f 679/817/2524 1533/3242/2523 3205/1916/2552 1548/3259/2551
f 1533/3242/2523 681/819/2520 1549/3260/2553 3205/1916/2552
f 3205/1916/2552 1549/3260/2553 1014/1185/1098 2281/2496/1096
f 1548/3259/2551 3205/1916/2552 2281/2496/1096 1013/1184/1092
f 681/819/2520 1531/3240/2519 3206/1917/2554 1549/3260/2553
f 1531/3240/2519 683/821/2516 1550/3261/2555 3206/1917/2554
f 3206/1917/2554 1550/3261/2555 1015/1186/1104 2284/2499/1102
f 1549/3260/2553 3206/1917/2554 2284/2499/1102 1014/1185/1098
f 683/821/2516 1529/3238/2515 3207/1918/2556 1550/3261/2555
f 1529/3238/2515 685/823/2512 1551/3262/2557 3207/1918/2556
f 3207/1918/2556 1551/3262/2557 1016/1187/1110 2287/2502/1108
f 1550/3261/2555 3207/1918/2556 2287/2502/1108 1015/1186/1104
f 685/823/2512 1527/3236/2511 3208/1919/2558 1551/3262/2557
f 1527/3236/2511 687/825/2508 1552/3263/2559 3208/1919/2558
f 3208/1919/2558 1552/3263/2559 1017/1188/1116 2290/2505/1114
f 1551/3262/2557 3208/1919/2558 2290/2505/1114 1016/1187/1110
f 687/825/2508 1525/3234/2507 3209/1920/2560 1552/3263/2559
f 1525/3234/2507 689/827/2504 1553/3264/2561 3209/1920/2560
f 3209/1920/2560 1553/3264/2561 1018/1189/1122 2293/2508/1120
f 1552/3263/2559 3209/1920/2560 2293/2508/1120 1017/1188/1116
f 689/827/2504 1523/3232/2503 3210/1921/2562 1553/3264/2561
f 1523/3232/2503 691/829/2500 1554/3265/2563 3210/1921/2562
f 3210/1921/2562 1554/3265/2563 1019/1190/1128 2296/2511/1126
f 1553/3264/2561 3210/1921/2562 2296/2511/1126 1018/1189/1122
f 691/829/2500 1521/3230/2499 3211/1922/2564 1554/3265/2563
f 1521/3230/2499 693/831/2496 1555/3266/2565 3211/1922/2564
f 3211/1922/2564 1555/3266/2565 1020/1191/1134 2299/2514/1132
f 1554/3265/2563 3211/1922/2564 2299/2514/1132 1019/1190/1128
f 693/831/2496 1519/3228/2495 3212/1923/2566 1555/3266/2565
f 1519/3228/2495 695/833/2492 1556/3267/2567 3212/1923/2566
f 3212/1923/2566 1556/3267/2567 1021/1192/1140 2302/2517/1138
f 1555/3266/2565 3212/1923/2566 2302/2517/1138 1020/1191/1134
f 695/833/2492 1517/3226/2491 3213/1924/2568 1556/3267/2567
f 1517/3226/2491 697/835/2488 1557/3268/2569 3213/1924/2568
f 3213/1924/2568 1557/3268/2569 1022/1193/1146 2305/2520/1144
f 1556/3267/2567 3213/1924/2568 2305/2520/1144 1021/1192/1140
f 697/835/2488 1515/3224/2487 3214/1925/2570 1557/3268/2569
f 1515/3224/2487 699/837/2484 1558/3269/2571 3214/1925/2570
f 3214/1925/2570 1558/3269/2571 1023/1194/1152 2308/2523/1150
f 1557/3268/2569 3214/1925/2570 2308/2523/1150 1022/1193/1146
f 699/837/2484 1513/3222/2483 3215/1926/2572 1558/3269/2571
f 1513/3222/2483 701/839/2480 1559/3270/2573 3215/1926/2572
f 3215/1926/2572 1559/3270/2573 1024/1195/1158 2311/2526/1156
f 1558/3269/2571 3215/1926/2572 2311/2526/1156 1023/1194/1152
f 701/839/2480 1511/3220/2479 3216/1927/2574 1559/3270/2573
f 1511/3220/2479 703/841/2476 1560/3271/2575 3216/1927/2574
f 3216/1927/2574 1560/3271/2575 1025/1196/1164 2314/2529/1162
f 1559/3270/2573 3216/1927/2574 2314/2529/1162 1024/1195/1158
f 703/841/2476 1509/3218/2475 3217/1928/2576 1560/3271/2575
f 1509/3218/2475 705/843/2472 1561/3272/2577 3217/1928/2576
f 3217/1928/2576 1561/3272/2577 1026/1197/1170 2317/2532/1168
f 1560/3271/2575 3217/1928/2576 2317/2532/1168 1025/1196/1164
f 705/843/2472 1507/3216/2471 3218/1929/2578 1561/3272/2577
f 1507/3216/2471 707/845/2468 1562/3273/2579 3218/1929/2578
f 3218/1929/2578 1562/3273/2579 1027/1198/1176 2320/2535/1174
f 1561/3272/2577 3218/1929/2578 2320/2535/1174 1026/1197/1170
f 707/845/2468 1505/3214/2467 3219/1930/2580 1562/3273/2579
f 1505/3214/2467 669/805/2466 1563/3274/2581 3219/1930/2580
f 3219/1930/2580 1563/3274/2581 1028/1199/1063 2323/2538/1180
f 1562/3273/2579 3219/1930/2580 2323/2538/1180 1027/1198/1176
f 669/805/2466 1543/3253/2542 3220/1931/2582 1563/3274/2581
f 1543/3253/2542 670/806/2540 1545/3255/2544 3220/1931/2582
f 3220/1931/2582 1545/3255/2544 1009/1179/1067 2265/2479/1064
f 1563/3274/2581 3220/1931/2582 2265/2479/1064 1028/1199/1063
f 649/784/2387 1464/3172/2384 3221/1932/2583 1565/3276/2584
f 1464/3172/2384 650/785/2383 1564/3275/2585 3221/1932/2583
f 3221/1932/2583 1564/3275/2585 1030/1201/1947 2705/2929/1944
f 1565/3276/2584 3221/1932/2583 2705/2929/1944 1029/1200/1943
f 650/785/2383 1503/3212/2461 3222/1933/2586 1564/3275/2585
f 1503/3212/2461 651/786/2459 1566/3277/2587 3222/1933/2586
f 3222/1933/2586 1566/3277/2587 1031/1202/1951 2708/2932/1949
f 1564/3275/2585 3222/1933/2586 2708/2932/1949 1030/1201/1947
f 651/786/2459 1501/3210/2457 3223/1934/2588 1566/3277/2587
f 1501/3210/2457 652/787/2455 1567/3278/2589 3223/1934/2588
f 3223/1934/2588 1567/3278/2589 1032/1203/1955 2710/2934/1953
f 1566/3277/2587 3223/1934/2588 2710/2934/1953 1031/1202/1951
f 652/787/2455 1499/3208/2453 3224/1935/2590 1567/3278/2589
f 1499/3208/2453 653/789/2451 1568/3279/2591 3224/1935/2590
f 3224/1935/2590 1568/3279/2591 1033/1204/1959 2712/2936/1957
f 1567/3278/2589 3224/1935/2590 2712/2936/1957 1032/1203/1955
f 653/788/2451 1497/3205/2449 3225/1936/2592 1568/3280/2591
f 1497/3205/2449 654/790/2447 1569/3281/2593 3225/1936/2592
f 3225/1936/2592 1569/3281/2593 1034/1206/1963 2714/2939/1961
f 1568/3280/2591 3225/1936/2592 2714/2939/1961 1033/1205/1959
f 654/790/2447 1495/3203/2445 3226/1937/2594 1569/3281/2593
f 1495/3203/2445 655/791/2443 1570/3282/2595 3226/1937/2594
f 3226/1937/2594 1570/3282/2595 1035/1207/1967 2716/2941/1965
f 1569/3281/2593 3226/1937/2594 2716/2941/1965 1034/1206/1963
f 655/791/2443 1493/3201/2441 3227/1938/2596 1570/3282/2595
f 1493/3201/2441 656/792/2439 1571/3283/2597 3227/1938/2596
f 3227/1938/2596 1571/3283/2597 1036/1208/1971 2718/2943/1969
f 1570/3282/2595 3227/1938/2596 2718/2943/1969 1035/1207/1967
f 656/792/2439 1491/3199/2437 3228/1939/2598 1571/3283/2597
f 1491/3199/2437 657/793/2435 1572/3284/2599 3228/1939/2598
f 3228/1939/2598 1572/3284/2599 1037/1209/1975 2720/2945/1973
f 1571/3283/2597 3228/1939/2598 2720/2945/1973 1036/1208/1971
f 657/793/2435 1489/3197/2433 3229/1940/2600 1572/3284/2599
f 1489/3197/2433 658/794/2431 1573/3285/2601 3229/1940/2600
f 3229/1940/2600 1573/3285/2601 1038/1210/1979 2722/2947/1977
f 1572/3284/2599 3229/1940/2600 2722/2947/1977 1037/1209/1975
f 658/794/2431 1487/3195/2429 3230/1941/2602 1573/3285/2601
f 1487/3195/2429 659/795/2427 1574/3286/2603 3230/1941/2602
f 3230/1941/2602 1574/3286/2603 1039/1211/1983 2724/2949/1981
f 1573/3285/2601 3230/1941/2602 2724/2949/1981 1038/1210/1979
f 659/795/2427 1485/3193/2425 3231/1942/2604 1574/3286/2603
f 1485/3193/2425 660/796/2423 1575/3287/2605 3231/1942/2604
f 3231/1942/2604 1575/3287/2605 1040/1212/1987 2726/2951/1985
f 1574/3286/2603 3231/1942/2604 2726/2951/1985 1039/1211/1983
f 660/796/2423 1483/3191/2421 3232/1943/2606 1575/3287/2605
f 1483/3191/2421 661/797/2419 1576/3288/2607 3232/1943/2606
f 3232/1943/2606 1576/3288/2607 1041/1213/1991 2728/2953/1989
f 1575/3287/2605 3232/1943/2606 2728/2953/1989 1040/1212/1987
f 661/797/2419 1481/3189/2417 3233/1944/2608 1576/3288/2607
f 1481/3189/2417 662/798/2415 1577/3289/2609 3233/1944/2608
f 3233/1944/2608 1577/3289/2609 1042/1214/1995 2730/2955/1993
f 1576/3288/2607 3233/1944/2608 2730/2955/1993 1041/1213/1991
f 662/798/2415 1479/3187/2413 3234/1945/2610 1577/3289/2609
f 1479/3187/2413 663/799/2411 1578/3290/2611 3234/1945/2610
f 3234/1945/2610 1578/3290/2611 1043/1215/1999 2732/2957/1997
f 1577/3289/2609 3234/1945/2610 2732/2957/1997 1042/1214/1995
f 663/799/2411 1477/3185/2409 3235/1946/2612 1578/3290/2611
f 1477/3185/2409 664/800/2407 1579/3291/2613 3235/1946/2612
f 3235/1946/2612 1579/3291/2613 1044/1216/2003 2734/2959/2001
f 1578/3290/2611 3235/1946/2612 2734/2959/2001 1043/1215/1999
f 664/800/2407 1475/3183/2405 3236/1947/2614 1579/3291/2613
f 1475/3183/2405 665/801/2403 1580/3292/2615 3236/1947/2614
f 3236/1947/2614 1580/3292/2615 1045/1217/2007 2736/2961/2005
f 1579/3291/2613 3236/1947/2614 2736/2961/2005 1044/1216/2003
f 665/801/2403 1473/3181/2401 3237/1948/2616 1580/3292/2615
f 1473/3181/2401 666/802/2399 1581/3293/2617 3237/1948/2616
f 3237/1948/2616 1581/3293/2617 1046/1218/2011 2738/2963/2009
f 1580/3292/2615 3237/1948/2616 2738/2963/2009 1045/1217/2007
f 666/802/2399 1471/3179/2397 3238/1949/2618 1581/3293/2617
f 1471/3179/2397 667/803/2395 1582/3294/2619 3238/1949/2618
f 3238/1949/2618 1582/3294/2619 1047/1219/2015 2740/2965/2013
f 1581/3293/2617 3238/1949/2618 2740/2965/2013 1046/1218/2011
f 667/803/2395 1469/3177/2393 3239/1950/2620 1582/3294/2619
f 1469/3177/2393 668/804/2391 1583/3295/2621 3239/1950/2620
f 3239/1950/2620 1583/3295/2621 1048/1220/2019 2742/2967/2017
f 1582/3294/2619 3239/1950/2620 2742/2967/2017 1047/1219/2015
f 668/804/2391 1467/3175/2389 3240/1951/2622 1583/3295/2621
f 1467/3175/2389 649/784/2387 1565/3276/2584 3240/1951/2622
f 3240/1951/2622 1565/3276/2584 1029/1200/1943 2744/2969/2021
f 1583/3295/2621 3240/1951/2622 2744/2969/2021 1048/1220/2019
f 549/640/2223 1423/3131/2301 3241/1952/2623 1585/3297/2624
f 1423/3131/2301 550/641/2299 1584/3296/2625 3241/1952/2623
f 3241/1952/2623 1584/3296/2625 1050/1222/2147 1344/3052/2144
f 1585/3297/2624 3241/1952/2623 1344/3052/2144 1049/1221/2143
f 550/641/2299 1421/3129/2297 3242/1953/2626 1584/3296/2625
f 1421/3129/2297 551/642/2295 1586/3298/2627 3242/1953/2626
f 3242/1953/2626 1586/3298/2627 1051/1223/2151 1347/3055/2149
f 1584/3296/2625 3242/1953/2626 1347/3055/2149 1050/1222/2147
f 551/642/2295 1419/3127/2293 3243/1954/2628 1586/3298/2627
f 1419/3127/2293 552/643/2291 1587/3299/2629 3243/1954/2628
f 3243/1954/2628 1587/3299/2629 1052/1224/2155 1349/3057/2153
f 1586/3298/2627 3243/1954/2628 1349/3057/2153 1051/1223/2151
f 552/643/2291 1417/3125/2289 3244/1955/2630 1587/3299/2629
f 1417/3125/2289 553/644/2287 1588/3300/2631 3244/1955/2630
f 3244/1955/2630 1588/3300/2631 1053/1225/2159 1351/3059/2157
f 1587/3299/2629 3244/1955/2630 1351/3059/2157 1052/1224/2155
f 553/644/2287 1415/3123/2285 3245/1956/2632 1588/3300/2631
f 1415/3123/2285 554/645/2283 1589/3301/2633 3245/1956/2632
f 3245/1956/2632 1589/3301/2633 1054/1226/2163 1353/3061/2161
f 1588/3300/2631 3245/1956/2632 1353/3061/2161 1053/1225/2159
f 554/645/2283 1413/3121/2281 3246/1957/2634 1589/3301/2633
f 1413/3121/2281 555/646/2279 1590/3302/2635 3246/1957/2634
f 3246/1957/2634 1590/3302/2635 1055/1227/2167 1355/3063/2165
f 1589/3301/2633 3246/1957/2634 1355/3063/2165 1054/1226/2163
f 555/646/2279 1411/3119/2277 3247/1958/2636 1590/3302/2635
f 1411/3119/2277 556/647/2275 1591/3303/2637 3247/1958/2636
f 3247/1958/2636 1591/3303/2637 1056/1228/2171 1357/3065/2169
f 1590/3302/2635 3247/1958/2636 1357/3065/2169 1055/1227/2167
f 556/647/2275 1409/3117/2273 3248/1959/2638 1591/3303/2637
f 1409/3117/2273 557/648/2271 1592/3304/2639 3248/1959/2638
f 3248/1959/2638 1592/3304/2639 1057/1229/2175 1359/3067/2173
f 1591/3303/2637 3248/1959/2638 1359/3067/2173 1056/1228/2171
f 557/648/2271 1407/3115/2269 3249/1960/2640 1592/3304/2639
f 1407/3115/2269 558/649/2267 1593/3305/2641 3249/1960/2640
f 3249/1960/2640 1593/3305/2641 1058/1230/2179 1361/3069/2177
f 1592/3304/2639 3249/1960/2640 1361/3069/2177 1057/1229/2175
f 558/649/2267 1405/3113/2265 3250/1961/2642 1593/3305/2641
f 1405/3113/2265 559/650/2263 1594/3306/2643 3250/1961/2642
f 3250/1961/2642 1594/3306/2643 1059/1231/2183 1363/3071/2181
f 1593/3305/2641 3250/1961/2642 1363/3071/2181 1058/1230/2179
f 559/650/2263 1403/3111/2261 3251/1962/2644 1594/3306/2643
f 1403/3111/2261 560/651/2259 1595/3307/2645 3251/1962/2644
f 3251/1962/2644 1595/3307/2645 1060/1232/2187 1365/3073/2185
f 1594/3306/2643 3251/1962/2644 1365/3073/2185 1059/1231/2183
f 560/651/2259 1401/3109/2257 3252/1963/2646 1595/3307/2645
f 1401/3109/2257 561/652/2255 1596/3308/2647 3252/1963/2646
f 3252/1963/2646 1596/3308/2647 1061/1233/2191 1367/3075/2189
f 1595/3307/2645 3252/1963/2646 1367/3075/2189 1060/1232/2187
f 561/652/2255 1399/3107/2253 3253/1964/2648 1596/3308/2647
f 1399/3107/2253 562/653/2251 1597/3309/2649 3253/1964/2648
f 3253/1964/2648 1597/3309/2649 1062/1234/2195 1369/3077/2193
f 1596/3308/2647 3253/1964/2648 1369/3077/2193 1061/1233/2191
f 562/653/2251 1397/3105/2249 3254/1965/2650 1597/3309/2649
f 1397/3105/2249 563/654/2247 1598/3310/2651 3254/1965/2650
f 3254/1965/2650 1598/3310/2651 1063/1235/2199 1371/3079/2197
f 1597/3309/2649 3254/1965/2650 1371/3079/2197 1062/1234/2195
f 563/654/2247 1395/3103/2245 3255/1966/2652 1598/3310/2651
f 1395/3103/2245 564/655/2243 1599/3311/2653 3255/1966/2652
f 3255/1966/2652 1599/3311/2653 1064/1236/2203 1373/3081/2201
f 1598/3310/2651 3255/1966/2652 1373/3081/2201 1063/1235/2199
f 564/655/2243 1393/3101/2241 3256/1967/2654 1599/3311/2653
f 1393/3101/2241 565/656/2239 1600/3312/2655 3256/1967/2654
f 3256/1967/2654 1600/3312/2655 1065/1237/2207 1375/3083/2205
f 1599/3311/2653 3256/1967/2654 1375/3083/2205 1064/1236/2203
f 565/656/2239 1391/3099/2237 3257/1968/2656 1600/3312/2655
f 1391/3099/2237 566/657/2235 1601/3313/2657 3257/1968/2656
f 3257/1968/2656 1601/3313/2657 1066/1238/2211 1377/3085/2209
f 1600/3312/2655 3257/1968/2656 1377/3085/2209 1065/1237/2207
f 566/657/2235 1389/3097/2233 3258/1969/2658 1601/3313/2657
f 1389/3097/2233 567/658/2231 1602/3314/2659 3258/1969/2658
f 3258/1969/2658 1602/3314/2659 1067/1239/2215 1379/3087/2213
f 1601/3313/2657 3258/1969/2658 1379/3087/2213 1066/1238/2211
f 567/658/2231 1387/3095/2229 3259/1970/2660 1602/3314/2659
f 1387/3095/2229 568/659/2227 1603/3315/2661 3259/1970/2660
f 3259/1970/2660 1603/3315/2661 1068/1240/2219 1381/3089/2217
f 1602/3314/2659 3259/1970/2660 1381/3089/2217 1067/1239/2215
f 568/659/2227 1384/3092/2224 3260/1971/2662 1603/3315/2661
f 1384/3092/2224 549/640/2223 1585/3297/2624 3260/1971/2662
f 3260/1971/2662 1585/3297/2624 1049/1221/2143 1383/3091/2221
f 1603/3315/2661 3260/1971/2662 1383/3091/2221 1068/1240/2219
f 1089/1261/2663 1604/3316/2664 3261/1972/2665 1607/3319/2666
f 1604/3316/2664 1090/1262/2667 1605/3317/2668 3261/1972/2665
f 3261/1972/2665 1605/3317/2668 1070/1242/2669 1606/3318/2670
f 1607/3319/2666 3261/1972/2665 1606/3318/2670 1069/1241/2671
f 1090/1262/2667 1608/3320/2672 3262/1973/2673 1605/3317/2668
f 1608/3320/2672 1091/1263/2674 1609/3321/2675 3262/1973/2673
f 3262/1973/2673 1609/3321/2675 1071/1243/2676 1610/3322/2677
f 1605/3317/2668 3262/1973/2673 1610/3322/2677 1070/1242/2669
f 1091/1263/2674 1611/3323/2678 3263/1974/2679 1609/3321/2675
f 1611/3323/2678 1092/1264/2680 1612/3324/2681 3263/1974/2679
f 3263/1974/2679 1612/3324/2681 1072/1244/2682 1613/3325/2683
f 1609/3321/2675 3263/1974/2679 1613/3325/2683 1071/1243/2676
f 1092/1264/2680 1614/3326/2684 3264/1975/2685 1612/3324/2681
f 1614/3326/2684 1093/1265/2686 1615/3327/2687 3264/1975/2685
f 3264/1975/2685 1615/3327/2687 1073/1245/2688 1616/3328/2689
f 1612/3324/2681 3264/1975/2685 1616/3328/2689 1072/1244/2682
f 1093/1265/2686 1617/3329/2690 3265/1976/2691 1615/3327/2687
f 1617/3329/2690 1094/1266/2692 1618/3330/2693 3265/1976/2691
f 3265/1976/2691 1618/3330/2693 1074/1246/2694 1619/3331/2695
f 1615/3327/2687 3265/1976/2691 1619/3331/2695 1073/1245/2688
f 1094/1266/2692 1620/3332/2696 3266/1977/2697 1618/3330/2693
f 1620/3332/2696 1095/1267/2698 1621/3333/2699 3266/1977/2697
f 3266/1977/2697 1621/3333/2699 1075/1247/2700 1622/3334/2701
f 1618/3330/2693 3266/1977/2697 1622/3334/2701 1074/1246/2694
f 1095/1267/2698 1623/3335/2702 3267/1978/2703 1621/3333/2699
f 1623/3335/2702 1096/1268/2704 1624/3336/2705 3267/1978/2703
f 3267/1978/2703 1624/3336/2705 1076/1248/2706 1625/3337/2707
f 1621/3333/2699 3267/1978/2703 1625/3337/2707 1075/1247/2700
f 1096/1268/2704 1626/3338/2708 3268/1979/2709 1624/3336/2705
f 1626/3338/2708 1097/1269/2710 1627/3339/2711 3268/1979/2709
f 3268/1979/2709 1627/3339/2711 1077/1249/2712 1628/3340/2713
f 1624/3336/2705 3268/1979/2709 1628/3340/2713 1076/1248/2706
f 1097/1269/2710 1629/3341/2714 3269/1980/2715 1627/3339/2711
f 1629/3341/2714 1098/1270/2716 1630/3342/2717 3269/1980/2715
f 3269/1980/2715 1630/3342/2717 1078/1250/2718 1631/3343/2719
f 1627/3339/2711 3269/1980/2715 1631/3343/2719 1077/1249/2712
f 1098/1270/2716 1632/3344/2720 3270/1981/2721 1630/3342/2717
f 1632/3344/2720 1099/1271/2722 1633/3345/2723 3270/1981/2721
f 3270/1981/2721 1633/3345/2723 1079/1251/2724 1634/3346/2725
f 1630/3342/2717 3270/1981/2721 1634/3346/2725 1078/1250/2718
f 1099/1271/2722 1635/3347/2726 3271/1982/2727 1633/3345/2723
f 1635/3347/2726 1100/1272/2728 1636/3348/2729 3271/1982/2727
f 3271/1982/2727 1636/3348/2729 1080/1252/2730 1637/3349/2731
f 1633/3345/2723 3271/1982/2727 1637/3349/2731 1079/1251/2724
f 1100/1272/2728 1638/3350/2732 3272/1983/2733 1636/3348/2729
f 1638/3350/2732 1101/1273/2734 1639/3351/2735 3272/1983/2733
f 3272/1983/2733 1639/3351/2735 1081/1253/2736 1640/3352/2737
f 1636/3348/2729 3272/1983/2733 1640/3352/2737 1080/1252/2730
f 1101/1273/2734 1641/3353/2738 3273/1984/2739 1639/3351/2735
f 1641/3353/2738 1102/1274/2740 1642/3354/2741 3273/1984/2739
f 3273/1984/2739 1642/3354/2741 1082/1254/2742 1643/3355/2743
f 1639/3351/2735 3273/1984/2739 1643/3355/2743 1081/1253/2736
f 1102/1274/2740 1644/3356/2744 3274/1985/2745 1642/3354/2741
f 1644/3356/2744 1103/1275/2746 1645/3357/2747 3274/1985/2745
f 3274/1985/2745 1645/3357/2747 1083/1255/2748 1646/3358/2749
f 1642/3354/2741 3274/1985/2745 1646/3358/2749 1082/1254/2742
f 1103/1275/2746 1647/3359/2750 3275/1986/2751 1645/3357/2747
f 1647/3359/2750 1104/1276/2752 1648/3360/2753 3275/1986/2751
f 3275/1986/2751 1648/3360/2753 1084/1256/2754 1649/3361/2755
f 1645/3357/2747 3275/1986/2751 1649/3361/2755 1083/1255/2748
f 1104/1276/2752 1650/3362/2756 3276/1987/2757 1648/3360/2753
f 1650/3362/2756 1105/1277/2758 1651/3363/2759 3276/1987/2757
f 3276/1987/2757 1651/3363/2759 1085/1257/2760 1652/3364/2761
f 1648/3360/2753 3276/1987/2757 1652/3364/2761 1084/1256/2754
f 1105/1277/2758 1653/3365/2762 3277/1988/2763 1651/3363/2759
f 1653/3365/2762 1106/1278/2764 1654/3366/2765 3277/1988/2763
f 3277/1988/2763 1654/3366/2765 1086/1258/2766 1655/3367/2767
f 1651/3363/2759 3277/1988/2763 1655/3367/2767 1085/1257/2760
f 1106/1278/2764 1656/3368/2768 3278/1989/2769 1654/3366/2765
f 1656/3368/2768 1107/1279/2770 1657/3369/2771 3278/1989/2769
f 3278/1989/2769 1657/3369/2771 1087/1259/2772 1658/3370/2773
f 1654/3366/2765 3278/1989/2769 1658/3370/2773 1086/1258/2766
f 1107/1279/2770 1659/3371/2774 3279/1990/2775 1657/3369/2771
f 1659/3371/2774 1108/1280/2776 1660/3372/2777 3279/1990/2775
f 3279/1990/2775 1660/3372/2777 1088/1260/2778 1661/3373/2779
f 1657/3369/2771 3279/1990/2775 1661/3373/2779 1087/1259/2772
f 1108/1280/2776 1662/3374/2780 3280/1991/2781 1660/3372/2777
f 1662/3374/2780 1089/1261/2663 1607/3319/2666 3280/1991/2781
f 3280/1991/2781 1607/3319/2666 1069/1241/2671 1663/3375/2782
f 1660/3372/2777 3280/1991/2781 1663/3375/2782 1088/1260/2778
f 1090/1262/2667 1604/3316/2664 3281/1992/2783 1665/3377/2784
f 1604/3316/2664 1089/1261/2663 1664/3376/2785 3281/1992/2783
f 3281/1992/2783 1664/3376/2785 949/1117/2308 1425/3133/2307
f 1665/3377/2784 3281/1992/2783 1425/3133/2307 950/1118/2306
f 1091/1263/2674 1608/3320/2672 3282/1993/2786 1666/3378/2787
f 1608/3320/2672 1090/1262/2667 1665/3377/2784 3282/1993/2786
f 3282/1993/2786 1665/3377/2784 950/1118/2306 1428/3136/2312
f 1666/3378/2787 3282/1993/2786 1428/3136/2312 951/1119/2311
f 1092/1264/2680 1611/3323/2678 3283/1994/2788 1667/3379/2789
f 1611/3323/2678 1091/1263/2674 1666/3378/2787 3283/1994/2788
f 3283/1994/2788 1666/3378/2787 951/1119/2311 1430/3138/2316
f 1667/3379/2789 3283/1994/2788 1430/3138/2316 952/1120/2315
f 1093/1265/2686 1614/3326/2684 3284/1995/2790 1668/3380/2791
f 1614/3326/2684 1092/1264/2680 1667/3379/2789 3284/1995/2790
f 3284/1995/2790 1667/3379/2789 952/1120/2315 1432/3140/2320
f 1668/3380/2791 3284/1995/2790 1432/3140/2320 953/1121/2319
f 1094/1266/2692 1617/3329/2690 3285/1996/2792 1669/3381/2793
f 1617/3329/2690 1093/1265/2686 1668/3380/2791 3285/1996/2792
f 3285/1996/2792 1668/3380/2791 953/1121/2319 1434/3142/2324
f 1669/3381/2793 3285/1996/2792 1434/3142/2324 954/1122/2323
f 1095/1267/2698 1620/3332/2696 3286/1997/2794 1670/3382/2795
f 1620/3332/2696 1094/1266/2692 1669/3381/2793 3286/1997/2794
f 3286/1997/2794 1669/3381/2793 954/1122/2323 1436/3144/2328
f 1670/3382/2795 3286/1997/2794 1436/3144/2328 955/1123/2327
f 1096/1268/2704 1623/3335/2702 3287/1998/2796 1671/3383/2797
f 1623/3335/2702 1095/1267/2698 1670/3382/2795 3287/1998/2796
f 3287/1998/2796 1670/3382/2795 955/1123/2327 1438/3146/2332
f 1671/3383/2797 3287/1998/2796 1438/3146/2332 956/1124/2331
f 1097/1269/2710 1626/3338/2708 3288/1999/2798 1672/3384/2799
f 1626/3338/2708 1096/1268/2704 1671/3383/2797 3288/1999/2798
f 3288/1999/2798 1671/3383/2797 956/1124/2331 1440/3148/2336
f 1672/3384/2799 3288/1999/2798 1440/3148/2336 957/1125/2335
f 1098/1270/2716 1629/3341/2714 3289/2000/2800 1673/3385/2801
f 1629/3341/2714 1097/1269/2710 1672/3384/2799 3289/2000/2800
f 3289/2000/2800 1672/3384/2799 957/1125/2335 1442/3150/2340
f 1673/3385/2801 3289/2000/2800 1442/3150/2340 958/1126/2339
f 1099/1271/2722 1632/3344/2720 3290/2001/2802 1674/3386/2803
f 1632/3344/2720 1098/1270/2716 1673/3385/2801 3290/2001/2802
f 3290/2001/2802 1673/3385/2801 958/1126/2339 1444/3152/2344
f 1674/3386/2803 3290/2001/2802 1444/3152/2344 959/1127/2343
f 1100/1272/2728 1635/3347/2726 3291/2002/2804 1675/3387/2805
f 1635/3347/2726 1099/1271/2722 1674/3386/2803 3291/2002/2804
f 3291/2002/2804 1674/3386/2803 959/1127/2343 1446/3154/2348
f 1675/3387/2805 3291/2002/2804 1446/3154/2348 960/1128/2347
f 1101/1273/2734 1638/3350/2732 3292/2003/2806 1676/3388/2807
f 1638/3350/2732 1100/1272/2728 1675/3387/2805 3292/2003/2806
f 3292/2003/2806 1675/3387/2805 960/1128/2347 1448/3156/2352
f 1676/3388/2807 3292/2003/2806 1448/3156/2352 961/1129/2351
f 1102/1274/2740 1641/3353/2738 3293/2004/2808 1677/3389/2809
f 1641/3353/2738 1101/1273/2734 1676/3388/2807 3293/2004/2808
f 3293/2004/2808 1676/3388/2807 961/1129/2351 1450/3158/2356
f 1677/3389/2809 3293/2004/2808 1450/3158/2356 962/1130/2355
f 1103/1275/2746 1644/3356/2744 3294/2005/2810 1678/3390/2811
f 1644/3356/2744 1102/1274/2740 1677/3389/2809 3294/2005/2810
f 3294/2005/2810 1677/3389/2809 962/1130/2355 1452/3160/2360
f 1678/3390/2811 3294/2005/2810 1452/3160/2360 963/1131/2359
f 1104/1276/2752 1647/3359/2750 3295/2006/2812 1679/3391/2813
f 1647/3359/2750 1103/1275/2746 1678/3390/2811 3295/2006/2812
f 3295/2006/2812 1678/3390/2811 963/1131/2359 1454/3162/2364
f 1679/3391/2813 3295/2006/2812 1454/3162/2364 964/1132/2363
f 1105/1277/2758 1650/3362/2756 3296/2007/2814 1680/3392/2815
f 1650/3362/2756 1104/1276/2752 1679/3391/2813 3296/2007/2814
f 3296/2007/2814 1679/3391/2813 964/1132/2363 1456/3164/2368
f 1680/3392/2815 3296/2007/2814 1456/3164/2368 965/1133/2367
f 1106/1278/2764 1653/3365/2762 3297/2008/2816 1681/3393/2817
f 1653/3365/2762 1105/1277/2758 1680/3392/2815 3297/2008/2816
f 3297/2008/2816 1680/3392/2815 965/1133/2367 1458/3166/2372
f 1681/3393/2817 3297/2008/2816 1458/3166/2372 966/1134/2371
f 1107/1279/2770 1656/3368/2768 3298/2009/2818 1682/3394/2819
f 1656/3368/2768 1106/1278/2764 1681/3393/2817 3298/2009/2818
f 3298/2009/2818 1681/3393/2817 966/1134/2371 1460/3168/2376
f 1682/3394/2819 3298/2009/2818 1460/3168/2376 967/1135/2375
f 1108/1280/2776 1659/3371/2774 3299/2010/2820 1683/3395/2821
f 1659/3371/2774 1107/1279/2770 1682/3394/2819 3299/2010/2820
f 3299/2010/2820 1682/3394/2819 967/1135/2375 1462/3170/2380
f 1683/3395/2821 3299/2010/2820 1462/3170/2380 968/1136/2379
f 1089/1261/2663 1662/3374/2780 3300/2011/2822 1664/3376/2785
f 1662/3374/2780 1108/1280/2776 1683/3395/2821 3300/2011/2822
f 3300/2011/2822 1683/3395/2821 968/1136/2379 1463/3171/2382
f 1664/3376/2785 3300/2011/2822 1463/3171/2382 949/1117/2308
f 1192/1364/2823 1684/3396/2824 3301/2012/2825 1686/3398/2826
f 1169/1341/878 2178/2392/881 3301/2012/2825 1684/3396/2824
f 1173/1345/888 2177/2391/887 3301/2012/2825 2178/2392/881
f 1172/1344/886 1685/3397/2827 3301/2012/2825 2177/2391/887
f 1191/1363/2828 1686/3398/2826 3301/2012/2825 1685/3397/2827
f 1114/1286/2829 1687/3399/2830 3302/2013/2831 1690/3402/2832
f 1687/3399/2830 1115/1287/2833 1688/3400/2834 3302/2013/2831
f 3302/2013/2831 1688/3400/2834 1161/1333/2835 1689/3401/2836
f 1690/3402/2832 3302/2013/2831 1689/3401/2836 1162/1334/2837
f 1162/1334/2837 1691/3403/2838 3303/2014/2839 1690/3402/2832
f 1691/3403/2838 1163/1335/2840 1692/3404/2841 3303/2014/2839
f 3303/2014/2839 1692/3404/2841 1113/1285/2842 1693/3405/2843
f 1690/3402/2832 3303/2014/2839 1693/3405/2843 1114/1286/2829
f 1163/1335/2840 1694/3406/2844 3304/2015/2845 1692/3404/2841
f 1694/3406/2844 1164/1336/2846 1695/3407/2847 3304/2015/2845
f 3304/2015/2845 1695/3407/2847 1112/1284/2848 1696/3408/2849
f 1692/3404/2841 3304/2015/2845 1696/3408/2849 1113/1285/2842
f 1164/1336/2846 1697/3409/2850 3305/2016/2851 1695/3407/2847
f 1697/3409/2850 1165/1337/2852 1698/3410/2853 3305/2016/2851
f 3305/2016/2851 1698/3410/2853 1111/1283/2854 1699/3411/2855
f 1695/3407/2847 3305/2016/2851 1699/3411/2855 1112/1284/2848
f 1115/1287/2833 1700/3412/2856 3306/2017/2857 1688/3400/2834
f 1700/3412/2856 1116/1288/2858 1701/3413/2859 3306/2017/2857
f 3306/2017/2857 1701/3413/2859 1160/1332/2860 1702/3414/2861
f 1688/3400/2834 3306/2017/2857 1702/3414/2861 1161/1333/2835
f 1159/1331/2862 1703/3415/2863 3307/2018/2864 1705/3417/2865
f 1703/3415/2863 1160/1332/2860 1701/3413/2859 3307/2018/2864
f 3307/2018/2864 1701/3413/2859 1116/1288/2858 1704/3416/2866
f 1705/3417/2865 3307/2018/2864 1704/3416/2866 1117/1289/2867
f 1158/1330/902 1706/3418/2868 3308/2019/2869 2184/2398/903
f 1706/3418/2868 1159/1331/2862 1705/3417/2865 3308/2019/2869
f 3308/2019/2869 1705/3417/2865 1117/1289/2867 1707/3419/2870
f 2184/2398/903 3308/2019/2869 1707/3419/2870 1118/1290/904
f 1165/1337/2852 1708/3420/2871 3309/2020/2872 1698/3410/2853
f 1708/3420/2871 1166/1338/889 2182/2396/892 3309/2020/2872
f 3309/2020/2872 2182/2396/892 1110/1282/897 1709/3421/2873
f 1698/3410/2853 3309/2020/2872 1709/3421/2873 1111/1283/2854
f 1151/1323/939 1710/3422/2874 3310/2021/2875 2203/2417/940
f 1710/3422/2874 1152/1324/931 2201/2415/934 3310/2021/2875
f 3310/2021/2875 2201/2415/934 1124/1296/936 1711/3423/2876
f 2203/2417/940 3310/2021/2875 1711/3423/2876 1125/1297/941
f 1110/1282/897 2181/2395/896 3311/2022/2877 1714/3426/2878
f 2181/2395/896 1109/1281/895 1712/3424/2879 3311/2022/2877
f 3311/2022/2877 1712/3424/2879 1130/1302/2880 1713/3425/2881
f 1714/3426/2878 3311/2022/2877 1713/3425/2881 1131/1303/2882
f 1111/1283/2854 1709/3421/2873 3312/2023/2883 1716/3428/2884
f 1709/3421/2873 1110/1282/897 1714/3426/2878 3312/2023/2883
f 3312/2023/2883 1714/3426/2878 1131/1303/2882 1715/3427/2885
f 1716/3428/2884 3312/2023/2883 1715/3427/2885 1132/1304/2886
f 1112/1284/2848 1699/3411/2855 3313/2024/2887 1718/3430/2888
f 1699/3411/2855 1111/1283/2854 1716/3428/2884 3313/2024/2887
f 3313/2024/2887 1716/3428/2884 1132/1304/2886 1717/3429/2889
f 1718/3430/2888 3313/2024/2887 1717/3429/2889 1133/1305/2890
f 1113/1285/2842 1696/3408/2849 3314/2025/2891 1720/3432/2892
f 1696/3408/2849 1112/1284/2848 1718/3430/2888 3314/2025/2891
f 3314/2025/2891 1718/3430/2888 1133/1305/2890 1719/3431/2893
f 1720/3432/2892 3314/2025/2891 1719/3431/2893 1134/1306/2894
f 1114/1286/2829 1693/3405/2843 3315/2026/2895 1722/3434/2896
f 1693/3405/2843 1113/1285/2842 1720/3432/2892 3315/2026/2895
f 3315/2026/2895 1720/3432/2892 1134/1306/2894 1721/3433/2897
f 1722/3434/2896 3315/2026/2895 1721/3433/2897 1135/1307/2898
f 1135/1307/2898 1723/3435/2899 3316/2027/2900 1722/3434/2896
f 1723/3435/2899 1136/1308/2901 1724/3436/2902 3316/2027/2900
f 3316/2027/2900 1724/3436/2902 1115/1287/2833 1687/3399/2830
f 1722/3434/2896 3316/2027/2900 1687/3399/2830 1114/1286/2829
f 1136/1308/2901 1725/3437/2903 3317/2028/2904 1724/3436/2902
f 1725/3437/2903 1137/1309/2905 1726/3438/2906 3317/2028/2904
f 3317/2028/2904 1726/3438/2906 1116/1288/2858 1700/3412/2856
f 1724/3436/2902 3317/2028/2904 1700/3412/2856 1115/1287/2833
f 1117/1289/2867 1704/3416/2866 3318/2029/2907 1728/3440/2908
f 1704/3416/2866 1116/1288/2858 1726/3438/2906 3318/2029/2907
f 3318/2029/2907 1726/3438/2906 1137/1309/2905 1727/3439/2909
f 1728/3440/2908 3318/2029/2907 1727/3439/2909 1138/1310/2910
f 1118/1290/904 1707/3419/2870 3319/2030/2911 1730/3442/2912
f 1707/3419/2870 1117/1289/2867 1728/3440/2908 3319/2030/2911
f 3319/2030/2911 1728/3440/2908 1138/1310/2910 1729/3441/2913
f 1730/3442/2912 3319/2030/2911 1729/3441/2913 1139/1311/2914
f 1119/1291/906 2185/2399/905 3320/2031/2915 1732/3444/2916
f 2185/2399/905 1118/1290/904 1730/3442/2912 3320/2031/2915
f 3320/2031/2915 1730/3442/2912 1139/1311/2914 1731/3443/2917
f 1732/3444/2916 3320/2031/2915 1731/3443/2917 1140/1312/2918
f 1120/1292/912 2188/2402/911 3321/2032/2919 1734/3446/2920
f 2188/2402/911 1119/1291/906 1732/3444/2916 3321/2032/2919
f 3321/2032/2919 1732/3444/2916 1140/1312/2918 1733/3445/2921
f 1734/3446/2920 3321/2032/2919 1733/3445/2921 1141/1313/2922
f 1121/1293/918 2191/2405/917 3322/2033/2923 1736/3448/2924
f 2191/2405/917 1120/1292/912 1734/3446/2920 3322/2033/2923
f 3322/2033/2923 1734/3446/2920 1141/1313/2922 1735/3447/2925
f 1736/3448/2924 3322/2033/2923 1735/3447/2925 1142/1314/2926
f 1122/1294/924 2194/2408/923 3323/2034/2927 1738/3450/2928
f 2194/2408/923 1121/1293/918 1736/3448/2924 3323/2034/2927
f 3323/2034/2927 1736/3448/2924 1142/1314/2926 1737/3449/2929
f 1738/3450/2928 3323/2034/2927 1737/3449/2929 1143/1315/2930
f 1123/1295/930 2197/2411/929 3324/2035/2931 1740/3452/2932
f 2197/2411/929 1122/1294/924 1738/3450/2928 3324/2035/2931
f 3324/2035/2931 1738/3450/2928 1143/1315/2930 1739/3451/2933
f 1740/3452/2932 3324/2035/2931 1739/3451/2933 1144/1316/2934
f 1124/1296/936 2200/2414/935 3325/2036/2935 1742/3454/2936
f 2200/2414/935 1123/1295/930 1740/3452/2932 3325/2036/2935
f 3325/2036/2935 1740/3452/2932 1144/1316/2934 1741/3453/2937
f 1742/3454/2936 3325/2036/2935 1741/3453/2937 1145/1317/2938
f 1125/1297/941 1711/3423/2876 3326/2037/2939 1744/3456/2940
f 1711/3423/2876 1124/1296/936 1742/3454/2936 3326/2037/2939
f 3326/2037/2939 1742/3454/2936 1145/1317/2938 1743/3455/2941
f 1744/3456/2940 3326/2037/2939 1743/3455/2941 1146/1318/2942
f 1126/1298/869 2204/2418/942 3327/2038/2943 1746/3458/2944
f 2204/2418/942 1125/1297/941 1744/3456/2940 3327/2038/2943
f 3327/2038/2943 1744/3456/2940 1146/1318/2942 1745/3457/2945
f 1746/3458/2944 3327/2038/2943 1745/3457/2945 1147/1319/2946
f 1147/1319/2946 1747/3459/2947 3328/2039/2948 1746/3458/2944
f 1747/3459/2947 1148/1320/2949 1748/3460/2950 3328/2039/2948
f 3328/2039/2948 1748/3460/2950 1127/1299/873 2170/2384/870
f 1746/3458/2944 3328/2039/2948 2170/2384/870 1126/1298/869
f 1148/1320/2949 1749/3461/2951 3329/2040/2952 1748/3460/2950
f 1749/3461/2951 1129/1301/2953 1750/3462/2954 3329/2040/2952
f 3329/2040/2952 1750/3462/2954 1128/1300/2955 1751/3463/2956
f 1748/3460/2950 3329/2040/2952 1751/3463/2956 1127/1299/873
f 1129/1301/2953 1752/3464/2957 3330/2041/2958 1750/3462/2954
f 1752/3464/2957 1130/1302/2880 1712/3424/2879 3330/2041/2958
f 3330/2041/2958 1712/3424/2879 1109/1281/895 1753/3465/2959
f 1750/3462/2954 3330/2041/2958 1753/3465/2959 1128/1300/2955
f 1072/1244/2682 1754/3466/2960 3331/2042/2961 1613/3325/2683
f 1754/3466/2960 1130/1302/2880 1752/3464/2957 3331/2042/2961
f 3331/2042/2961 1752/3464/2957 1129/1301/2953 1755/3467/2962
f 1613/3325/2683 3331/2042/2961 1755/3467/2962 1071/1243/2676
f 1131/1303/2882 1713/3425/2881 3332/2043/2963 1756/3468/2964
f 1713/3425/2881 1130/1302/2880 1754/3466/2960 3332/2043/2963
f 3332/2043/2963 1754/3466/2960 1072/1244/2682 1616/3328/2689
f 1756/3468/2964 3332/2043/2963 1616/3328/2689 1073/1245/2688
f 1132/1304/2886 1715/3427/2885 3333/2044/2965 1757/3469/2966
f 1715/3427/2885 1131/1303/2882 1756/3468/2964 3333/2044/2965
f 3333/2044/2965 1756/3468/2964 1073/1245/2688 1619/3331/2695
f 1757/3469/2966 3333/2044/2965 1619/3331/2695 1074/1246/2694
f 1133/1305/2890 1717/3429/2889 3334/2045/2967 1758/3470/2968
f 1717/3429/2889 1132/1304/2886 1757/3469/2966 3334/2045/2967
f 3334/2045/2967 1757/3469/2966 1074/1246/2694 1622/3334/2701
f 1758/3470/2968 3334/2045/2967 1622/3334/2701 1075/1247/2700
f 1134/1306/2894 1719/3431/2893 3335/2046/2969 1759/3471/2970
f 1719/3431/2893 1133/1305/2890 1758/3470/2968 3335/2046/2969
f 3335/2046/2969 1758/3470/2968 1075/1247/2700 1625/3337/2707
f 1759/3471/2970 3335/2046/2969 1625/3337/2707 1076/1248/2706
f 1135/1307/2898 1721/3433/2897 3336/2047/2971 1760/3472/2972
f 1721/3433/2897 1134/1306/2894 1759/3471/2970 3336/2047/2971
f 3336/2047/2971 1759/3471/2970 1076/1248/2706 1628/3340/2713
f 1760/3472/2972 3336/2047/2971 1628/3340/2713 1077/1249/2712
f 1078/1250/2718 1761/3473/2973 3337/2048/2974 1631/3343/2719
f 1761/3473/2973 1136/1308/2901 1723/3435/2899 3337/2048/2974
f 3337/2048/2974 1723/3435/2899 1135/1307/2898 1760/3472/2972
f 1631/3343/2719 3337/2048/2974 1760/3472/2972 1077/1249/2712
f 1079/1251/2724 1762/3474/2975 3338/2049/2976 1634/3346/2725
f 1762/3474/2975 1137/1309/2905 1725/3437/2903 3338/2049/2976
f 3338/2049/2976 1725/3437/2903 1136/1308/2901 1761/3473/2973
f 1634/3346/2725 3338/2049/2976 1761/3473/2973 1078/1250/2718
f 1138/1310/2910 1727/3439/2909 3339/2050/2977 1763/3475/2978
f 1727/3439/2909 1137/1309/2905 1762/3474/2975 3339/2050/2977
f 3339/2050/2977 1762/3474/2975 1079/1251/2724 1637/3349/2731
f 1763/3475/2978 3339/2050/2977 1637/3349/2731 1080/1252/2730
f 1139/1311/2914 1729/3441/2913 3340/2051/2979 1764/3476/2980
f 1729/3441/2913 1138/1310/2910 1763/3475/2978 3340/2051/2979
f 3340/2051/2979 1763/3475/2978 1080/1252/2730 1640/3352/2737
f 1764/3476/2980 3340/2051/2979 1640/3352/2737 1081/1253/2736
f 1140/1312/2918 1731/3443/2917 3341/2052/2981 1765/3477/2982
f 1731/3443/2917 1139/1311/2914 1764/3476/2980 3341/2052/2981
f 3341/2052/2981 1764/3476/2980 1081/1253/2736 1643/3355/2743
f 1765/3477/2982 3341/2052/2981 1643/3355/2743 1082/1254/2742
f 1141/1313/2922 1733/3445/2921 3342/2053/2983 1766/3478/2984
f 1733/3445/2921 1140/1312/2918 1765/3477/2982 3342/2053/2983
f 3342/2053/2983 1765/3477/2982 1082/1254/2742 1646/3358/2749
f 1766/3478/2984 3342/2053/2983 1646/3358/2749 1083/1255/2748
f 1142/1314/2926 1735/3447/2925 3343/2054/2985 1767/3479/2986
f 1735/3447/2925 1141/1313/2922 1766/3478/2984 3343/2054/2985
f 3343/2054/2985 1766/3478/2984 1083/1255/2748 1649/3361/2755
f 1767/3479/2986 3343/2054/2985 1649/3361/2755 1084/1256/2754
f 1143/1315/2930 1737/3449/2929 3344/2055/2987 1768/3480/2988
f 1737/3449/2929 1142/1314/2926 1767/3479/2986 3344/2055/2987
f 3344/2055/2987 1767/3479/2986 1084/1256/2754 1652/3364/2761
f 1768/3480/2988 3344/2055/2987 1652/3364/2761 1085/1257/2760
f 1144/1316/2934 1739/3451/2933 3345/2056/2989 1769/3481/2990
f 1739/3451/2933 1143/1315/2930 1768/3480/2988 3345/2056/2989
f 3345/2056/2989 1768/3480/2988 1085/1257/2760 1655/3367/2767
f 1769/3481/2990 3345/2056/2989 1655/3367/2767 1086/1258/2766
f 1145/1317/2938 1741/3453/2937 3346/2057/2991 1770/3482/2992
f 1741/3453/2937 1144/1316/2934 1769/3481/2990 3346/2057/2991
f 3346/2057/2991 1769/3481/2990 1086/1258/2766 1658/3370/2773
f 1770/3482/2992 3346/2057/2991 1658/3370/2773 1087/1259/2772
f 1146/1318/2942 1743/3455/2941 3347/2058/2993 1771/3483/2994
f 1743/3455/2941 1145/1317/2938 1770/3482/2992 3347/2058/2993
f 3347/2058/2993 1770/3482/2992 1087/1259/2772 1661/3373/2779
f 1771/3483/2994 3347/2058/2993 1661/3373/2779 1088/1260/2778
f 1147/1319/2946 1745/3457/2945 3348/2059/2995 1772/3484/2996
f 1745/3457/2945 1146/1318/2942 1771/3483/2994 3348/2059/2995
f 3348/2059/2995 1771/3483/2994 1088/1260/2778 1663/3375/2782
f 1772/3484/2996 3348/2059/2995 1663/3375/2782 1069/1241/2671
f 1070/1242/2669 1773/3485/2997 3349/2060/2998 1606/3318/2670
f 1773/3485/2997 1148/1320/2949 1747/3459/2947 3349/2060/2998
f 3349/2060/2998 1747/3459/2947 1147/1319/2946 1772/3484/2996
f 1606/3318/2670 3349/2060/2998 1772/3484/2996 1069/1241/2671
f 1070/1242/2669 1610/3322/2677 3350/2061/2999 1773/3485/2997
f 1610/3322/2677 1071/1243/2676 1755/3467/2962 3350/2061/2999
f 3350/2061/2999 1755/3467/2962 1129/1301/2953 1749/3461/2951
f 1773/3485/2997 3350/2061/2999 1749/3461/2951 1148/1320/2949
f 1193/1365/3000 1774/3486/3001 3351/2062/3002 1776/3488/3003
f 1774/3486/3001 1192/1364/2823 1686/3398/2826 3351/2062/3002
f 3351/2062/3002 1686/3398/2826 1191/1363/2828 1775/3487/3004
f 1776/3488/3003 3351/2062/3002 1775/3487/3004 1175/1347/3005
f 1174/1346/3006 1777/3489/3007 3352/2063/3008 1779/3491/3009
f 1777/3489/3007 1194/1366/3010 1778/3490/3011 3352/2063/3008
f 3352/2063/3008 1778/3490/3011 1193/1365/3000 1776/3488/3003
f 1779/3491/3009 3352/2063/3008 1776/3488/3003 1175/1347/3005
f 1174/1346/3006 1780/3492/3012 3353/2064/3013 1777/3489/3007
f 1780/3492/3012 1176/1348/3014 1781/3493/3015 3353/2064/3013
f 3353/2064/3013 1781/3493/3015 1195/1367/3016 1782/3494/3017
f 1777/3489/3007 3353/2064/3013 1782/3494/3017 1194/1366/3010
f 1176/1348/3014 1783/3495/3018 3354/2065/3019 1781/3493/3015
f 1783/3495/3018 1177/1349/3020 1784/3496/3021 3354/2065/3019
f 3354/2065/3019 1784/3496/3021 1196/1368/3022 1785/3497/3023
f 1781/3493/3015 3354/2065/3019 1785/3497/3023 1195/1367/3016
f 1177/1349/3020 1786/3498/3024 3355/2066/3025 1784/3496/3021
f 1786/3498/3024 1178/1350/3026 1787/3499/3027 3355/2066/3025
f 3355/2066/3025 1787/3499/3027 1197/1369/3028 1788/3500/3029
f 1784/3496/3021 3355/2066/3025 1788/3500/3029 1196/1368/3022
f 1178/1350/3026 1789/3501/3030 3356/2067/3031 1787/3499/3027
f 1789/3501/3030 1179/1351/3032 1790/3502/3033 3356/2067/3031
f 3356/2067/3031 1790/3502/3033 1198/1370/3034 1791/3503/3035
f 1787/3499/3027 3356/2067/3031 1791/3503/3035 1197/1369/3028
f 1179/1351/3032 1792/3504/3036 3357/2068/3037 1790/3502/3033
f 1792/3504/3036 1180/1352/3038 1793/3505/3039 3357/2068/3037
f 3357/2068/3037 1793/3505/3039 1199/1371/3040 1794/3506/3041
f 1790/3502/3033 3357/2068/3037 1794/3506/3041 1198/1370/3034
f 1180/1352/3038 1795/3507/3042 3358/2069/3043 1793/3505/3039
f 1795/3507/3042 1181/1353/3044 1796/3508/3045 3358/2069/3043
f 3358/2069/3043 1796/3508/3045 1200/1372/3046 1797/3509/3047
f 1793/3505/3039 3358/2069/3043 1797/3509/3047 1199/1371/3040
f 1181/1353/3044 1798/3510/3048 3359/2070/3049 1796/3508/3045
f 1798/3510/3048 1182/1354/3050 1799/3511/3051 3359/2070/3049
f 3359/2070/3049 1799/3511/3051 1201/1373/3052 1800/3512/3053
f 1796/3508/3045 3359/2070/3049 1800/3512/3053 1200/1372/3046
f 1183/1355/3054 1801/3513/3055 3360/2071/3056 1803/3515/3057
f 1801/3513/3055 1202/1374/3058 1802/3514/3059 3360/2071/3056
f 3360/2071/3056 1802/3514/3059 1201/1373/3052 1799/3511/3051
f 1803/3515/3057 3360/2071/3056 1799/3511/3051 1182/1354/3050
f 1183/1355/3054 1804/3516/3060 3361/2072/3061 1801/3513/3055
f 1804/3516/3060 1184/1356/3062 1805/3517/3063 3361/2072/3061
f 3361/2072/3061 1805/3517/3063 1203/1375/3064 1806/3518/3065
f 1801/3513/3055 3361/2072/3061 1806/3518/3065 1202/1374/3058
f 1204/1376/3066 1807/3519/3067 3362/2073/3068 1809/3521/3069
f 1807/3519/3067 1203/1375/3064 1805/3517/3063 3362/2073/3068
f 3362/2073/3068 1805/3517/3063 1184/1356/3062 1808/3520/3070
f 1809/3521/3069 3362/2073/3068 1808/3520/3070 1185/1357/3071
f 1205/1377/3072 1810/3522/3073 3363/2074/3074 1812/3524/3075
f 1810/3522/3073 1204/1376/3066 1809/3521/3069 3363/2074/3074
f 3363/2074/3074 1809/3521/3069 1185/1357/3071 1811/3523/3076
f 1812/3524/3075 3363/2074/3074 1811/3523/3076 1186/1358/3077
f 1187/1359/3078 1813/3525/3079 3364/2075/3080 1815/3527/3081
f 1813/3525/3079 1206/1378/3082 1814/3526/3083 3364/2075/3080
f 3364/2075/3080 1814/3526/3083 1205/1377/3072 1812/3524/3075
f 1815/3527/3081 3364/2075/3080 1812/3524/3075 1186/1358/3077
f 1188/1360/3084 1816/3528/3085 3365/2076/3086 1818/3530/3087
f 1816/3528/3085 1207/1379/3088 1817/3529/3089 3365/2076/3086
f 3365/2076/3086 1817/3529/3089 1206/1378/3082 1813/3525/3079
f 1818/3530/3087 3365/2076/3086 1813/3525/3079 1187/1359/3078
f 1189/1361/3090 1819/3531/3091 3366/2077/3092 1821/3533/3093
f 1819/3531/3091 1208/1380/3094 1820/3532/3095 3366/2077/3092
f 3366/2077/3092 1820/3532/3095 1207/1379/3088 1816/3528/3085
f 1821/3533/3093 3366/2077/3092 1816/3528/3085 1188/1360/3084
f 1190/1362/3096 1822/3534/3097 3367/2078/3098 1824/3536/3099
f 1822/3534/3097 1209/1381/3100 1823/3535/3101 3367/2078/3098
f 3367/2078/3098 1823/3535/3101 1208/1380/3094 1819/3531/3091
f 1824/3536/3099 3367/2078/3098 1819/3531/3091 1189/1361/3090
f 1190/1362/3096 1825/3537/3102 3368/2079/3103 1822/3534/3097
f 1825/3537/3102 1171/1343/884 2175/2389/883 3368/2079/3103
f 3368/2079/3103 2175/2389/883 1170/1342/882 1826/3538/3104
f 1822/3534/3097 3368/2079/3103 1826/3538/3104 1209/1381/3100
f 1127/1299/873 1751/3463/2956 3369/2080/3105 2171/2385/874
f 1751/3463/2956 1128/1300/2955 1827/3539/3106 3369/2080/3105
f 3369/2080/3105 1827/3539/3106 1168/1340/3107 1828/3540/3108
f 2171/2385/874 3369/2080/3105 1828/3540/3108 1149/1321/875
f 1128/1300/2955 1753/3465/2959 3370/2081/3109 1827/3539/3106
f 1753/3465/2959 1109/1281/895 2180/2394/894 3370/2081/3109
f 3370/2081/3109 2180/2394/894 1167/1339/893 1829/3541/3110
f 1827/3539/3106 3370/2081/3109 1829/3541/3110 1168/1340/3107
f 1210/1382/3111 1830/3542/3112 3371/2082/3113 1832/3544/3114
f 1830/3542/3112 1211/1383/3115 1831/3543/3116 3371/2082/3113
f 3371/2082/3113 1831/3543/3116 1170/1342/882 2174/2388/879
f 1832/3544/3114 3371/2082/3113 2174/2388/879 1169/1341/878
f 1229/1401/3117 1833/3545/3118 3372/2083/3119 1834/3546/3120
f 1833/3545/3118 1210/1382/3111 1832/3544/3114 3372/2083/3119
f 3372/2083/3119 1832/3544/3114 1169/1341/878 1684/3396/2824
f 1834/3546/3120 3372/2083/3119 1684/3396/2824 1192/1364/2823
f 1228/1400/3121 1835/3547/3122 3373/2084/3123 1836/3548/3124
f 1835/3547/3122 1229/1401/3117 1834/3546/3120 3373/2084/3123
f 3373/2084/3123 1834/3546/3120 1192/1364/2823 1774/3486/3001
f 1836/3548/3124 3373/2084/3123 1774/3486/3001 1193/1365/3000
f 1227/1399/3125 1837/3549/3126 3374/2085/3127 1838/3550/3128
f 1837/3549/3126 1228/1400/3121 1836/3548/3124 3374/2085/3127
f 3374/2085/3127 1836/3548/3124 1193/1365/3000 1778/3490/3011
f 1838/3550/3128 3374/2085/3127 1778/3490/3011 1194/1366/3010
f 1226/1398/3129 1839/3551/3130 3375/2086/3131 1840/3552/3132
f 1839/3551/3130 1227/1399/3125 1838/3550/3128 3375/2086/3131
f 3375/2086/3131 1838/3550/3128 1194/1366/3010 1782/3494/3017
f 1840/3552/3132 3375/2086/3131 1782/3494/3017 1195/1367/3016
f 1225/1397/3133 1841/3553/3134 3376/2087/3135 1842/3554/3136
f 1841/3553/3134 1226/1398/3129 1840/3552/3132 3376/2087/3135
f 3376/2087/3135 1840/3552/3132 1195/1367/3016 1785/3497/3023
f 1842/3554/3136 3376/2087/3135 1785/3497/3023 1196/1368/3022
f 1224/1396/3137 1843/3555/3138 3377/2088/3139 1844/3556/3140
f 1843/3555/3138 1225/1397/3133 1842/3554/3136 3377/2088/3139
f 3377/2088/3139 1842/3554/3136 1196/1368/3022 1788/3500/3029
f 1844/3556/3140 3377/2088/3139 1788/3500/3029 1197/1369/3028
f 1223/1395/3141 1845/3557/3142 3378/2089/3143 1846/3558/3144
f 1845/3557/3142 1224/1396/3137 1844/3556/3140 3378/2089/3143
f 3378/2089/3143 1844/3556/3140 1197/1369/3028 1791/3503/3035
f 1846/3558/3144 3378/2089/3143 1791/3503/3035 1198/1370/3034
f 1222/1394/3145 1847/3559/3146 3379/2090/3147 1848/3560/3148
f 1847/3559/3146 1223/1395/3141 1846/3558/3144 3379/2090/3147
f 3379/2090/3147 1846/3558/3144 1198/1370/3034 1794/3506/3041
f 1848/3560/3148 3379/2090/3147 1794/3506/3041 1199/1371/3040
f 1221/1393/3149 1849/3561/3150 3380/2091/3151 1850/3562/3152
f 1849/3561/3150 1222/1394/3145 1848/3560/3148 3380/2091/3151
f 3380/2091/3151 1848/3560/3148 1199/1371/3040 1797/3509/3047
f 1850/3562/3152 3380/2091/3151 1797/3509/3047 1200/1372/3046
f 1220/1392/3153 1851/3563/3154 3381/2092/3155 1852/3564/3156
f 1851/3563/3154 1221/1393/3149 1850/3562/3152 3381/2092/3155
f 3381/2092/3155 1850/3562/3152 1200/1372/3046 1800/3512/3053
f 1852/3564/3156 3381/2092/3155 1800/3512/3053 1201/1373/3052
f 1219/1391/3157 1853/3565/3158 3382/2093/3159 1854/3566/3160
f 1853/3565/3158 1220/1392/3153 1852/3564/3156 3382/2093/3159
f 3382/2093/3159 1852/3564/3156 1201/1373/3052 1802/3514/3059
f 1854/3566/3160 3382/2093/3159 1802/3514/3059 1202/1374/3058
f 1218/1390/3161 1855/3567/3162 3383/2094/3163 1856/3568/3164
f 1855/3567/3162 1219/1391/3157 1854/3566/3160 3383/2094/3163
f 3383/2094/3163 1854/3566/3160 1202/1374/3058 1806/3518/3065
f 1856/3568/3164 3383/2094/3163 1806/3518/3065 1203/1375/3064
f 1217/1389/3165 1857/3569/3166 3384/2095/3167 1858/3570/3168
f 1857/3569/3166 1218/1390/3161 1856/3568/3164 3384/2095/3167
f 3384/2095/3167 1856/3568/3164 1203/1375/3064 1807/3519/3067
f 1858/3570/3168 3384/2095/3167 1807/3519/3067 1204/1376/3066
f 1216/1388/3169 1859/3571/3170 3385/2096/3171 1860/3572/3172
f 1859/3571/3170 1217/1389/3165 1858/3570/3168 3385/2096/3171
f 3385/2096/3171 1858/3570/3168 1204/1376/3066 1810/3522/3073
f 1860/3572/3172 3385/2096/3171 1810/3522/3073 1205/1377/3072
f 1215/1387/3173 1861/3573/3174 3386/2097/3175 1862/3574/3176
f 1861/3573/3174 1216/1388/3169 1860/3572/3172 3386/2097/3175
f 3386/2097/3175 1860/3572/3172 1205/1377/3072 1814/3526/3083
f 1862/3574/3176 3386/2097/3175 1814/3526/3083 1206/1378/3082
f 1214/1386/3177 1863/3575/3178 3387/2098/3179 1864/3576/3180
f 1863/3575/3178 1215/1387/3173 1862/3574/3176 3387/2098/3179
f 3387/2098/3179 1862/3574/3176 1206/1378/3082 1817/3529/3089
f 1864/3576/3180 3387/2098/3179 1817/3529/3089 1207/1379/3088
f 1213/1385/3181 1865/3577/3182 3388/2099/3183 1866/3578/3184
f 1865/3577/3182 1214/1386/3177 1864/3576/3180 3388/2099/3183
f 3388/2099/3183 1864/3576/3180 1207/1379/3088 1820/3532/3095
f 1866/3578/3184 3388/2099/3183 1820/3532/3095 1208/1380/3094
f 1212/1384/3185 1867/3579/3186 3389/2100/3187 1868/3580/3188
f 1867/3579/3186 1213/1385/3181 1866/3578/3184 3389/2100/3187
f 3389/2100/3187 1866/3578/3184 1208/1380/3094 1823/3535/3101
f 1868/3580/3188 3389/2100/3187 1823/3535/3101 1209/1381/3100
f 1211/1383/3115 1869/3581/3189 3390/2101/3190 1831/3543/3116
f 1869/3581/3189 1212/1384/3185 1868/3580/3188 3390/2101/3190
f 3390/2101/3190 1868/3580/3188 1209/1381/3100 1826/3538/3104
f 1831/3543/3116 3390/2101/3190 1826/3538/3104 1170/1342/882
f 1230/1402/3191 1870/3582/3192 3391/2102/3193 1872/3584/3194
f 1870/3582/3192 1231/1403/3195 1871/3583/3196 3391/2102/3193
f 3391/2102/3193 1871/3583/3196 1211/1383/3115 1830/3542/3112
f 1872/3584/3194 3391/2102/3193 1830/3542/3112 1210/1382/3111
f 1231/1403/3195 1873/3585/3197 3392/2103/3198 1871/3583/3196
f 1873/3585/3197 1232/1404/3199 1874/3586/3200 3392/2103/3198
f 3392/2103/3198 1874/3586/3200 1212/1384/3185 1869/3581/3189
f 1871/3583/3196 3392/2103/3198 1869/3581/3189 1211/1383/3115
f 1232/1404/3199 1875/3587/3201 3393/2104/3202 1874/3586/3200
f 1875/3587/3201 1233/1405/3203 1876/3588/3204 3393/2104/3202
f 3393/2104/3202 1876/3588/3204 1213/1385/3181 1867/3579/3186
f 1874/3586/3200 3393/2104/3202 1867/3579/3186 1212/1384/3185
f 1233/1405/3203 1877/3589/3205 3394/2105/3206 1876/3588/3204
f 1877/3589/3205 1234/1406/3207 1878/3590/3208 3394/2105/3206
f 3394/2105/3206 1878/3590/3208 1214/1386/3177 1865/3577/3182
f 1876/3588/3204 3394/2105/3206 1865/3577/3182 1213/1385/3181
f 1234/1406/3207 1879/3591/3209 3395/2106/3210 1878/3590/3208
f 1879/3591/3209 1235/1407/3211 1880/3592/3212 3395/2106/3210
f 3395/2106/3210 1880/3592/3212 1215/1387/3173 1863/3575/3178
f 1878/3590/3208 3395/2106/3210 1863/3575/3178 1214/1386/3177
f 1235/1407/3211 1881/3593/3213 3396/2107/3214 1880/3592/3212
f 1881/3593/3213 1236/1408/3215 1882/3594/3216 3396/2107/3214
f 3396/2107/3214 1882/3594/3216 1216/1388/3169 1861/3573/3174
f 1880/3592/3212 3396/2107/3214 1861/3573/3174 1215/1387/3173
f 1236/1408/3215 1883/3595/3217 3397/2108/3218 1882/3594/3216
f 1883/3595/3217 1237/1409/3219 1884/3596/3220 3397/2108/3218
f 3397/2108/3218 1884/3596/3220 1217/1389/3165 1859/3571/3170
f 1882/3594/3216 3397/2108/3218 1859/3571/3170 1216/1388/3169
f 1237/1409/3219 1885/3597/3221 3398/2109/3222 1884/3596/3220
f 1885/3597/3221 1238/1410/3223 1886/3598/3224 3398/2109/3222
f 3398/2109/3222 1886/3598/3224 1218/1390/3161 1857/3569/3166
f 1884/3596/3220 3398/2109/3222 1857/3569/3166 1217/1389/3165
f 1238/1410/3223 1887/3599/3225 3399/2110/3226 1886/3598/3224
f 1887/3599/3225 1239/1411/3227 1888/3600/3228 3399/2110/3226
f 3399/2110/3226 1888/3600/3228 1219/1391/3157 1855/3567/3162
f 1886/3598/3224 3399/2110/3226 1855/3567/3162 1218/1390/3161
f 1239/1411/3227 1889/3601/3229 3400/2111/3230 1888/3600/3228
f 1889/3601/3229 1240/1412/3231 1890/3602/3232 3400/2111/3230
f 3400/2111/3230 1890/3602/3232 1220/1392/3153 1853/3565/3158
f 1888/3600/3228 3400/2111/3230 1853/3565/3158 1219/1391/3157
f 1240/1412/3231 1891/3603/3233 3401/2112/3234 1890/3602/3232
f 1891/3603/3233 1241/1413/3235 1892/3604/3236 3401/2112/3234
f 3401/2112/3234 1892/3604/3236 1221/1393/3149 1851/3563/3154
f 1890/3602/3232 3401/2112/3234 1851/3563/3154 1220/1392/3153
f 1241/1413/3235 1893/3605/3237 3402/2113/3238 1892/3604/3236
f 1893/3605/3237 1242/1414/3239 1894/3606/3240 3402/2113/3238
f 3402/2113/3238 1894/3606/3240 1222/1394/3145 1849/3561/3150
f 1892/3604/3236 3402/2113/3238 1849/3561/3150 1221/1393/3149
f 1242/1414/3239 1895/3607/3241 3403/2114/3242 1894/3606/3240
f 1895/3607/3241 1243/1415/3243 1896/3608/3244 3403/2114/3242
f 3403/2114/3242 1896/3608/3244 1223/1395/3141 1847/3559/3146
f 1894/3606/3240 3403/2114/3242 1847/3559/3146 1222/1394/3145
f 1243/1415/3243 1897/3609/3245 3404/2115/3246 1896/3608/3244
f 1897/3609/3245 1244/1416/3247 1898/3610/3248 3404/2115/3246
f 3404/2115/3246 1898/3610/3248 1224/1396/3137 1845/3557/3142
f 1896/3608/3244 3404/2115/3246 1845/3557/3142 1223/1395/3141
f 1244/1416/3247 1899/3611/3249 3405/2116/3250 1898/3610/3248
f 1899/3611/3249 1245/1417/3251 1900/3612/3252 3405/2116/3250
f 3405/2116/3250 1900/3612/3252 1225/1397/3133 1843/3555/3138
f 1898/3610/3248 3405/2116/3250 1843/3555/3138 1224/1396/3137
f 1245/1417/3251 1901/3613/3253 3406/2117/3254 1900/3612/3252
f 1901/3613/3253 1246/1418/3255 1902/3614/3256 3406/2117/3254
f 3406/2117/3254 1902/3614/3256 1226/1398/3129 1841/3553/3134
f 1900/3612/3252 3406/2117/3254 1841/3553/3134 1225/1397/3133
f 1246/1418/3255 1903/3615/3257 3407/2118/3258 1902/3614/3256
f 1903/3615/3257 1247/1419/3259 1904/3616/3260 3407/2118/3258
f 3407/2118/3258 1904/3616/3260 1227/1399/3125 1839/3551/3130
f 1902/3614/3256 3407/2118/3258 1839/3551/3130 1226/1398/3129
f 1247/1419/3259 1905/3617/3261 3408/2119/3262 1904/3616/3260
f 1905/3617/3261 1248/1420/3263 1906/3618/3264 3408/2119/3262
f 3408/2119/3262 1906/3618/3264 1228/1400/3121 1837/3549/3126
f 1904/3616/3260 3408/2119/3262 1837/3549/3126 1227/1399/3125
f 1248/1420/3263 1907/3619/3265 3409/2120/3266 1906/3618/3264
f 1907/3619/3265 1249/1421/3267 1908/3620/3268 3409/2120/3266
f 3409/2120/3266 1908/3620/3268 1229/1401/3117 1835/3547/3122
f 1906/3618/3264 3409/2120/3266 1835/3547/3122 1228/1400/3121
f 1249/1421/3267 1909/3621/3269 3410/2121/3270 1908/3620/3268
f 1909/3621/3269 1230/1402/3191 1872/3584/3194 3410/2121/3270
f 3410/2121/3270 1872/3584/3194 1210/1382/3111 1833/3545/3118
f 1908/3620/3268 3410/2121/3270 1833/3545/3118 1229/1401/3117
f 1168/1340/3107 1829/3541/3110 3411/2122/3271 1911/3623/3272
f 1829/3541/3110 1167/1339/893 1910/3622/3273 3411/2122/3271
f 3411/2122/3271 1910/3622/3273 1231/1403/3195 1870/3582/3192
f 1911/3623/3272 3411/2122/3271 1870/3582/3192 1230/1402/3191
f 1167/1339/893 2179/2393/890 3412/2123/3274 1910/3622/3273
f 2179/2393/890 1166/1338/889 1912/3624/3275 3412/2123/3274
f 3412/2123/3274 1912/3624/3275 1232/1404/3199 1873/3585/3197
f 1910/3622/3273 3412/2123/3274 1873/3585/3197 1231/1403/3195
f 1166/1338/889 1708/3420/2871 3413/2124/3276 1912/3624/3275
f 1708/3420/2871 1165/1337/2852 1913/3625/3277 3413/2124/3276
f 3413/2124/3276 1913/3625/3277 1233/1405/3203 1875/3587/3201
f 1912/3624/3275 3413/2124/3276 1875/3587/3201 1232/1404/3199
f 1165/1337/2852 1697/3409/2850 3414/2125/3278 1913/3625/3277
f 1697/3409/2850 1164/1336/2846 1914/3626/3279 3414/2125/3278
f 3414/2125/3278 1914/3626/3279 1234/1406/3207 1877/3589/3205
f 1913/3625/3277 3414/2125/3278 1877/3589/3205 1233/1405/3203
f 1164/1336/2846 1694/3406/2844 3415/2126/3280 1914/3626/3279
f 1694/3406/2844 1163/1335/2840 1915/3627/3281 3415/2126/3280
f 3415/2126/3280 1915/3627/3281 1235/1407/3211 1879/3591/3209
f 1914/3626/3279 3415/2126/3280 1879/3591/3209 1234/1406/3207
f 1163/1335/2840 1691/3403/2838 3416/2127/3282 1915/3627/3281
f 1691/3403/2838 1162/1334/2837 1916/3628/3283 3416/2127/3282
f 3416/2127/3282 1916/3628/3283 1236/1408/3215 1881/3593/3213
f 1915/3627/3281 3416/2127/3282 1881/3593/3213 1235/1407/3211
f 1162/1334/2837 1689/3401/2836 3417/2128/3284 1916/3628/3283
f 1689/3401/2836 1161/1333/2835 1917/3629/3285 3417/2128/3284
f 3417/2128/3284 1917/3629/3285 1237/1409/3219 1883/3595/3217
f 1916/3628/3283 3417/2128/3284 1883/3595/3217 1236/1408/3215
f 1161/1333/2835 1702/3414/2861 3418/2129/3286 1917/3629/3285
f 1702/3414/2861 1160/1332/2860 1918/3630/3287 3418/2129/3286
f 3418/2129/3286 1918/3630/3287 1238/1410/3223 1885/3597/3221
f 1917/3629/3285 3418/2129/3286 1885/3597/3221 1237/1409/3219
f 1160/1332/2860 1703/3415/2863 3419/2130/3288 1918/3630/3287
f 1703/3415/2863 1159/1331/2862 1919/3631/3289 3419/2130/3288
f 3419/2130/3288 1919/3631/3289 1239/1411/3227 1887/3599/3225
f 1918/3630/3287 3419/2130/3288 1887/3599/3225 1238/1410/3223
f 1159/1331/2862 1706/3418/2868 3420/2131/3290 1919/3631/3289
f 1706/3418/2868 1158/1330/902 1920/3632/3291 3420/2131/3290
f 3420/2131/3290 1920/3632/3291 1240/1412/3231 1889/3601/3229
f 1919/3631/3289 3420/2131/3290 1889/3601/3229 1239/1411/3227
f 1158/1330/902 2183/2397/899 3421/2132/3292 1920/3632/3291
f 2183/2397/899 1157/1329/898 1921/3633/3293 3421/2132/3292
f 3421/2132/3292 1921/3633/3293 1241/1413/3235 1891/3603/3233
f 1920/3632/3291 3421/2132/3292 1891/3603/3233 1240/1412/3231
f 1157/1329/898 2187/2401/908 3422/2133/3294 1921/3633/3293
f 2187/2401/908 1156/1328/907 1922/3634/3295 3422/2133/3294
f 3422/2133/3294 1922/3634/3295 1242/1414/3239 1893/3605/3237
f 1921/3633/3293 3422/2133/3294 1893/3605/3237 1241/1413/3235
f 1156/1328/907 2190/2404/914 3423/2134/3296 1922/3634/3295
f 2190/2404/914 1155/1327/913 1923/3635/3297 3423/2134/3296
f 3423/2134/3296 1923/3635/3297 1243/1415/3243 1895/3607/3241
f 1922/3634/3295 3423/2134/3296 1895/3607/3241 1242/1414/3239
f 1155/1327/913 2193/2407/920 3424/2135/3298 1923/3635/3297
f 2193/2407/920 1154/1326/919 1924/3636/3299 3424/2135/3298
f 3424/2135/3298 1924/3636/3299 1244/1416/3247 1897/3609/3245
f 1923/3635/3297 3424/2135/3298 1897/3609/3245 1243/1415/3243
f 1154/1326/919 2196/2410/926 3425/2136/3300 1924/3636/3299
f 2196/2410/926 1153/1325/925 1925/3637/3301 3425/2136/3300
f 3425/2136/3300 1925/3637/3301 1245/1417/3251 1899/3611/3249
f 1924/3636/3299 3425/2136/3300 1899/3611/3249 1244/1416/3247
f 1153/1325/925 2199/2413/932 3426/2137/3302 1925/3637/3301
f 2199/2413/932 1152/1324/931 1926/3638/3303 3426/2137/3302
f 3426/2137/3302 1926/3638/3303 1246/1418/3255 1901/3613/3253
f 1925/3637/3301 3426/2137/3302 1901/3613/3253 1245/1417/3251
f 1152/1324/931 1710/3422/2874 3427/2138/3304 1926/3638/3303
f 1710/3422/2874 1151/1323/939 1927/3639/3305 3427/2138/3304
f 3427/2138/3304 1927/3639/3305 1247/1419/3259 1903/3615/3257
f 1926/3638/3303 3427/2138/3304 1903/3615/3257 1246/1418/3255
f 1151/1323/939 2202/2416/937 3428/2139/3306 1927/3639/3305
f 2202/2416/937 1150/1322/877 1928/3640/3307 3428/2139/3306
f 3428/2139/3306 1928/3640/3307 1248/1420/3263 1905/3617/3261
f 1927/3639/3305 3428/2139/3306 1905/3617/3261 1247/1419/3259
f 1150/1322/877 2172/2386/876 3429/2140/3308 1928/3640/3307
f 2172/2386/876 1149/1321/875 1929/3641/3309 3429/2140/3308
f 3429/2140/3308 1929/3641/3309 1249/1421/3267 1907/3619/3265
f 1928/3640/3307 3429/2140/3308 1907/3619/3265 1248/1420/3263
f 1149/1321/875 1828/3540/3108 3430/2141/3310 1929/3641/3309
f 1828/3540/3108 1168/1340/3107 1911/3623/3272 3430/2141/3310
f 3430/2141/3310 1911/3623/3272 1230/1402/3191 1909/3621/3269
f 1929/3641/3309 3430/2141/3310 1909/3621/3269 1249/1421/3267
f 1172/1344/886 2176/2390/885 3431/2142/3311 1932/3644/3312
f 2176/2390/885 1171/1343/884 1930/3642/3313 3431/2142/3311
f 3431/2142/3311 1930/3642/3313 1250/1422/3314 1931/3643/3315
f 1932/3644/3312 3431/2142/3311 1931/3643/3315 1251/1423/3316
f 1174/1346/3006 1779/3491/3009 3432/2143/3317 1935/3647/3318
f 1779/3491/3009 1175/1347/3005 1933/3645/3319 3432/2143/3317
f 3432/2143/3317 1933/3645/3319 1252/1424/3320 1934/3646/3321
f 1935/3647/3318 3432/2143/3317 1934/3646/3321 1253/1425/3322
f 1176/1348/3014 1780/3492/3012 3433/2144/3323 1937/3649/3324
f 1780/3492/3012 1174/1346/3006 1935/3647/3318 3433/2144/3323
f 3433/2144/3323 1935/3647/3318 1253/1425/3322 1936/3648/3325
f 1937/3649/3324 3433/2144/3323 1936/3648/3325 1254/1426/3326
f 1177/1349/3020 1783/3495/3018 3434/2145/3327 1939/3651/3328
f 1783/3495/3018 1176/1348/3014 1937/3649/3324 3434/2145/3327
f 3434/2145/3327 1937/3649/3324 1254/1426/3326 1938/3650/3329
f 1939/3651/3328 3434/2145/3327 1938/3650/3329 1255/1427/3330
f 1178/1350/3026 1786/3498/3024 3435/2146/3331 1941/3653/3332
f 1786/3498/3024 1177/1349/3020 1939/3651/3328 3435/2146/3331
f 3435/2146/3331 1939/3651/3328 1255/1427/3330 1940/3652/3333
f 1941/3653/3332 3435/2146/3331 1940/3652/3333 1256/1428/3334
f 1179/1351/3032 1789/3501/3030 3436/2147/3335 1943/3655/3336
f 1789/3501/3030 1178/1350/3026 1941/3653/3332 3436/2147/3335
f 3436/2147/3335 1941/3653/3332 1256/1428/3334 1942/3654/3337
f 1943/3655/3336 3436/2147/3335 1942/3654/3337 1257/1429/3338
f 1180/1352/3038 1792/3504/3036 3437/2148/3339 1945/3657/3340
f 1792/3504/3036 1179/1351/3032 1943/3655/3336 3437/2148/3339
f 3437/2148/3339 1943/3655/3336 1257/1429/3338 1944/3656/3341
f 1945/3657/3340 3437/2148/3339 1944/3656/3341 1258/1430/3342
f 1181/1353/3044 1795/3507/3042 3438/2149/3343 1947/3659/3344
f 1795/3507/3042 1180/1352/3038 1945/3657/3340 3438/2149/3343
f 3438/2149/3343 1945/3657/3340 1258/1430/3342 1946/3658/3345
f 1947/3659/3344 3438/2149/3343 1946/3658/3345 1259/1431/3346
f 1182/1354/3050 1798/3510/3048 3439/2150/3347 1949/3661/3348
f 1798/3510/3048 1181/1353/3044 1947/3659/3344 3439/2150/3347
f 3439/2150/3347 1947/3659/3344 1259/1431/3346 1948/3660/3349
f 1949/3661/3348 3439/2150/3347 1948/3660/3349 1260/1432/3350
f 1183/1355/3054 1803/3515/3057 3440/2151/3351 1951/3663/3352
f 1803/3515/3057 1182/1354/3050 1949/3661/3348 3440/2151/3351
f 3440/2151/3351 1949/3661/3348 1260/1432/3350 1950/3662/3353
f 1951/3663/3352 3440/2151/3351 1950/3662/3353 1261/1433/3354
f 1184/1356/3062 1804/3516/3060 3441/2152/3355 1953/3665/3356
f 1804/3516/3060 1183/1355/3054 1951/3663/3352 3441/2152/3355
f 3441/2152/3355 1951/3663/3352 1261/1433/3354 1952/3664/3357
f 1953/3665/3356 3441/2152/3355 1952/3664/3357 1262/1434/3358
f 1185/1357/3071 1808/3520/3070 3442/2153/3359 1955/3667/3360
f 1808/3520/3070 1184/1356/3062 1953/3665/3356 3442/2153/3359
f 3442/2153/3359 1953/3665/3356 1262/1434/3358 1954/3666/3361
f 1955/3667/3360 3442/2153/3359 1954/3666/3361 1263/1435/3362
f 1186/1358/3077 1811/3523/3076 3443/2154/3363 1957/3669/3364
f 1811/3523/3076 1185/1357/3071 1955/3667/3360 3443/2154/3363
f 3443/2154/3363 1955/3667/3360 1263/1435/3362 1956/3668/3365
f 1957/3669/3364 3443/2154/3363 1956/3668/3365 1264/1436/3366
f 1187/1359/3078 1815/3527/3081 3444/2155/3367 1959/3671/3368
f 1815/3527/3081 1186/1358/3077 1957/3669/3364 3444/2155/3367
f 3444/2155/3367 1957/3669/3364 1264/1436/3366 1958/3670/3369
f 1959/3671/3368 3444/2155/3367 1958/3670/3369 1265/1437/3370
f 1188/1360/3084 1818/3530/3087 3445/2156/3371 1961/3673/3372
f 1818/3530/3087 1187/1359/3078 1959/3671/3368 3445/2156/3371
f 3445/2156/3371 1959/3671/3368 1265/1437/3370 1960/3672/3373
f 1961/3673/3372 3445/2156/3371 1960/3672/3373 1266/1438/3374
f 1189/1361/3090 1821/3533/3093 3446/2157/3375 1963/3675/3376
f 1821/3533/3093 1188/1360/3084 1961/3673/3372 3446/2157/3375
f 3446/2157/3375 1961/3673/3372 1266/1438/3374 1962/3674/3377
f 1963/3675/3376 3446/2157/3375 1962/3674/3377 1267/1439/3378
f 1190/1362/3096 1824/3536/3099 3447/2158/3379 1965/3677/3380
f 1824/3536/3099 1189/1361/3090 1963/3675/3376 3447/2158/3379
f 3447/2158/3379 1963/3675/3376 1267/1439/3378 1964/3676/3381
f 1965/3677/3380 3447/2158/3379 1964/3676/3381 1268/1440/3382
f 1171/1343/884 1825/3537/3102 3448/2159/3383 1930/3642/3313
f 1825/3537/3102 1190/1362/3096 1965/3677/3380 3448/2159/3383
f 3448/2159/3383 1965/3677/3380 1268/1440/3382 1966/3678/3384
f 1930/3642/3313 3448/2159/3383 1966/3678/3384 1250/1422/3314
f 1175/1347/3005 1775/3487/3004 3449/2160/3385 1933/3645/3319
f 1775/3487/3004 1191/1363/2828 1967/3679/3386 3449/2160/3385
f 3449/2160/3385 1967/3679/3386 1269/1441/3387 1968/3680/3388
f 1933/3645/3319 3449/2160/3385 1968/3680/3388 1252/1424/3320
f 1191/1363/2828 1685/3397/2827 3450/2161/3389 1967/3679/3386
f 1685/3397/2827 1172/1344/886 1932/3644/3312 3450/2161/3389
f 3450/2161/3389 1932/3644/3312 1251/1423/3316 1969/3681/3390
f 1967/3679/3386 3450/2161/3389 1969/3681/3390 1269/1441/3387
f 1251/1423/3316 1931/3643/3315 3451/2162/3391 1972/3684/3392
f 1931/3643/3315 1250/1422/3314 1970/3682/3393 3451/2162/3391
f 3451/2162/3391 1970/3682/3393 1270/1442/3394 1971/3683/3395
f 1972/3684/3392 3451/2162/3391 1971/3683/3395 1271/1443/3396
f 1253/1425/3322 1934/3646/3321 3452/2163/3397 1975/3687/3398
f 1934/3646/3321 1252/1424/3320 1973/3685/3399 3452/2163/3397
f 3452/2163/3397 1973/3685/3399 1272/1444/3400 1974/3686/3401
f 1975/3687/3398 3452/2163/3397 1974/3686/3401 1273/1445/3402
f 1254/1426/3326 1936/3648/3325 3453/2164/3403 1977/3689/3404
f 1936/3648/3325 1253/1425/3322 1975/3687/3398 3453/2164/3403
f 3453/2164/3403 1975/3687/3398 1273/1445/3402 1976/3688/3405
f 1977/3689/3404 3453/2164/3403 1976/3688/3405 1274/1446/3406
f 1255/1427/3330 1938/3650/3329 3454/2165/3407 1979/3691/3408
f 1938/3650/3329 1254/1426/3326 1977/3689/3404 3454/2165/3407
f 3454/2165/3407 1977/3689/3404 1274/1446/3406 1978/3690/3409
f 1979/3691/3408 3454/2165/3407 1978/3690/3409 1275/1447/3410
f 1256/1428/3334 1940/3652/3333 3455/2166/3411 1981/3693/3412
f 1940/3652/3333 1255/1427/3330 1979/3691/3408 3455/2166/3411
f 3455/2166/3411 1979/3691/3408 1275/1447/3410 1980/3692/3413
f 1981/3693/3412 3455/2166/3411 1980/3692/3413 1276/1448/3414
f 1257/1429/3338 1942/3654/3337 3456/2167/3415 1983/3695/3416
f 1942/3654/3337 1256/1428/3334 1981/3693/3412 3456/2167/3415
f 3456/2167/3415 1981/3693/3412 1276/1448/3414 1982/3694/3417
f 1983/3695/3416 3456/2167/3415 1982/3694/3417 1277/1449/3418
f 1258/1430/3342 1944/3656/3341 3457/2168/3419 1985/3697/3420
f 1944/3656/3341 1257/1429/3338 1983/3695/3416 3457/2168/3419
f 3457/2168/3419 1983/3695/3416 1277/1449/3418 1984/3696/3421
f 1985/3697/3420 3457/2168/3419 1984/3696/3421 1278/1450/3422
f 1259/1431/3346 1946/3658/3345 3458/2169/3423 1987/3699/3424
f 1946/3658/3345 1258/1430/3342 1985/3697/3420 3458/2169/3423
f 3458/2169/3423 1985/3697/3420 1278/1450/3422 1986/3698/3425
f 1987/3699/3424 3458/2169/3423 1986/3698/3425 1279/1451/3426
f 1260/1432/3350 1948/3660/3349 3459/2170/3427 1989/3701/3428
f 1948/3660/3349 1259/1431/3346 1987/3699/3424 3459/2170/3427
f 3459/2170/3427 1987/3699/3424 1279/1451/3426 1988/3700/3429
f 1989/3701/3428 3459/2170/3427 1988/3700/3429 1280/1452/3430
f 1261/1433/3354 1950/3662/3353 3460/2171/3431 1991/3703/3432
f 1950/3662/3353 1260/1432/3350 1989/3701/3428 3460/2171/3431
f 3460/2171/3431 1989/3701/3428 1280/1452/3430 1990/3702/3433
f 1991/3703/3432 3460/2171/3431 1990/3702/3433 1281/1453/3434
f 1262/1434/3358 1952/3664/3357 3461/2172/3435 1993/3705/3436
f 1952/3664/3357 1261/1433/3354 1991/3703/3432 3461/2172/3435
f 3461/2172/3435 1991/3703/3432 1281/1453/3434 1992/3704/3437
f 1993/3705/3436 3461/2172/3435 1992/3704/3437 1282/1454/3438
f 1263/1435/3362 1954/3666/3361 3462/2173/3439 1995/3707/3440
f 1954/3666/3361 1262/1434/3358 1993/3705/3436 3462/2173/3439
f 3462/2173/3439 1993/3705/3436 1282/1454/3438 1994/3706/3441
f 1995/3707/3440 3462/2173/3439 1994/3706/3441 1283/1455/3442
f 1264/1436/3366 1956/3668/3365 3463/2174/3443 1997/3709/3444
f 1956/3668/3365 1263/1435/3362 1995/3707/3440 3463/2174/3443
f 3463/2174/3443 1995/3707/3440 1283/1455/3442 1996/3708/3445
f 1997/3709/3444 3463/2174/3443 1996/3708/3445 1284/1456/3446
f 1265/1437/3370 1958/3670/3369 3464/2175/3447 1999/3711/3448
f 1958/3670/3369 1264/1436/3366 1997/3709/3444 3464/2175/3447
f 3464/2175/3447 1997/3709/3444 1284/1456/3446 1998/3710/3449
f 1999/3711/3448 3464/2175/3447 1998/3710/3449 1285/1457/3450
f 1266/1438/3374 1960/3672/3373 3465/2176/3451 2001/3713/3452
f 1960/3672/3373 1265/1437/3370 1999/3711/3448 3465/2176/3451
f 3465/2176/3451 1999/3711/3448 1285/1457/3450 2000/3712/3453
f 2001/3713/3452 3465/2176/3451 2000/3712/3453 1286/1458/3454
f 1267/1439/3378 1962/3674/3377 3466/2177/3455 2003/3715/3456
f 1962/3674/3377 1266/1438/3374 2001/3713/3452 3466/2177/3455
f 3466/2177/3455 2001/3713/3452 1286/1458/3454 2002/3714/3457
f 2003/3715/3456 3466/2177/3455 2002/3714/3457 1287/1459/3458
f 1268/1440/3382 1964/3676/3381 3467/2178/3459 2005/3717/3460
f 1964/3676/3381 1267/1439/3378 2003/3715/3456 3467/2178/3459
f 3467/2178/3459 2003/3715/3456 1287/1459/3458 2004/3716/3461
f 2005/3717/3460 3467/2178/3459 2004/3716/3461 1288/1460/3462
f 1250/1422/3314 1966/3678/3384 3468/2179/3463 1970/3682/3393
f 1966/3678/3384 1268/1440/3382 2005/3717/3460 3468/2179/3463
f 3468/2179/3463 2005/3717/3460 1288/1460/3462 2006/3718/3464
f 1970/3682/3393 3468/2179/3463 2006/3718/3464 1270/1442/3394
f 1252/1424/3320 1968/3680/3388 3469/2180/3465 1973/3685/3399
f 1968/3680/3388 1269/1441/3387 2007/3719/3466 3469/2180/3465
f 3469/2180/3465 2007/3719/3466 1289/1461/3467 2008/3720/3468
f 1973/3685/3399 3469/2180/3465 2008/3720/3468 1272/1444/3400
f 1269/1441/3387 1969/3681/3390 3470/2181/3469 2007/3719/3466
f 1969/3681/3390 1251/1423/3316 1972/3684/3392 3470/2181/3469
f 3470/2181/3469 1972/3684/3392 1271/1443/3396 2009/3721/3470
f 2007/3719/3466 3470/2181/3469 2009/3721/3470 1289/1461/3467
