# Created by Metasequoia

mtllib Yasmin.mtl

v -0.554492 0.440074 0.316710
v -0.687865 0.893733 0.076737
v -0.749082 0.054896 0.018404
v -0.792666 0.838431 -0.838691
v -0.641843 1.381340 -0.530722
v -0.705964 1.530293 -1.029521
v -0.961470 1.511682 -1.203326
v -0.964302 0.852031 -1.054705
v -1.139765 1.516631 -1.181356
v -1.176141 0.845983 -0.987106
v -1.313929 0.858901 -0.703342
v -1.346699 1.515884 -0.838236
v -1.343832 1.339043 -0.464801
v -1.470243 0.429650 0.534335
v -1.461777 0.118282 0.520631
v -1.369397 0.415233 0.970679
v -1.385252 0.154408 0.930154
v -1.197817 0.190407 1.366499
v -1.198602 0.448424 1.372025
v -0.951104 0.199000 1.521683
v -0.952242 0.456827 1.525109
v -0.652996 0.187937 1.477893
v -0.663215 0.446103 1.482673
v -0.533637 0.414214 1.171548
v -0.532853 0.156197 1.166030
v -0.498603 0.366755 0.649560
v -0.510895 0.104288 0.611594
v -0.884923 -0.037062 -1.008001
v -1.081546 -0.039174 -1.080607
v -1.269958 -0.017887 -0.898759
v -0.558294 0.075039 0.284077
v -0.782153 0.801235 0.679225
v -0.643568 0.712205 1.255705
v -0.960087 0.847161 0.774465
v -0.855094 0.778426 1.349088
v -1.119467 0.722527 1.330988
v -1.142014 0.820955 0.728643
v -1.121753 2.169717 -1.001689
v -1.347432 2.329890 -0.244587
v -1.403829 1.847183 -0.499798
v -1.285226 1.975761 -0.194990
v -0.978133 2.063827 0.164600
v -0.972022 2.401813 0.126634
v -0.717768 2.030774 0.075633
v -0.706608 2.381104 0.051358
v -0.637297 1.945026 -0.408709
v -0.585461 2.295915 -0.530924
v -0.652686 1.813338 -0.703136
v -0.834824 2.155469 -1.094524
v -0.628117 0.706146 0.558445
v -0.767621 0.450688 0.869894
v -1.109408 0.443246 0.928061
v -1.314837 0.679402 0.634744
v -0.799748 1.265453 -0.510684
v -0.838180 0.475163 0.422020
v -1.180453 1.274897 -0.505284
v -1.158854 0.411470 0.472591
v -0.993370 2.201136 -1.140492
v -0.648440 1.692121 -0.848563
v -0.960948 1.639703 -0.591157
v -0.604508 0.685519 0.780175
v -1.273678 0.694325 1.009780
v 0.554492 0.440074 0.316710
v 0.749082 0.054896 0.018404
v 0.687865 0.893733 0.076737
v 0.792666 0.838431 -0.838691
v 0.641843 1.381340 -0.530722
v 0.705964 1.530293 -1.029521
v 0.961470 1.511682 -1.203326
v 0.964302 0.852031 -1.054705
v 1.139765 1.516631 -1.181356
v 1.176141 0.845983 -0.987106
v 1.313929 0.858901 -0.703342
v 1.346699 1.515884 -0.838236
v 1.343832 1.339043 -0.464801
v 1.470243 0.429650 0.534335
v 1.461777 0.118282 0.520631
v 1.369397 0.415233 0.970679
v 1.385252 0.154408 0.930154
v 1.197817 0.190407 1.366499
v 1.198602 0.448424 1.372025
v 0.951104 0.199000 1.521683
v 0.952242 0.456827 1.525109
v 0.652996 0.187937 1.477893
v 0.663215 0.446103 1.482673
v 0.533637 0.414214 1.171548
v 0.532853 0.156197 1.166030
v 0.498603 0.366755 0.649560
v 0.510895 0.104288 0.611594
v 0.884923 -0.037062 -1.008001
v 1.081546 -0.039174 -1.080607
v 1.269958 -0.017887 -0.898759
v 0.558294 0.075039 0.284077
v 0.782153 0.801235 0.679225
v 0.960087 0.847161 0.774465
v 0.643568 0.712205 1.255705
v 0.855094 0.778426 1.349088
v 1.119467 0.722527 1.330988
v 1.142014 0.820955 0.728643
v 1.121753 2.169717 -1.001689
v 1.403829 1.847183 -0.499798
v 1.347432 2.329890 -0.244587
v 1.285226 1.975761 -0.194990
v 0.978133 2.063827 0.164600
v 0.972022 2.401813 0.126634
v 0.717768 2.030774 0.075633
v 0.706608 2.381104 0.051358
v 0.637297 1.945026 -0.408709
v 0.585461 2.295915 -0.530924
v 0.652686 1.813338 -0.703136
v 0.834824 2.155469 -1.094524
v 0.767621 0.450688 0.869894
v 0.628117 0.706146 0.558445
v 1.109408 0.443246 0.928061
v 1.314837 0.679402 0.634744
v 0.799748 1.265453 -0.510684
v 0.838180 0.475163 0.422020
v 1.180453 1.274897 -0.505284
v 1.158854 0.411470 0.472591
v 0.993370 2.201136 -1.140492
v 0.648440 1.692121 -0.848563
v 0.960948 1.639703 -0.591157
v 0.604508 0.685519 0.780175
v 1.273678 0.694325 1.009780
v -1.432141 5.319512 -0.151229
v -1.298266 4.474517 -0.380291
v -1.317693 5.500707 -0.588247
v -0.997506 4.451972 -0.653428
v -0.930485 5.463202 -0.688368
v -0.534347 5.411117 -0.365039
v -0.578851 4.355087 -0.297788
v -0.508818 5.204988 0.093724
v -0.862651 5.105702 0.434694
v -0.898771 4.326204 0.248663
v -1.348549 5.197466 0.341209
v -1.302108 4.411657 0.068748
v -1.134194 2.670787 -0.237096
v -0.998779 2.672530 -0.647060
v -0.727297 2.634973 -0.385649
v -0.908811 2.638192 0.037090
v -0.971071 1.883211 0.133611
v -1.176050 1.944220 -0.395109
v -0.944200 1.935967 -1.003208
v -0.753378 1.883591 -0.546313
v -0.692244 1.458708 -0.283971
v -0.679837 0.986417 0.251416
v -0.948872 0.800595 0.773296
v -1.381566 0.899083 0.405565
v -1.280216 1.634197 -0.836482
v -0.968308 1.499992 -1.161380
v -0.673127 1.667266 -0.878865
v -0.719665 1.344546 -0.746077
v -0.760796 0.858708 0.053269
v -0.571750 0.355560 0.321415
v -0.653633 0.420025 1.390478
v -1.063341 0.450421 1.388789
v -1.430579 0.391966 0.530870
v -1.260917 0.675068 0.166438
v -1.247009 1.396303 -0.788506
v 1.432141 5.319512 -0.151229
v 1.317693 5.500707 -0.588247
v 1.298266 4.474517 -0.380291
v 0.997506 4.451972 -0.653428
v 0.930485 5.463202 -0.688368
v 0.534347 5.411117 -0.365039
v 0.578851 4.355087 -0.297788
v 0.508818 5.204988 0.093724
v 0.862651 5.105702 0.434694
v 0.898771 4.326204 0.248663
v 1.348549 5.197466 0.341209
v 1.302108 4.411657 0.068748
v 1.134194 2.670787 -0.237096
v 0.998779 2.672530 -0.647060
v 0.727297 2.634973 -0.385649
v 0.908811 2.638192 0.037090
v 0.971071 1.883211 0.133611
v 1.176050 1.944220 -0.395109
v 0.944200 1.935967 -1.003208
v 0.753378 1.883591 -0.546313
v 0.692244 1.458708 -0.283971
v 0.679837 0.986417 0.251416
v 0.948872 0.800595 0.773296
v 1.381566 0.899083 0.405565
v 1.280216 1.634197 -0.836482
v 0.968308 1.499992 -1.161380
v 0.673127 1.667266 -0.878865
v 0.719665 1.344546 -0.746077
v 0.760796 0.858708 0.053269
v 0.571750 0.355560 0.321415
v 0.653633 0.420025 1.390478
v 1.063341 0.450421 1.388789
v 1.430579 0.391966 0.530870
v 1.260917 0.675068 0.166438
v 1.247009 1.396303 -0.788506
v 0.001623 12.435010 -0.420423
v -0.000099 11.900310 -0.226343
v -0.567713 12.001900 0.050206
v -0.575179 12.527480 -0.176117
v -0.676957 12.079050 0.341071
v -0.750197 12.755500 0.276567
v -0.562949 12.867040 0.849017
v -0.492667 12.144220 0.666613
v 0.001533 12.845980 -0.579634
v -0.748715 12.896550 -0.306915
v -0.910732 13.158600 0.319843
v -0.002495 10.996540 0.194953
v -0.000000 11.458050 0.889095
v -0.481667 11.518180 0.848215
v -0.854996 11.611330 0.517895
v -0.621234 11.565620 -0.051415
v -0.000000 11.515410 -0.346968
v -0.956840 13.122950 0.050305
v -0.976132 13.390310 0.412259
v -0.742945 13.580320 0.646632
v -0.973465 13.147990 -0.237232
v -0.739884 13.344780 -0.506015
v -0.614796 13.195580 0.910082
v -0.993597 13.710570 0.313525
v -0.596105 13.945360 0.273683
v 0.008275 13.543050 0.777304
v 0.059686 14.000000 0.403045
v -1.007483 13.881790 -0.047045
v -0.642330 14.080260 -0.058862
v -0.949825 13.537080 -0.447059
v -0.717530 13.769040 -0.473463
v -0.257954 14.210070 -0.123375
v 0.002795 13.774620 -0.515885
v 0.117099 14.183110 -0.344931
v 0.000329 13.387930 -0.616345
v 0.041834 15.260000 -0.441147
v -0.321137 15.233470 -0.170994
v -0.249749 15.158900 0.131761
v -0.170075 14.100060 0.162894
v 0.028363 15.063150 0.263214
v -1.304324 13.306030 0.215789
v -1.270568 13.315180 -0.257760
v -0.915590 13.117690 -0.416640
v -0.818245 13.026220 0.059002
v -1.064554 13.159420 0.315410
v -1.653697 12.650320 0.165064
v -1.612242 12.693010 -0.303391
v -1.328155 12.428740 -0.435998
v -1.264155 12.302780 0.019558
v -2.357523 11.334880 0.049015
v -2.459409 11.404240 -0.060030
v -2.363567 11.417000 -0.430134
v -2.167385 11.232440 -0.572584
v -2.010514 11.101490 -0.478991
v -2.065971 11.154940 -0.135625
v -2.215627 10.908390 -0.203883
v -2.587021 10.850320 -0.038574
v -2.732121 10.949990 -0.143187
v -2.524664 11.129510 -0.432417
v -2.223708 10.924330 -0.608338
v -2.691924 10.848570 -0.548295
v -2.980627 10.372070 -0.620330
v -2.481866 10.836220 -0.613574
v -2.298593 10.719290 -0.579556
v -2.368994 10.588330 -0.286347
v -2.629224 10.143390 -0.369534
v -2.989470 10.355340 -0.171249
v -3.527947 9.242130 -0.697641
v -3.316524 9.147813 -0.768336
v -2.658936 10.222870 -0.758162
v -3.351142 9.138543 -0.521042
v -3.546997 9.249297 -0.434340
v -3.772017 9.090739 -0.393845
v -3.675232 8.978398 -0.665919
v -3.367376 8.862229 -0.826515
v -3.263296 8.800493 -0.747076
v -3.683407 8.789403 -0.369678
v -3.645404 9.041218 -0.271848
v -3.819580 8.720819 -0.166474
v -3.913349 8.737354 -0.292650
v -3.793997 8.828541 -0.460722
v -3.928471 8.581590 -0.565444
v -3.841676 8.532574 -0.699811
v -3.733320 8.475324 -0.792899
v -3.599426 8.452680 -0.852486
v -3.459570 8.456600 -0.882082
v -3.381708 8.432730 -0.775303
v -3.529755 8.400702 -0.702680
v -3.663860 8.412528 -0.630055
v -3.776204 8.484875 -0.550347
v -3.873571 8.546852 -0.456649
v -3.820385 8.631985 -0.319653
v -4.055718 8.294374 -0.602645
v -3.967585 8.245679 -0.663814
v -3.927055 8.234062 -0.642751
v -3.831179 8.180864 -0.708701
v -3.783025 8.150203 -0.669815
v -3.678080 8.096775 -0.744012
v -3.622547 8.185009 -0.765452
v -3.536266 8.136411 -0.830673
v -3.515500 8.205011 -0.706759
v -3.498720 8.114450 -0.638829
v -3.562956 8.070348 -0.626127
v -3.494565 8.036509 -0.674117
v -3.998741 8.609110 -0.223715
v -3.910525 8.548851 -0.225148
v -3.925894 8.593037 -0.129228
v -4.006140 8.556887 -0.130630
v -3.671680 8.184640 -0.617229
v -3.629164 7.938527 -0.507438
v -3.629745 8.027987 -0.473602
v -3.704060 7.973021 -0.456410
v -3.601546 7.887739 -0.324270
v -3.581691 7.905243 -0.389686
v -3.596425 7.978540 -0.372195
v -3.644675 7.936110 -0.347552
v -3.805292 8.206391 -0.560090
v -3.815375 7.988998 -0.505927
v -3.808232 8.064499 -0.440310
v -3.890189 8.025088 -0.457839
v -3.776948 7.904893 -0.287711
v -3.756698 7.922073 -0.344134
v -3.776526 8.002233 -0.326862
v -3.822465 7.948555 -0.303153
v -3.950884 8.270398 -0.523014
v -3.993366 8.034534 -0.548357
v -3.994139 8.070441 -0.448092
v -4.072665 8.075909 -0.493925
v -4.042382 7.879987 -0.399585
v -4.005800 7.896355 -0.433374
v -3.997899 7.970604 -0.379506
v -4.067183 7.927389 -0.394081
v -3.428881 8.006441 -0.538066
v -3.455457 8.072700 -0.545039
v -3.489328 8.036633 -0.496352
v -3.454731 7.996641 -0.493288
v -0.001623 12.435010 -0.420423
v 0.000099 11.900310 -0.226343
v -0.001533 12.845980 -0.579634
v 0.002495 10.996540 0.194953
v 0.000000 11.458050 0.889095
v -0.008275 13.543050 0.777304
v -0.059686 14.000000 0.403045
v -0.002795 13.774620 -0.515885
v -0.117099 14.183110 -0.344931
v -0.000329 13.387930 -0.616345
v -0.041834 15.260000 -0.441147
v -0.028363 15.063150 0.263214
v 0.567713 12.001900 0.050206
v 0.575179 12.527480 -0.176117
v 0.676957 12.079050 0.341071
v 0.750197 12.755500 0.276567
v 0.562949 12.867040 0.849017
v 0.492667 12.144220 0.666613
v 0.748715 12.896550 -0.306915
v 0.910732 13.158600 0.319843
v 0.481667 11.518180 0.848215
v 0.854996 11.611330 0.517895
v 0.621234 11.565620 -0.051415
v 0.000000 11.515410 -0.346968
v 0.956840 13.122950 0.050305
v 0.976132 13.390310 0.412259
v 0.742945 13.580320 0.646632
v 0.973465 13.147990 -0.237232
v 0.739884 13.344780 -0.506015
v 0.614796 13.195580 0.910082
v 0.993597 13.710570 0.313525
v 0.596105 13.945360 0.273683
v 1.007483 13.881790 -0.047045
v 0.642330 14.080260 -0.058862
v 0.949825 13.537080 -0.447059
v 0.717530 13.769040 -0.473463
v 0.257954 14.210070 -0.123375
v 0.321137 15.233470 -0.170994
v 0.249749 15.158900 0.131761
v 0.170075 14.100060 0.162894
v 1.304324 13.306030 0.215789
v 1.270568 13.315180 -0.257760
v 0.915590 13.117690 -0.416640
v 0.818245 13.026220 0.059002
v 1.064554 13.159420 0.315410
v 1.653697 12.650320 0.165064
v 1.612242 12.693010 -0.303391
v 1.328155 12.428740 -0.435998
v 1.264155 12.302780 0.019558
v 2.357523 11.334880 0.049015
v 2.459409 11.404240 -0.060030
v 2.363567 11.417000 -0.430134
v 2.167385 11.232440 -0.572584
v 2.010514 11.101490 -0.478991
v 2.065971 11.154940 -0.135625
v 2.215627 10.908390 -0.203883
v 2.587021 10.850320 -0.038574
v 2.732121 10.949990 -0.143187
v 2.524664 11.129510 -0.432417
v 2.223708 10.924330 -0.608338
v 2.691924 10.848570 -0.548295
v 2.980627 10.372070 -0.620330
v 2.481866 10.836220 -0.613574
v 2.298593 10.719290 -0.579556
v 2.368994 10.588330 -0.286347
v 2.629224 10.143390 -0.369534
v 2.989470 10.355340 -0.171249
v 3.527947 9.242130 -0.697641
v 3.316524 9.147813 -0.768336
v 2.658936 10.222870 -0.758162
v 3.351142 9.138543 -0.521042
v 3.546997 9.249297 -0.434340
v 3.772017 9.090739 -0.393845
v 3.675232 8.978398 -0.665919
v 3.367376 8.862229 -0.826515
v 3.263296 8.800493 -0.747076
v 3.683407 8.789403 -0.369678
v 3.645404 9.041218 -0.271848
v 3.819580 8.720819 -0.166474
v 3.913349 8.737354 -0.292650
v 3.793997 8.828541 -0.460722
v 3.928471 8.581590 -0.565444
v 3.841676 8.532574 -0.699811
v 3.733320 8.475324 -0.792899
v 3.599426 8.452680 -0.852486
v 3.459570 8.456600 -0.882082
v 3.381708 8.432730 -0.775303
v 3.529755 8.400702 -0.702680
v 3.663860 8.412528 -0.630055
v 3.776204 8.484875 -0.550347
v 3.873571 8.546852 -0.456649
v 3.820385 8.631985 -0.319653
v 4.055718 8.294374 -0.602645
v 3.967585 8.245679 -0.663814
v 3.927055 8.234062 -0.642751
v 3.831179 8.180864 -0.708701
v 3.783025 8.150203 -0.669815
v 3.678080 8.096775 -0.744012
v 3.622547 8.185009 -0.765452
v 3.536266 8.136411 -0.830673
v 3.515500 8.205011 -0.706759
v 3.498720 8.114450 -0.638829
v 3.562956 8.070348 -0.626127
v 3.494565 8.036509 -0.674117
v 3.998741 8.609110 -0.223715
v 3.910525 8.548851 -0.225148
v 3.925894 8.593037 -0.129228
v 4.006140 8.556887 -0.130630
v 3.671680 8.184640 -0.617229
v 3.629164 7.938527 -0.507438
v 3.629745 8.027987 -0.473602
v 3.704060 7.973021 -0.456410
v 3.601546 7.887739 -0.324270
v 3.581691 7.905243 -0.389686
v 3.596425 7.978540 -0.372195
v 3.644675 7.936110 -0.347552
v 3.805292 8.206391 -0.560090
v 3.815375 7.988998 -0.505927
v 3.808232 8.064499 -0.440310
v 3.890189 8.025088 -0.457839
v 3.776948 7.904893 -0.287711
v 3.756698 7.922073 -0.344134
v 3.776526 8.002233 -0.326862
v 3.822465 7.948555 -0.303153
v 3.950884 8.270398 -0.523014
v 3.993366 8.034534 -0.548357
v 3.994139 8.070441 -0.448092
v 4.072665 8.075909 -0.493925
v 4.042382 7.879987 -0.399585
v 4.005800 7.896355 -0.433374
v 3.997899 7.970604 -0.379506
v 4.067183 7.927389 -0.394081
v 3.428881 8.006441 -0.538066
v 3.455457 8.072700 -0.545039
v 3.489328 8.036633 -0.496352
v 3.454731 7.996641 -0.493288
v 0.162444 16.914749 1.453365
v -0.000000 16.667721 1.442065
v -0.000000 17.208700 1.601179
v -0.202187 16.892679 1.480603
v -0.391152 17.186720 1.600886
v -0.366051 16.868290 1.395992
v -0.536662 17.070589 1.383816
v -0.731573 17.316940 1.553034
v -0.803653 17.172041 1.352959
v -1.023611 17.172470 1.276051
v -1.136273 17.381889 1.352031
v -1.198817 17.129351 1.167717
v -1.421885 17.240120 0.978244
v -1.313195 17.056570 0.949129
v -1.322245 16.902700 0.790531
v -1.509831 17.019131 0.480125
v -1.442365 16.637260 0.634861
v -1.233183 16.726540 0.975490
v -1.449859 16.243179 0.850416
v -1.099232 16.658440 1.139985
v -1.027239 16.329981 1.329779
v -0.944636 15.864780 1.316488
v -0.552153 15.998870 1.500101
v -0.664836 15.696000 1.367791
v -0.667133 15.418520 1.233637
v -0.476960 15.665320 1.430034
v -0.412638 15.397870 1.367942
v -0.424811 15.154100 1.194530
v -0.580316 15.066640 1.047525
v -0.304789 14.899460 1.147701
v -0.177523 15.124960 1.338207
v 0.010184 14.845020 1.191527
v 0.015782 14.772190 0.979073
v 0.199125 16.377260 1.439448
v -0.015329 16.430450 1.509537
v -0.226250 16.386419 1.472062
v -0.301490 16.601801 1.347930
v 0.193851 16.119940 1.560881
v -0.017665 16.254520 1.705202
v -0.220414 16.128860 1.592647
v -0.600224 16.338770 1.444615
v -0.501972 16.607340 1.306226
v -0.758959 16.596680 1.241917
v 0.185456 15.117140 1.310378
v 0.003694 15.079380 1.358105
v 0.211652 15.928520 1.556255
v 0.102296 15.981700 1.610609
v -0.013712 16.079559 1.619274
v -0.015914 16.152599 1.679794
v -0.127604 15.986650 1.628232
v -0.233717 15.938100 1.590403
v -0.347036 15.800960 1.525710
v -0.012154 15.946910 1.616400
v -0.311491 15.248160 1.345107
v -1.284746 16.900049 0.890696
v 0.170230 15.633640 1.542884
v -0.006307 15.612270 1.528716
v -0.009616 15.682870 1.640011
v -0.184672 15.641280 1.570094
v -0.172722 15.704780 1.620575
v -0.012718 15.859600 1.686980
v 0.154491 15.697740 1.595488
v 0.226725 15.822360 1.580762
v -0.247478 15.832570 1.617121
v -0.310684 15.704910 1.534440
v 0.230687 15.299820 1.457472
v 0.183217 15.459250 1.339466
v 0.195844 15.485060 1.510512
v 0.039942 15.459520 1.512953
v -0.000467 15.453520 1.352053
v -0.048494 15.461420 1.519743
v -0.184441 15.467020 1.367615
v -0.205479 15.493700 1.541287
v -0.362237 15.566030 1.482692
v -0.233775 15.309820 1.493085
v -0.001774 15.269520 1.503886
v -1.347263 16.089350 -0.018551
v -1.351363 16.218941 -0.576492
v -1.657525 16.184271 -0.329194
v -1.776537 16.696251 -0.712967
v -1.377622 16.803419 -0.632702
v -0.000000 18.402189 1.499135
v -0.654435 18.403271 1.457897
v -0.002638 18.940220 0.833682
v -1.013896 18.407290 1.108216
v -1.325521 18.342140 0.615953
v -1.385636 18.327820 0.017052
v -1.543555 17.507820 0.538869
v -1.558956 17.272360 0.032091
v -1.334133 17.525330 -0.958102
v -1.320568 16.757059 -0.959302
v -1.541291 16.913080 0.031583
v -1.509054 16.373569 0.147532
v -1.301367 16.174940 -0.778823
v -1.452471 16.038340 0.291624
v -1.108242 15.550630 -0.294952
v -1.228210 15.661770 0.708039
v -0.809970 15.207300 0.231438
v -0.870019 15.275220 0.853138
v -0.400554 14.929600 0.446173
v 0.049131 15.275280 -0.772768
v -0.000000 17.752670 1.625694
v -0.703560 17.799879 1.582002
v -1.152282 17.814581 1.336075
v -1.441336 17.684130 0.946007
v 0.022678 14.824300 0.643758
v 0.032265 14.928250 0.161282
v -1.390108 16.873030 0.861728
v -1.320447 16.889050 0.931419
v -1.310934 16.808130 0.955075
v -1.235682 16.769621 1.031071
v -1.185710 16.954189 1.172693
v -1.067668 16.971930 1.300675
v -0.862037 17.004629 1.412230
v -0.612447 16.959230 1.424910
v -0.399584 16.823721 1.394768
v -1.155206 16.922819 1.031524
v -0.857808 16.982809 1.279644
v -0.611535 16.941059 1.338284
v -0.409528 16.796690 1.309665
v -0.334353 16.637951 1.291464
v -1.369619 17.096001 1.104025
v -1.423333 17.061081 0.978475
v -1.442329 17.240080 1.095744
v -1.102504 16.694500 1.162729
v -0.751964 16.626560 1.285670
v -0.504191 16.628441 1.328018
v -0.498577 16.654421 1.277249
v -0.752772 16.636681 1.215156
v -1.092359 16.695761 1.056715
v -1.201084 16.774220 0.955731
v -1.401655 16.782431 -0.208227
v -1.637887 16.951530 -0.532892
v -0.388377 15.762900 0.961161
v -0.384128 15.846210 1.034354
v -0.331284 15.673840 1.132415
v -0.247317 15.752880 1.358909
v -0.297680 15.627850 1.198244
v -0.239545 15.574320 1.296433
v -0.138933 15.556080 1.354376
v -0.006420 15.769470 1.454195
v -0.001886 15.555090 1.364115
v 0.135989 15.555180 1.333293
v -0.162444 16.914749 1.453365
v 0.000000 17.208700 1.601179
v 0.000000 16.667721 1.442065
v 0.202187 16.892679 1.480603
v 0.391152 17.186720 1.600886
v 0.366051 16.868290 1.395992
v 0.536662 17.070589 1.383816
v 0.731573 17.316940 1.553034
v 0.803653 17.172041 1.352959
v 1.023611 17.172470 1.276051
v 1.136273 17.381889 1.352031
v 1.198817 17.129351 1.167717
v 1.421885 17.240120 0.978244
v 1.313195 17.056570 0.949129
v 1.322245 16.902700 0.790531
v 1.509831 17.019131 0.480125
v 1.442365 16.637260 0.634861
v 1.233183 16.726540 0.975490
v 1.449859 16.243179 0.850416
v 1.099232 16.658440 1.139985
v 1.027239 16.329981 1.329779
v 0.944636 15.864780 1.316488
v 0.552153 15.998870 1.500101
v 0.664836 15.696000 1.367791
v 0.667133 15.418520 1.233637
v 0.476960 15.665320 1.430034
v 0.412638 15.397870 1.367942
v 0.424811 15.154100 1.194530
v 0.580316 15.066640 1.047525
v 0.304789 14.899460 1.147701
v 0.177523 15.124960 1.338207
v -0.010184 14.845020 1.191527
v -0.015782 14.772190 0.979073
v -0.199125 16.377260 1.439448
v 0.015329 16.430450 1.509537
v 0.226250 16.386419 1.472062
v 0.301490 16.601801 1.347930
v -0.193851 16.119940 1.560881
v 0.017665 16.254520 1.705202
v 0.220414 16.128860 1.592647
v 0.600224 16.338770 1.444615
v 0.501972 16.607340 1.306226
v 0.758959 16.596680 1.241917
v -0.185456 15.117140 1.310378
v -0.003694 15.079380 1.358105
v -0.211652 15.928520 1.556255
v -0.102296 15.981700 1.610609
v 0.013712 16.079559 1.619274
v 0.015914 16.152599 1.679794
v 0.127604 15.986650 1.628232
v 0.233717 15.938100 1.590403
v 0.347036 15.800960 1.525710
v 0.012154 15.946910 1.616400
v 0.311491 15.248160 1.345107
v 1.284746 16.900049 0.890696
v -0.170230 15.633640 1.542884
v 0.009616 15.682870 1.640011
v 0.006307 15.612270 1.528716
v 0.184672 15.641280 1.570094
v 0.172722 15.704780 1.620575
v 0.012718 15.859600 1.686980
v -0.154491 15.697740 1.595488
v -0.226725 15.822360 1.580762
v 0.247478 15.832570 1.617121
v 0.310684 15.704910 1.534440
v -0.230687 15.299820 1.457472
v -0.183217 15.459250 1.339466
v -0.195844 15.485060 1.510512
v -0.039942 15.459520 1.512953
v 0.000467 15.453520 1.352053
v 0.048494 15.461420 1.519743
v 0.184441 15.467020 1.367615
v 0.205479 15.493700 1.541287
v 0.362237 15.566030 1.482692
v 0.233775 15.309820 1.493085
v 0.001774 15.269520 1.503886
v 1.347263 16.089350 -0.018551
v 1.657525 16.184271 -0.329194
v 1.351363 16.218941 -0.576492
v 1.776537 16.696251 -0.712967
v 1.377622 16.803419 -0.632702
v 0.000000 18.402189 1.499135
v 0.002638 18.940220 0.833682
v 0.654435 18.403271 1.457897
v 1.013896 18.407290 1.108216
v 1.325521 18.342140 0.615953
v 1.385636 18.327820 0.017052
v 1.543555 17.507820 0.538869
v 1.558956 17.272360 0.032091
v 1.334133 17.525330 -0.958102
v 1.320568 16.757059 -0.959302
v 1.541291 16.913080 0.031583
v 1.509054 16.373569 0.147532
v 1.301367 16.174940 -0.778823
v 1.452471 16.038340 0.291624
v 1.108242 15.550630 -0.294952
v 1.228210 15.661770 0.708039
v 0.809970 15.207300 0.231438
v 0.870019 15.275220 0.853138
v 0.400554 14.929600 0.446173
v -0.049131 15.275280 -0.772768
v 0.000000 17.752670 1.625694
v 0.703560 17.799879 1.582002
v 1.152282 17.814581 1.336075
v 1.441336 17.684130 0.946007
v -0.022678 14.824300 0.643758
v -0.032265 14.928250 0.161282
v 1.390108 16.873030 0.861728
v 1.310934 16.808130 0.955075
v 1.320447 16.889050 0.931419
v 1.235682 16.769621 1.031071
v 1.185710 16.954189 1.172693
v 1.067668 16.971930 1.300675
v 0.862037 17.004629 1.412230
v 0.612447 16.959230 1.424910
v 0.399584 16.823721 1.394768
v 1.155206 16.922819 1.031524
v 0.857808 16.982809 1.279644
v 0.611535 16.941059 1.338284
v 0.409528 16.796690 1.309665
v 0.334353 16.637951 1.291464
v 1.369619 17.096001 1.104025
v 1.423333 17.061081 0.978475
v 1.442329 17.240080 1.095744
v 1.102504 16.694500 1.162729
v 0.751964 16.626560 1.285670
v 0.504191 16.628441 1.328018
v 0.498577 16.654421 1.277249
v 0.752772 16.636681 1.215156
v 1.092359 16.695761 1.056715
v 1.201084 16.774220 0.955731
v 1.401655 16.782431 -0.208227
v 1.637887 16.951530 -0.532892
v 0.388377 15.762900 0.961161
v 0.331284 15.673840 1.132415
v 0.384128 15.846210 1.034354
v 0.247317 15.752880 1.358909
v 0.297680 15.627850 1.198244
v 0.239545 15.574320 1.296433
v 0.138933 15.556080 1.354376
v 0.006420 15.769470 1.454195
v 0.001886 15.555090 1.364115
v -0.135989 15.555180 1.333293
v -0.334353 16.637951 1.291464
v -0.498577 16.654421 1.277249
v -0.417798 17.003111 1.336425
v -0.897749 16.830811 1.294886
v -0.613465 17.149759 1.352100
v -0.872802 17.201090 1.293232
v -1.058804 17.218031 1.219682
v -1.284746 16.900049 0.890696
v -1.092359 16.695761 1.056715
v -1.201084 16.774220 0.955731
v -0.752772 16.636681 1.215156
v 0.334353 16.637951 1.291464
v 0.417798 17.003111 1.336425
v 0.498577 16.654421 1.277249
v 0.897749 16.830811 1.294886
v 0.613465 17.149759 1.352100
v 0.872802 17.201090 1.293232
v 1.058804 17.218031 1.219682
v 1.284746 16.900049 0.890696
v 1.092359 16.695761 1.056715
v 1.201084 16.774220 0.955731
v 0.752772 16.636681 1.215156
v 0.008275 13.543050 0.777304
v 0.013099 13.172960 1.098053
v -0.614796 13.195580 0.910082
v -0.742945 13.580320 0.646632
v 0.022368 12.804710 0.954079
v -0.562949 12.867040 0.849017
v -0.000000 12.110490 0.803576
v -0.492667 12.144220 0.666613
v -0.008275 13.543050 0.777304
v -0.013099 13.172960 1.098053
v -0.022368 12.804710 0.954079
v 0.614796 13.195580 0.910082
v 0.742945 13.580320 0.646632
v 0.562949 12.867040 0.849017
v 0.000000 12.110490 0.803576
v 0.492667 12.144220 0.666613
v -0.000000 11.458050 0.889095
v -0.481667 11.518180 0.848215
v -0.000000 12.110490 0.803576
v -0.492667 12.144220 0.666613
v 0.000000 11.458050 0.889095
v 0.000000 12.110490 0.803576
v 0.481667 11.518180 0.848215
v 0.492667 12.144220 0.666613
v -0.287120 10.024860 -0.211078
v 0.000001 10.042970 0.528208
v -0.294934 10.234360 -0.468267
v 0.000007 10.136470 0.623744
v -0.000007 10.317250 -0.494149
v 0.000000 10.232110 0.622606
v -0.000000 10.211420 0.639183
v -1.259767 10.505510 0.577410
v -1.075900 11.224060 0.574303
v -0.682410 10.404950 1.002457
v -0.645340 11.165610 0.947132
v -0.282526 10.292530 0.913715
v -0.174810 10.758370 0.941623
v -0.445953 11.567930 0.937248
v 0.068865 11.516960 0.997927
v -0.951026 11.606920 0.561197
v -0.221609 8.619823 -0.168038
v -0.044056 8.635658 0.448172
v -0.387304 7.341648 -0.089204
v -0.208013 7.360325 0.424748
v -0.239488 8.632545 1.060602
v -1.163399 10.341710 -0.020994
v -1.055432 11.252880 -0.057544
v -0.719679 11.671670 -0.003980
v -0.605520 11.407010 -0.481786
v -0.580044 11.670030 -0.203967
v -0.000257 11.659300 -0.369199
v -0.000416 11.406520 -0.533977
v -0.792755 10.932410 -0.555651
v -0.591918 10.134410 -0.452456
v -0.420021 10.847050 -0.673337
v -0.000000 10.802960 -0.566187
v 0.107528 10.718270 0.879706
v -0.381916 7.362757 0.927513
v -0.680266 8.620219 1.256535
v -0.698359 7.354226 1.082424
v -0.415547 6.724792 0.805744
v -0.726117 6.712199 0.958131
v -0.462200 6.043470 0.627220
v -0.815454 6.013262 0.788718
v -1.379132 8.595212 0.548326
v -1.223338 7.325281 0.588614
v -1.221097 6.728220 0.466832
v -1.351730 6.178922 0.329080
v -1.202435 8.585346 -0.185445
v -1.124554 7.312750 -0.120401
v -0.649129 8.601174 -0.483106
v -0.706096 7.323296 -0.357162
v -0.738175 6.830793 -0.454268
v -0.423825 6.799677 -0.191819
v -1.148594 6.804870 -0.221519
v -0.245840 6.752969 0.311384
v -0.254124 6.180761 0.137724
v -0.311531 5.386163 0.020034
v -0.737017 5.200861 0.787396
v -1.559343 5.408103 0.256408
v -1.352094 5.012512 0.353691
v -1.424636 5.178534 -0.214164
v -1.439541 5.685194 -0.610502
v -0.858544 4.918428 0.544849
v -0.487699 5.059269 0.220170
v -0.500746 5.314829 -0.305587
v -0.517882 5.619668 -0.602530
v -1.295363 5.408991 -0.690702
v -0.908031 5.732366 -0.920401
v -0.897564 5.385351 -0.734271
v 0.138265 8.578435 0.131365
v -0.000001 10.126360 0.579626
v 0.078954 8.710660 0.736186
v 0.255216 7.327783 0.421042
v -1.434626 5.318663 0.065454
v -1.947430 4.274536 -0.227494
v -1.405606 5.314967 -0.004467
v -1.918413 4.270842 -0.297408
v -1.376461 5.281935 0.085279
v -1.889266 4.237809 -0.207669
v 0.287120 10.024860 -0.211078
v 0.294934 10.234360 -0.468267
v -0.000001 10.042970 0.528208
v -0.000007 10.136470 0.623744
v 0.000007 10.317250 -0.494149
v -0.000000 10.232110 0.622606
v 0.000000 10.211420 0.639183
v 1.259767 10.505510 0.577410
v 0.682410 10.404950 1.002457
v 1.075900 11.224060 0.574303
v 0.645340 11.165610 0.947132
v 0.282526 10.292530 0.913715
v 0.174810 10.920670 0.941623
v 0.445953 11.567930 0.937248
v -0.068865 11.516960 0.997927
v 0.951026 11.606920 0.561197
v 0.199954 8.619823 -0.168038
v 0.061493 8.635658 0.448172
v 0.387304 7.341648 -0.089204
v 0.208013 7.360325 0.424748
v 0.262543 8.632545 1.060602
v 1.163399 10.341710 -0.020994
v 1.055432 11.252880 -0.057544
v 0.719679 11.671670 -0.003980
v 0.605520 11.407010 -0.481786
v 0.580044 11.670030 -0.203967
v 0.000257 11.659300 -0.369199
v 0.000416 11.406520 -0.533977
v 0.792755 10.932410 -0.555651
v 0.420021 10.847050 -0.673337
v 0.591918 10.134410 -0.452456
v 0.000000 10.802960 -0.566187
v -0.107528 10.718270 0.879706
v 0.381916 7.362757 0.927513
v 0.680266 8.620219 1.256535
v 0.698359 7.354226 1.082424
v 0.415547 6.724792 0.805744
v 0.726117 6.712199 0.958131
v 0.462200 6.043470 0.627220
v 0.815454 6.013262 0.788718
v 1.379132 8.595212 0.548326
v 1.223338 7.325281 0.588614
v 1.221097 6.728220 0.466832
v 1.351730 6.178922 0.329080
v 1.202435 8.585346 -0.185445
v 1.124554 7.312750 -0.120401
v 0.649129 8.601174 -0.483106
v 0.706096 7.323296 -0.357162
v 0.738175 6.830793 -0.454268
v 0.423825 6.799677 -0.191819
v 1.148594 6.804870 -0.221519
v 0.245840 6.752969 0.311384
v 0.254124 6.180761 0.137724
v 0.311531 5.386163 0.020034
v 0.737017 5.200861 0.787396
v 1.559343 5.408103 0.256408
v 1.352094 5.012512 0.353691
v 1.424636 5.178534 -0.214164
v 1.439541 5.685194 -0.610502
v 0.858544 4.918428 0.544849
v 0.487699 5.059269 0.220170
v 0.500746 5.314829 -0.305587
v 0.517882 5.619668 -0.602530
v 1.295363 5.408991 -0.690702
v 0.908031 5.732366 -0.920401
v 0.897564 5.385351 -0.734271
v -0.142504 8.578435 0.131365
v 0.000001 10.126360 0.579626
v -0.140905 8.710660 0.736186
v -0.255216 7.327783 0.421042
v 1.434626 5.318663 0.065454
v 1.405606 5.314967 -0.004467
v 1.947430 4.274536 -0.227494
v 1.918413 4.270842 -0.297408
v 1.376461 5.281935 0.085279
v 1.889266 4.237809 -0.207669
v -0.785427 11.352210 -0.476367
v -0.103079 11.330140 -0.694001
v -0.774198 11.641900 -0.250820
v -0.074665 11.624850 -0.530329
v 0.758129 11.613450 -0.364511
v 0.538204 11.342480 -0.611163
v -0.533100 11.203370 1.088270
v -1.083749 11.371540 0.592270
v -0.518158 11.517900 1.082900
v -1.006588 11.664890 0.466659
v -0.949490 11.373990 -0.226240
v 0.670942 11.194010 0.957330
v 0.646612 11.509000 0.976675
v 1.104559 11.353500 0.523906
v 0.985469 11.620740 0.507878
v 0.916071 11.361330 -0.401463
v 0.081665 11.162750 1.178438
v 0.085599 11.481200 1.185220
v -0.308016 11.221740 1.299465
v -0.024971 11.086760 1.294547
v -0.153218 11.399510 1.149852
v -0.143352 11.405490 1.285194
v -0.273844 11.210450 1.444720
v -0.060559 10.153580 1.383598
v -0.332501 10.284560 1.517788
v -0.364805 10.276130 1.335898
v -0.056832 8.892116 1.567145
v -0.344045 8.970480 1.719720
v -0.378217 8.961889 1.538422
v 0.091990 11.413140 1.179870
v -0.079918 11.496670 1.152240
v 0.119784 11.444510 1.285925
v -0.084949 11.543960 1.253021
v -0.080583 11.578600 1.142543
v 0.154420 11.464440 1.180308
v 0.169287 11.219230 1.309327
v 0.133558 11.223940 1.199523
v 0.026283 11.037780 1.305603
v 0.013479 11.071540 1.196398
v -0.177819 11.070700 1.172853
v -0.176690 11.021470 1.272874
v -0.296287 11.222060 1.146612
v -0.342632 11.216990 1.246318
v -0.252716 11.411630 1.137437
v -0.290744 11.442710 1.235397
v -0.316801 11.462380 1.122306
v -0.190124 10.981800 1.165508
v 0.047092 10.997580 1.202902
v 0.211239 11.205860 1.207173
v -0.376363 11.203290 1.134846
v -0.982794 19.113661 -0.489299
v -0.990061 18.992611 0.219969
v -1.233702 18.875759 -0.639709
v -0.502504 18.625860 -2.645091
v -0.727233 19.057550 -2.405622
v 0.008954 18.633909 -2.595900
v 0.009628 18.270840 -2.327976
v -0.834616 18.495760 -1.916910
v -0.935602 18.892309 -1.390837
v -0.638668 19.380350 -1.815250
v -0.591874 19.132589 -1.151415
v 0.016065 19.659140 -1.540389
v -0.003616 19.358749 -0.897838
v -0.014395 19.633270 -2.912658
v 0.006289 19.801140 -2.028436
v -0.447641 19.665131 -2.209412
v -0.677822 19.412260 -2.766432
v -0.821923 18.381599 1.370306
v -1.405686 18.212030 0.722256
v -1.217334 17.485689 1.489075
v -1.584110 17.320210 0.780964
v -1.520270 18.091881 0.842094
v -1.220711 18.082041 1.475743
v -0.631237 17.680580 1.917513
v 0.040425 18.433870 1.658723
v 0.063291 17.741940 2.077560
v 0.026693 18.821461 1.317851
v 0.036097 18.624350 1.806247
v -0.458161 18.849030 1.237385
v -0.558098 18.610399 1.673007
v -1.062807 18.605900 1.318726
v -0.824739 18.823891 1.085432
v -1.288174 18.525631 0.831381
v -0.635972 18.086590 1.882069
v 0.052394 18.101870 2.034524
v 0.021385 17.831841 -2.710376
v -0.757331 17.796040 -3.043245
v -0.731648 18.676950 -3.115616
v -0.528495 18.664000 -3.434068
v -0.543184 17.779930 -3.356813
v -0.004764 17.781771 -3.491521
v -0.019397 18.665300 -3.568080
v 0.099780 7.934671 -3.234003
v 0.047996 8.678706 -4.094293
v -0.853955 8.657383 -3.810262
v -1.199956 8.624739 -3.172542
v 0.133031 8.605354 -2.492021
v 0.114477 10.866770 -2.470925
v -1.258749 10.882620 -3.083015
v -1.165133 12.510820 -3.022075
v 0.100711 12.496460 -2.463235
v -0.974114 14.218810 -2.901515
v 0.088272 14.232300 -2.441617
v -0.839396 16.079220 -2.924047
v 0.059925 16.100660 -2.557241
v -0.594836 16.076200 -3.263676
v 0.037451 10.933210 -3.922304
v -0.896780 10.912690 -3.661946
v 0.030348 12.557150 -3.789060
v -0.831136 12.538320 -3.551015
v 0.038908 14.233830 -3.519606
v -0.688738 14.223550 -3.329997
v 0.023857 16.082861 -3.413028
v -1.341208 18.349310 0.918912
v -1.427543 18.406839 0.789382
v -1.613523 18.319410 -0.007451
v -1.306650 18.768890 0.007208
v -1.193510 18.716391 0.524007
v -0.688900 18.931271 0.594109
v -0.696622 19.108709 -0.150136
v -1.550901 18.416100 -0.861863
v -1.197501 18.466881 -1.580655
v -1.277148 17.772530 -1.653729
v -0.669372 17.823500 -2.258060
v 0.040050 17.820271 -2.430890
v -0.655721 17.164101 -2.192105
v 0.057788 17.187309 -2.355647
v 0.083174 16.277710 -1.965053
v -0.801992 16.256411 -1.638143
v -0.561624 15.594620 -1.116192
v 0.103118 15.605980 -1.326965
v 0.114766 15.238110 -0.765257
v -0.377233 15.232150 -0.677542
v 0.114631 15.273780 -0.528957
v -0.350233 15.288470 -0.403722
v -1.111355 15.420250 -0.263750
v -1.056025 15.490330 -0.211329
v -1.191968 15.588880 -0.425053
v -1.130466 15.646700 -0.375313
v -1.461447 16.245270 -0.797441
v -1.386504 16.290001 -0.755165
v -1.558502 16.661240 -0.776685
v -1.469858 16.682730 -0.748836
v -1.524644 17.106770 -0.562476
v -1.621068 17.089600 -0.408917
v -1.589747 16.758329 -0.217284
v -1.492480 16.769850 -0.216319
v -1.521978 17.042721 0.131583
v -1.648958 17.027380 0.142613
v -1.514105 17.730551 0.604022
v -1.663726 17.727871 0.485346
v -1.730916 17.686859 -0.013677
v -1.615024 17.115681 -0.945174
v -1.245176 17.138910 -1.696969
v -1.646422 17.726250 -0.950600
v 0.005391 19.353970 0.016094
v -0.474619 19.335690 -0.711480
v 0.012481 19.165991 0.732549
v -0.392419 18.966570 1.006723
v 0.018457 18.976299 1.095920
v -1.662881 17.425591 0.527780
v -1.514103 17.730551 0.604024
v -1.515640 17.427481 0.595925
v -1.535955 17.570320 0.871864
v -1.631553 17.538111 0.883082
v -1.707391 16.306101 0.504521
v -1.681777 16.301750 0.684024
v -1.623989 15.664600 0.494471
v -1.642481 15.716830 0.342405
v -1.467543 15.217130 0.127484
v -1.576239 15.683690 0.496770
v -1.568049 15.687800 0.379344
v -1.597714 16.304279 0.559522
v -1.609629 16.303711 0.673208
v -0.014745 19.346380 -3.264959
v 0.982794 19.113661 -0.489299
v 1.233702 18.875759 -0.639709
v 0.990061 18.992611 0.219969
v 0.502504 18.625860 -2.645091
v -0.008954 18.633909 -2.595900
v 0.727233 19.057550 -2.405622
v -0.009628 18.270840 -2.327976
v 0.834616 18.495760 -1.916910
v 0.935602 18.892309 -1.390837
v 0.638668 19.380350 -1.815250
v 0.591874 19.132589 -1.151415
v -0.016065 19.659140 -1.540389
v 0.003616 19.358749 -0.897838
v 0.014395 19.633270 -2.912658
v -0.006289 19.801140 -2.028436
v 0.447641 19.665131 -2.209412
v 0.677822 19.412260 -2.766432
v 0.821923 18.381599 1.370306
v 1.217334 17.485689 1.489075
v 1.405686 18.212030 0.722256
v 1.584110 17.320210 0.780964
v 1.520270 18.091881 0.842094
v 1.220711 18.082041 1.475743
v 0.631237 17.680580 1.917513
v -0.040425 18.433870 1.658723
v -0.063291 17.741940 2.077560
v -0.026693 18.821461 1.317851
v 0.458161 18.849030 1.237385
v -0.036097 18.624350 1.806247
v 0.558098 18.610399 1.673007
v 1.062807 18.605900 1.318726
v 0.824739 18.823891 1.085432
v 1.288174 18.525631 0.831381
v 0.635972 18.086590 1.882069
v -0.052394 18.101870 2.034524
v -0.021385 17.831841 -2.710376
v 0.757331 17.796040 -3.043245
v 0.731648 18.676950 -3.115616
v 0.528495 18.664000 -3.434068
v 0.543184 17.779930 -3.356813
v 0.004764 17.781771 -3.491521
v 0.019397 18.665300 -3.568080
v -0.099780 7.934671 -3.234003
v -0.047996 8.678706 -4.094293
v 0.853955 8.657383 -3.810262
v 1.199956 8.624739 -3.172542
v -0.133031 8.605354 -2.492021
v -0.114477 10.866770 -2.470925
v 1.258749 10.882620 -3.083015
v 1.165133 12.510820 -3.022075
v -0.100711 12.496460 -2.463235
v 0.974114 14.218810 -2.901515
v -0.088272 14.232300 -2.441617
v 0.839396 16.079220 -2.924047
v -0.059925 16.100660 -2.557241
v 0.594836 16.076200 -3.263676
v -0.037451 10.933210 -3.922304
v 0.896780 10.912690 -3.661946
v -0.030348 12.557150 -3.789060
v 0.831136 12.538320 -3.551015
v -0.038908 14.233830 -3.519606
v 0.688738 14.223550 -3.329997
v -0.023857 16.082861 -3.413028
v 1.341208 18.349310 0.918912
v 1.427543 18.406839 0.789382
v 1.613523 18.319410 -0.007451
v 1.306650 18.768890 0.007208
v 1.193510 18.716391 0.524007
v 0.688900 18.931271 0.594109
v 0.696622 19.108709 -0.150136
v 1.550901 18.416100 -0.861863
v 1.197501 18.466881 -1.580655
v 1.300892 17.772530 -1.653729
v 0.669372 17.823500 -2.258060
v -0.040050 17.820271 -2.430890
v 0.655721 17.164101 -2.192105
v -0.057788 17.187309 -2.355647
v -0.083174 16.277710 -1.965053
v 0.801992 16.256411 -1.638143
v 0.561624 15.594620 -1.116192
v -0.103118 15.605980 -1.326965
v -0.114766 15.238110 -0.765257
v 0.377233 15.232150 -0.677542
v -0.114631 15.273780 -0.528957
v 0.350233 15.288470 -0.403722
v 1.111355 15.420250 -0.263750
v 1.056025 15.490330 -0.211329
v 1.191968 15.588880 -0.425053
v 1.130466 15.646700 -0.375313
v 1.461447 16.245270 -0.797441
v 1.386504 16.290001 -0.755165
v 1.558502 16.661240 -0.776685
v 1.469858 16.682730 -0.748836
v 1.524644 17.106770 -0.562476
v 1.621068 17.089600 -0.408917
v 1.589747 16.758329 -0.217284
v 1.492480 16.769850 -0.216319
v 1.521978 17.042721 0.131583
v 1.648958 17.027380 0.142613
v 1.514105 17.730551 0.604022
v 1.663726 17.727871 0.485346
v 1.730916 17.686859 -0.013677
v 1.615024 17.115681 -0.945174
v 1.245176 17.138910 -1.696969
v 1.646422 17.726250 -0.950600
v -0.005391 19.353970 0.016094
v 0.474619 19.335690 -0.711480
v -0.012481 19.165991 0.732549
v 0.392419 18.966570 1.006723
v -0.018457 18.976299 1.095920
v 1.514103 17.730551 0.604024
v 1.662881 17.425591 0.527780
v 1.515640 17.427481 0.595925
v 1.535955 17.570320 0.871864
v 1.631553 17.538111 0.883082
v 1.707391 16.306101 0.504521
v 1.681777 16.301750 0.684024
v 1.623989 15.664600 0.494471
v 1.642481 15.716830 0.342405
v 1.467543 15.217130 0.127484
v 1.576239 15.683690 0.496770
v 1.568049 15.687800 0.379344
v 1.597714 16.304279 0.559522
v 1.609629 16.303711 0.673208
v 0.014745 19.346380 -3.264959
# 1250 vertices

vt 0.06589 1.34693
vt 0.07717 1.34693
vt 0.17933 1.04857
vt 0.17347 1.01158
vt 0.09987 1.34693
vt 0.11565 1.34693
vt 0.29883 1.34693
vt 0.30127 1.01194
vt 0.44356 1.34693
vt 0.50482 1.01236
vt 0.66976 1.06474
vt 0.64426 1.34693
vt 0.69221 1.34693
vt 0.90435 1.34693
vt 0.95753 1.03930
vt 0.92916 1.34693
vt 0.94516 1.04448
vt 0.93119 1.05033
vt 0.86976 1.34693
vt 0.80927 1.05034
vt 0.76378 1.34693
vt 0.34212 1.05034
vt 0.36596 1.34693
vt 0.18936 1.34693
vt 0.14874 1.05033
vt 0.06046 1.34693
vt 0.04424 1.05034
vt 0.07116 1.17311
vt 0.07116 1.14652
vt 0.06828 1.16958
vt 0.06828 1.16176
vt 0.07018 1.16463
vt 0.06828 1.17115
vt 0.07033 1.17970
vt 0.34930 1.13651
vt 0.34708 1.12036
vt 0.36384 1.14073
vt 0.36571 1.11367
vt 0.38954 1.14121
vt 0.41230 1.14164
vt 0.40213 1.11005
vt 0.42197 1.11123
vt 0.44560 1.11264
vt 0.52426 1.12271
vt 0.51543 1.12954
vt 0.92037 1.60849
vt 0.61032 1.52765
vt 0.97453 1.60222
vt 0.69686 1.52280
vt 0.59742 1.53384
vt 0.93136 1.61418
vt 0.98938 1.74592
vt 0.98945 1.71763
vt 0.65625 1.71772
vt 0.65632 1.72180
vt 0.65641 1.73998
vt 0.98952 1.73797
vt 0.65639 1.75148
vt 0.93152 1.74983
vt 0.65635 1.77462
vt 0.98948 1.78176
vt 0.65627 1.79061
vt 0.98939 1.77119
vt 0.23286 1.57659
vt 0.54624 1.56579
vt 0.17369 1.54703
vt 0.65022 1.54864
vt 0.69285 1.52944
vt 0.14667 1.51196
vt 0.65887 1.51190
vt 0.48153 1.49592
vt 0.16536 1.48171
vt 0.23495 1.12636
vt 0.21945 1.09579
vt 0.23148 1.12674
vt 0.22802 1.12366
vt 0.23918 1.12597
vt 0.05128 1.89152
vt 0.04449 1.92272
vt 0.12634 1.89272
vt 0.15969 1.94067
vt 0.30616 1.89314
vt 0.31196 1.94342
vt 0.38378 1.89518
vt 0.45987 1.94665
vt 0.29531 1.96636
vt 0.13306 1.96327
vt 0.02425 1.93527
vt 0.07116 1.05029
vt 0.09281 1.34688
vt 0.07116 1.04972
vt 0.07116 1.04727
vt 0.13490 1.73598
vt 0.98630 1.76328
vt 0.65830 1.71456
vt 0.10392 1.81078
vt 0.98664 1.79453
vt 0.11472 1.80727
vt 0.17940 1.75414
vt 0.98708 1.75618
vt 0.41856 1.73287
vt 0.65741 1.71380
vt 0.16265 1.66794
vt 0.11099 1.66467
vt 0.65473 1.71296
vt 0.40040 1.70246
vt 0.66467 1.71541
vt 0.10383 1.67844
vt 0.14013 1.68167
vt 0.12815 1.60047
vt 0.44239 1.59906
vt 0.16090 1.64347
vt 0.61037 1.61975
vt 0.71180 1.60849
vt 0.12815 1.53409
vt 0.12815 1.49817
vt 0.12815 1.50237
vt 0.12815 1.53044
vt 0.12815 1.57681
vt 0.54423 1.59171
vt 0.75602 1.61418
vt 0.66729 1.62533
vt 0.15829 1.65593
vt 0.06530 1.10994
vt 0.07116 1.11211
vt 0.07116 1.14694
vt 0.06912 1.11055
vt 0.05546 1.10883
vt 0.07002 1.16893
vt 0.51606 1.11682
vt 0.15895 1.66794
vt 0.40040 1.52896
vt 0.11099 1.49118
vt 0.10383 1.50494
vt 0.06330 1.08575
vt 0.05983 1.08614
vt 0.06157 1.08594
vt 0.95715 1.96914
vt 0.95607 1.96730
vt 0.95607 1.96914
vt 0.95491 1.96730
vt 0.95491 1.96914
vt 0.95751 1.96914
vt 0.95898 1.96914
vt 0.95895 1.96730
vt 0.95806 1.96914
vt 0.95751 1.96730
vt 0.95716 1.96746
vt 0.95621 1.96589
vt 0.95491 1.96589
vt 0.95895 1.96589
vt 0.95895 1.96542
vt 0.95621 1.96555
vt 0.95491 1.96530
vt 0.95790 1.96483
vt 0.95903 1.96504
vt 0.96155 1.96504
vt 0.95916 1.96472
vt 0.95621 1.96530
vt 0.95621 1.96471
vt 0.95491 1.96475
vt 0.95491 1.96382
vt 0.95621 1.96492
vt 0.95708 1.96382
vt 0.95895 1.96407
vt 0.96163 1.96412
vt 0.95852 1.96728
vt 0.96321 1.96462
vt 0.95766 1.96734
vt 0.96257 1.96365
vt 0.95917 1.96365
vt 0.95621 1.96365
vt 0.95491 1.96365
vt 0.73993 1.18846
vt 0.73993 1.19001
vt 0.74100 1.18846
vt 0.74698 1.18870
vt 0.74677 1.18265
vt 0.74812 1.19039
vt 0.74642 1.19159
vt 0.74533 1.18266
vt 0.73993 1.19112
vt 0.74130 1.19000
vt 0.74786 1.19328
vt 0.74890 1.19490
vt 0.91142 1.51120
vt 0.91128 1.51106
vt 0.91130 1.51120
vt 0.91119 1.51120
vt 0.91128 1.51119
vt 0.88335 1.43853
vt 0.88386 1.43939
vt 0.88299 1.43939
vt 0.73744 1.10784
vt 0.74067 1.12542
vt 0.72919 1.11146
vt 0.73441 1.12879
vt 0.72154 1.12732
vt 0.73555 1.12440
vt 0.72297 1.11003
vt 0.73198 1.12694
vt 0.72297 1.13100
vt 0.78029 1.15071
vt 0.78236 1.14838
vt 0.69585 1.01296
vt 0.83511 1.06427
vt 0.68894 1.15350
vt 0.91452 1.24396
vt 0.67990 1.60077
vt 0.91478 1.60077
vt 0.98826 1.06938
vt 0.98861 1.23092
vt 0.64304 1.05568
vt 0.67561 1.20883
vt 0.86829 1.07819
vt 0.87936 1.22173
vt 0.96674 1.06886
vt 0.98663 1.23091
vt 0.98531 1.36104
vt 0.76876 1.52531
vt 0.91850 1.52531
vt 0.62912 1.52531
vt 0.03544 1.05000
vt 0.15864 1.25000
vt 0.38340 1.05000
vt 0.34762 1.25000
vt 0.01883 1.05000
vt 0.01883 1.25000
vt 0.35333 1.05000
vt 0.36679 1.25000
vt 0.39816 1.25000
vt 0.13506 1.23200
vt 0.35809 1.05000
vt 0.05020 1.03200
vt 0.74507 1.14156
vt 0.75472 1.14257
vt 0.74503 1.12328
vt 0.75376 1.12358
vt 0.89144 1.47428
vt 0.89123 1.47492
vt 0.89169 1.47441
vt 0.89135 1.47484
vt 0.89143 1.47482
vt 0.89135 1.47459
vt 0.89050 1.47311
vt 0.89105 1.47317
vt 0.89105 1.47299
vt 0.89171 1.47450
vt 0.89171 1.47479
vt 0.93861 1.51650
vt 0.93731 1.51637
vt 0.93878 1.51913
vt 0.93743 1.51873
vt 0.93875 1.51675
vt 0.93723 1.51695
vt 0.93942 1.52460
vt 0.93682 1.51895
vt 0.93827 1.51878
vt 0.93715 1.51736
vt 0.93837 1.51764
vt 0.93861 1.51927
vt 0.93871 1.52648
vt 0.93870 1.52648
vt 0.93871 1.52649
vt 0.93872 1.52649
vt 0.93871 1.52648
vt 0.93870 1.52646
vt 0.93871 1.52646
vt 0.93871 1.52646
vt 0.93923 1.52673
vt 0.93922 1.52673
vt 0.93922 1.52673
vt 0.93923 1.52673
vt 0.93922 1.52673
vt 0.93922 1.52673
vt 0.93923 1.52672
vt 0.93922 1.52673
vt 0.93921 1.52673
vt 0.93921 1.52673
vt 0.93921 1.52673
vt 0.93921 1.52673
vt 0.93921 1.52673
vt 0.93921 1.52673
vt 0.93921 1.52673
vt 0.93921 1.52673
vt 0.93921 1.52672
vt 0.93921 1.52672
vt 0.93921 1.52673
vt 0.93915 1.52675
vt 0.93914 1.52699
vt 0.93924 1.52699
vt 0.93921 1.52673
vt 0.93924 1.52675
vt 0.93916 1.52675
vt 0.93916 1.52700
vt 0.93906 1.52700
vt 0.93906 1.52675
vt 0.93914 1.52679
vt 0.93922 1.52675
vt 0.93917 1.52675
vt 0.93908 1.52674
vt 0.93908 1.52679
vt 0.93906 1.52673
vt 0.93912 1.52679
vt 0.93919 1.52667
vt 0.93920 1.52674
vt 0.93918 1.52679
vt 0.93904 1.52664
vt 0.93915 1.52680
vt 0.93914 1.52680
vt 0.93904 1.52670
vt 0.93903 1.52668
vt 0.93906 1.52669
vt 0.93906 1.52667
vt 0.93906 1.52666
vt 0.93903 1.52665
vt 0.93906 1.52665
vt 0.93905 1.52664
vt 0.93903 1.52665
vt 0.93905 1.52665
vt 0.93906 1.52666
vt 0.93904 1.52670
vt 0.93906 1.52667
vt 0.93906 1.52668
vt 0.93906 1.52670
vt 0.93915 1.52670
vt 0.93920 1.52680
vt 0.93918 1.52670
vt 0.93907 1.52664
vt 0.93909 1.52674
vt 0.93908 1.52679
vt 0.93909 1.52672
vt 0.93912 1.52672
vt 0.93911 1.52679
vt 0.93913 1.52674
vt 0.93911 1.52679
vt 0.93916 1.52672
vt 0.93915 1.52679
vt 0.93917 1.52674
vt 0.93915 1.52679
vt 0.93920 1.52671
vt 0.93919 1.52679
vt 0.93920 1.52673
vt 0.93920 1.52679
vt 0.93923 1.52679
vt 0.93923 1.52670
vt 0.93924 1.52672
vt 0.93922 1.52679
vt 0.93923 1.52662
vt 0.93923 1.52661
vt 0.93923 1.52661
vt 0.93923 1.52662
vt 0.93923 1.52662
vt 0.93923 1.52661
vt 0.93923 1.52661
vt 0.93923 1.52661
vt 0.93923 1.52661
vt 0.93918 1.52679
vt 0.93923 1.52662
vt 0.93923 1.52661
vt 0.93923 1.52661
vt 0.93923 1.52661
vt 0.93923 1.52661
vt 0.93923 1.52661
vt 0.93914 1.52679
vt 0.93923 1.52662
vt 0.93923 1.52662
vt 0.93923 1.52662
vt 0.93923 1.52661
vt 0.93923 1.52661
vt 0.93910 1.52679
vt 0.93923 1.52662
vt 0.93923 1.52662
vt 0.93923 1.52662
vt 0.93923 1.52661
vt 0.93923 1.52661
vt 0.78143 1.13761
vt 0.79145 1.13673
vt 0.79066 1.14891
vt 0.46413 1.72473
vt 0.49493 1.69205
vt 0.49526 1.77040
vt 0.52640 1.72606
vt 0.55765 1.75833
vt 0.55478 1.71880
vt 0.58359 1.73941
vt 0.61083 1.77671
vt 0.62914 1.75125
vt 0.66703 1.75461
vt 0.68559 1.79744
vt 0.69748 1.75109
vt 0.73796 1.77748
vt 0.72983 1.75456
vt 0.75915 1.74865
vt 0.80983 1.76551
vt 0.79082 1.71852
vt 0.73089 1.71593
vt 0.78664 1.63787
vt 0.69158 1.68360
vt 0.68210 1.61686
vt 0.66138 1.51989
vt 0.57900 1.54572
vt 0.60875 1.48438
vt 0.62024 1.44320
vt 0.58117 1.47732
vt 0.56931 1.44847
vt 0.57552 1.39585
vt 0.63210 1.33273
vt 0.55089 1.31337
vt 0.52780 1.39545
vt 0.49610 1.31172
vt 0.49774 1.27511
vt 0.45993 1.62844
vt 0.49460 1.63760
vt 0.52927 1.62844
vt 0.54652 1.68201
vt 0.45582 1.57222
vt 0.49460 1.59704
vt 0.53338 1.57222
vt 0.60289 1.61784
vt 0.58948 1.67649
vt 0.63487 1.67522
vt 0.46140 1.39545
vt 0.49460 1.39078
vt 0.45386 1.53226
vt 0.47357 1.54204
vt 0.49460 1.56202
vt 0.49460 1.57617
vt 0.51563 1.54204
vt 0.53534 1.53226
vt 0.55898 1.50438
vt 0.49460 1.53429
vt 0.55207 1.41749
vt 0.74755 1.74732
vt 0.79530 1.12727
vt 0.84768 1.12355
vt 0.84811 1.13831
vt 0.89797 1.12727
vt 0.89454 1.14426
vt 0.84811 1.18674
vt 0.80167 1.14426
vt 0.77953 1.20656
vt 0.77404 1.17749
vt 0.81338 1.22139
vt 0.84811 1.21307
vt 0.88073 1.22346
vt 0.91540 1.17994
vt 0.91131 1.21034
vt 0.95112 1.17381
vt 0.93451 1.14490
vt 0.98464 1.13492
vt 0.84407 1.01684
vt 0.77522 1.08008
vt 0.79027 1.02295
vt 0.78453 1.12407
vt 0.83148 1.12124
vt 0.79471 1.12607
vt 0.84798 1.12308
vt 0.86365 1.12067
vt 0.89822 1.12678
vt 0.90325 1.12388
vt 0.94927 1.12387
vt 0.98435 1.13016
vt 0.95027 1.12319
vt 0.96514 1.09238
vt 0.91292 1.08008
vt 0.93720 1.05181
vt 0.89788 1.02295
vt 0.84407 1.07430
vt 0.78458 1.12320
vt 0.83175 1.12100
vt 0.86453 1.11986
vt 0.90356 1.12320
vt 0.87064 1.38699
vt 0.85241 1.36979
vt 0.93138 1.38071
vt 0.87917 1.29664
vt 0.85588 1.31292
vt 0.49526 1.92347
vt 0.59585 1.92298
vt 0.56773 1.99234
vt 0.66356 1.92651
vt 0.75077 1.92269
vt 0.85052 1.92643
vt 0.80483 1.82297
vt 0.88507 1.80037
vt 0.98719 1.81923
vt 0.98719 1.75011
vt 0.88400 1.75765
vt 0.86923 1.69226
vt 0.98719 1.67497
vt 0.85559 1.63311
vt 0.95260 1.58197
vt 0.80024 1.49302
vt 0.86690 1.40673
vt 0.72051 1.41536
vt 0.60681 1.22994
vt 0.60914 1.15716
vt 0.82337 1.31010
vt 0.49526 1.85699
vt 0.60497 1.86182
vt 0.68752 1.86535
vt 0.74174 1.84146
vt 0.49815 1.25803
vt 0.49881 1.15003
vt 0.67357 1.13109
vt 0.66478 1.13109
vt 0.66334 1.13109
vt 0.63734 1.13109
vt 0.64599 1.13109
vt 0.69613 1.11226
vt 0.65284 1.11234
vt 0.69643 1.00698
vt 0.65284 1.00647
vt 0.62747 1.00647
vt 0.62747 1.11234
vt 0.60120 1.00647
vt 0.60120 1.11234
vt 0.57034 1.00647
vt 0.57034 1.11234
vt 0.53750 1.04141
vt 0.53750 1.11234
vt 0.50447 1.10097
vt 0.53575 1.12456
vt 0.55063 1.13774
vt 0.57078 1.12456
vt 0.57078 1.13767
vt 0.60178 1.12457
vt 0.60196 1.13767
vt 0.62787 1.13767
vt 0.62748 1.12457
vt 0.65632 1.13767
vt 0.65632 1.12457
vt 0.67410 1.12457
vt 0.67410 1.13767
vt 0.52261 1.13774
vt 0.52261 1.12457
vt 0.50497 1.13106
vt 0.61972 1.13109
vt 0.61426 1.13109
vt 0.61387 1.13109
vt 0.59344 1.13109
vt 0.59768 1.13109
vt 0.56347 1.13109
vt 0.54803 1.13109
vt 0.51726 1.13109
vt 0.63108 1.13109
vt 1.01181 1.38910
vt 1.01181 1.29388
vt 0.92885 1.29146
vt 0.85588 1.27919
vt 0.03759 1.95383
vt 0.03772 1.95727
vt 0.03985 1.95383
vt 0.04174 1.95727
vt 0.04089 1.95383
vt 0.04238 1.95383
vt 0.04458 1.95383
vt 0.04689 1.95727
vt 0.04689 1.95383
vt 0.70970 1.65207
vt 0.71492 1.64955
vt 0.70918 1.64840
vt 0.70658 1.65160
vt 0.01639 1.10039
vt 0.04201 1.09348
vt 0.06366 1.18987
vt 0.16635 1.09585
vt 0.12690 1.20795
vt 0.19101 1.19795
vt 0.22570 1.17662
vt 0.27719 1.08924
vt 0.21132 1.04097
vt 0.23682 1.05694
vt 0.10207 1.05960
vt 0.31150 0.75644
vt 0.58695 0.76793
vt 0.36460 0.95760
vt 0.60480 0.94949
vt 0.29494 0.58261
vt 0.58382 0.60502
vt 0.38592 0.24937
vt 0.62419 0.25811
vt 0.32792 0.75588
vt 0.37494 0.95735
vt 0.09529 0.76449
vt 0.12394 0.96327
vt 0.32274 0.58143
vt 0.16097 0.60480
vt 0.22303 0.28868
vt 0.13548 0.01194
vt 0.21388 0.01415
vt 0.27106 0.27446
vt 0.14758 0.27109
vt 0.35553 0.27452
vt 0.53491 1.45511
vt 0.53662 1.45659
vt 0.53642 1.46126
vt 0.53800 1.45957
vt 0.53910 1.46372
vt 0.53910 1.46090
vt 0.94961 1.43898
vt 0.94541 1.61363
vt 0.76440 1.40585
vt 0.77512 1.56305
vt 0.58960 1.39009
vt 0.56384 1.50565
vt 0.68054 1.73321
vt 0.45795 1.75734
vt 0.93522 1.76288
vt 0.98612 1.41341
vt 0.98532 1.12311
vt 0.77725 1.41649
vt 0.81346 1.12005
vt 0.98469 1.36542
vt 0.82797 1.36294
vt 0.53452 1.45181
vt 0.51709 1.45214
vt 0.52548 1.44056
vt 0.51352 1.44675
vt 0.50688 1.44886
vt 0.50345 1.47977
vt 0.49909 1.45557
vt 0.49869 1.48393
vt 0.49885 1.48925
vt 0.51157 1.48936
vt 0.51863 1.48297
vt 0.51115 1.48039
vt 0.51067 1.47327
vt 0.52508 1.47743
vt 0.52508 1.47078
vt 0.51583 1.46504
vt 0.52591 1.44072
vt 0.52963 1.46180
vt 0.53411 1.44393
vt 0.53709 1.46036
vt 0.53709 1.44666
vt 0.11675 1.49653
vt 0.09450 1.60779
vt 0.04634 1.45518
vt 0.03687 1.59916
vt 0.03687 1.46540
vt 0.03687 1.75074
vt 0.52446 1.46589
vt 0.51282 1.46804
vt 0.49305 1.46841
vt 0.70905 1.38896
vt 0.73864 1.12469
vt 0.96758 1.38264
vt 0.93921 1.11904
vt 0.76891 1.26781
vt 0.93942 1.27413
vt 0.75094 1.11967
vt 0.93972 1.12030
vt 0.51756 1.45015
vt 0.53022 1.45221
vt 0.53647 1.44267
vt 0.54239 1.44256
vt 0.54328 1.47238
vt 0.53320 1.47836
vt 0.51841 1.46027
vt 0.52508 1.45867
vt 0.53045 1.46998
vt 0.52602 1.44286
vt 0.98469 1.31558
vt 0.95902 1.19987
vt 0.82797 1.31311
vt 0.80209 1.20419
vt 0.82906 1.38886
vt 0.75568 1.29435
vt 0.74731 1.09484
vt 0.80698 1.30209
vt 0.85680 1.09418
vt 0.82551 1.30340
vt 0.75232 1.27941
vt 0.68966 1.09418
vt 0.93896 1.26849
vt 0.94306 1.09465
vt 0.86232 1.01322
vt 0.97644 1.01406
vt 0.27327 1.48490
vt 0.18705 1.48922
vt 0.27176 1.56665
vt 0.20809 1.60948
vt 0.81198 1.01179
vt 0.79380 1.01292
vt 0.78282 1.01292
vt 0.81455 1.09484
vt 0.91170 1.01770
vt 0.98627 1.10554
vt 0.83387 1.29435
vt 0.95807 1.40931
vt 0.66652 1.09465
vt 0.58320 1.01406
vt 0.45787 1.10511
vt 0.46755 1.01667
vt 0.41945 1.10487
vt 0.50877 1.39614
vt 0.47694 1.38868
vt 0.57559 1.10554
vt 0.63147 1.40931
vt 0.66492 1.01770
vt 0.53563 1.01493
vt 0.97037 1.05193
vt 0.95113 1.43778
vt 0.70258 1.06616
vt 0.75987 1.41833
vt 0.19980 1.23401
vt 0.20967 1.01992
vt 0.18711 1.24278
vt 0.19697 1.02869
vt 0.18331 1.24143
vt 0.19318 1.02735
vt 0.51449 1.44025
vt 0.52440 1.48057
vt 0.52556 1.45309
vt 0.52685 1.46500
vt 0.10562 1.52611
vt 0.10919 1.53151
vt 0.10617 1.53156
vt 0.14842 1.51659
vt 0.16108 1.51865
vt 0.15687 1.54546
vt 0.26099 1.64070
vt 0.35935 1.63767
vt 0.36092 1.57928
vt 0.88691 1.01322
vt 0.75907 1.09418
vt 0.80389 1.01179
vt 0.48580 1.01493
vt 0.18832 1.55821
vt 0.30056 1.53964
vt 0.18411 1.55061
vt 0.14441 1.56408
vt 0.21188 1.55159
vt 0.16476 1.54734
vt 0.14273 1.34442
vt 0.14839 1.33590
vt 0.14198 1.33022
vt 0.07430 1.78000
vt 0.43151 1.78000
vt 0.04530 1.99600
vt 0.42044 1.99600
vt 0.02861 1.78000
vt 0.40874 1.78000
vt 0.05916 1.99600
vt 0.41661 1.99600
vt 0.90546 1.99600
vt 0.47778 1.99600
vt 0.87224 1.78000
vt 0.42056 1.78000
vt 0.88139 1.78000
vt 0.88508 1.99046
vt 0.46804 1.78000
vt 0.47885 1.99600
vt 0.42768 1.93247
vt 0.42768 1.85066
vt 0.42594 1.85130
vt 0.32286 1.99046
vt 0.38457 1.92286
vt 0.47817 1.99600
vt 0.48244 1.78000
vt 0.32286 1.78000
vt 0.31695 1.99046
vt 0.37868 1.78000
vt 0.43056 1.98500
vt 0.44201 1.79300
vt 0.53455 1.97300
vt 0.85696 1.79300
vt 0.86617 1.97300
vt 0.40105 1.97300
vt 0.39183 1.79300
vt 0.80217 1.79300
vt 0.85135 1.97339
vt 0.27783 1.97339
vt 0.25544 1.79300
vt 0.09623 1.17765
vt 0.10845 1.17765
vt 0.09730 1.13728
vt 0.11184 1.13728
vt 0.11965 1.08404
vt 0.10295 1.08404
vt 0.06462 1.13728
vt 0.06879 1.17765
vt 0.03841 1.13728
vt 0.04677 1.17765
vt 0.03536 1.08404
vt 0.06544 1.08404
vt 0.40152 1.99600
vt 0.31093 1.78000
vt 0.45636 1.78000
vt 0.37600 1.94169
vt 0.37600 1.85989
vt -0.46136 0.12821
vt -0.60766 0.03554
vt -0.47357 0.18857
vt 0.24725 0.97785
vt 0.47312 0.82067
vt 0.47312 1.02241
vt 0.95044 1.02445
vt 0.95044 0.86350
vt 0.95044 0.75414
vt 0.47312 0.66856
vt 0.95044 0.67362
vt 0.47312 0.51508
vt 0.95044 0.52054
vt 0.27951 0.51739
vt 0.23326 0.63145
vt 0.01103 0.53530
vt 0.06514 0.74986
vt 0.18437 1.88100
vt 0.01502 1.88100
vt 0.12792 1.72475
vt 0.01396 1.72378
vt 0.01396 1.81753
vt 0.12620 1.72378
vt 0.12620 1.81753
vt 0.24082 1.72475
vt 0.35372 1.88100
vt 0.35372 1.72475
vt 0.35067 1.97378
vt 0.35067 1.91128
vt 0.23844 1.97378
vt 0.23844 1.91128
vt 0.12620 1.91128
vt 0.12620 1.97378
vt 0.01396 1.94253
vt 0.23844 1.81753
vt 0.23844 1.72378
vt 0.35067 1.72378
vt 0.35067 1.81753
vt -0.95722 1.88390
vt -0.95822 1.79070
vt -0.81822 1.88429
vt -0.73684 1.79077
vt -0.73716 1.88429
vt -0.81095 1.93990
vt -0.65687 1.88429
vt -0.66003 1.79077
vt -0.49242 1.79077
vt -0.49242 1.88429
vt -0.49242 1.07609
vt -0.64437 1.07609
vt -0.49163 1.00443
vt -0.73563 1.07609
vt -0.95844 1.07609
vt -0.95844 1.25214
vt -0.73530 1.25214
vt -0.73613 1.37899
vt -0.95844 1.37899
vt -0.73660 1.51192
vt -0.95844 1.51192
vt -0.73734 1.65687
vt -0.95844 1.65687
vt -0.65728 1.65687
vt -0.49242 1.25214
vt -0.65382 1.25214
vt -0.49242 1.37899
vt -0.65543 1.37899
vt -0.49242 1.51192
vt -0.65849 1.51192
vt -0.49242 1.65687
vt -0.73387 0.08972
vt -0.73024 0.11887
vt -0.70264 0.08421
vt -0.63901 0.18901
vt -0.58840 0.11228
vt -0.65087 0.05740
vt -0.66700 -0.00098
vt -0.55830 0.00002
vt -0.50162 0.05108
vt -0.29915 0.25020
vt -0.29588 0.33694
vt -0.52058 0.28141
vt -0.41017 0.38253
vt -0.31007 0.47985
vt -0.47968 0.47057
vt -0.38467 0.56765
vt -0.23835 0.54820
vt -0.29563 0.65616
vt -0.45875 0.63749
vt -0.36925 0.72812
vt -0.49642 0.84495
vt -0.63855 0.68684
vt -0.78546 0.73435
vt -0.62949 0.93787
vt -0.82354 0.88220
vt -0.93830 0.67531
vt -0.89994 0.81608
vt -0.97070 0.64081
vt -0.94745 0.51100
vt -0.95698 0.49943
vt -0.90605 0.52629
vt -0.91566 0.51753
vt -0.78000 0.51450
vt -0.78515 0.51062
vt -0.72115 0.47849
vt -0.73371 0.47226
vt -0.72871 0.40192
vt -0.71455 0.38886
vt -0.78819 0.37295
vt -0.79611 0.37806
vt -0.78882 0.31379
vt -0.78466 0.31677
vt -0.76240 0.21187
vt -0.75959 0.21970
vt -0.70265 0.25428
vt -0.65996 0.43244
vt -0.55487 0.54043
vt -0.58605 0.36267
vt -1.53366 0.15305
vt -1.42914 0.03369
vt -1.36770 0.20311
vt -1.33735 -0.00357
vt -1.53575 -0.00357
vt -1.68674 -0.00357
vt -1.71633 0.09718
vt -1.77971 0.07591
vt -1.78268 -0.00357
vt -1.82504 0.06664
vt -1.77423 0.09766
vt -1.81978 0.10260
vt 0.98896 1.98652
vt 0.98896 1.74646
vt 0.85018 1.98652
vt 0.85018 1.74646
vt 0.69575 1.74646
vt 0.69575 1.98652
vt 0.57059 1.74646
vt 0.57059 1.98652
vt 0.43450 1.98652
vt 0.43450 1.74646
vt 0.43450 1.38069
vt 0.57059 1.38069
vt 0.57059 1.17331
vt 0.43450 1.17331
vt 0.68518 1.00182
vt 0.69575 1.17331
vt 0.85018 1.17331
vt 0.98896 1.17331
vt 0.85018 1.38069
vt 0.98896 1.38069
vt 0.69575 1.38069
vt -0.83355 1.99368
vt -0.48728 1.95062
# 945 texture vertices

usemtl mesh0
f 3/3 2/2 1/1
f 4/4 2/2 3/3
f 4/4 5/5 2/2
f 4/4 6/6 5/5
f 4/4 7/7 6/6
f 8/8 7/7 4/4
f 8/8 9/9 7/7
f 10/10 9/9 8/8
f 11/11 9/9 10/10
f 11/11 12/12 9/9
f 11/11 13/13 12/12
f 11/11 14/14 13/13
f 15/15 14/14 11/11
f 15/15 16/16 14/14
f 17/17 16/16 15/15
f 18/18 16/16 17/17
f 18/18 19/19 16/16
f 20/20 19/19 18/18
f 20/20 21/21 19/19
f 22/22 21/21 20/20
f 22/22 23/23 21/21
f 22/22 24/24 23/23
f 25/25 24/24 22/22
f 25/25 26/26 24/24
f 27/27 26/26 25/25
f 27/27 1/1 26/26
f 28/30 8/29 4/28
f 29/31 8/29 28/30
f 29/31 10/32 8/29
f 30/33 10/32 29/31
f 30/33 11/34 10/32
f 18/37 22/36 20/35
f 18/37 25/38 22/36
f 17/39 25/38 18/37
f 15/40 25/38 17/39
f 15/40 27/41 25/38
f 15/40 31/42 27/41
f 15/40 3/43 31/42
f 15/40 29/44 3/43
f 30/45 29/44 15/40
f 34/48 33/47 32/46
f 34/48 35/49 33/47
f 34/48 36/50 35/49
f 37/51 36/50 34/48
f 40/54 39/53 38/52
f 41/55 39/53 40/54
f 42/56 39/53 41/55
f 42/56 43/57 39/53
f 44/58 43/57 42/56
f 44/58 45/59 43/57
f 46/60 45/59 44/58
f 46/60 47/61 45/59
f 48/62 47/61 46/60
f 48/62 49/63 47/61
f 51/66 50/65 1/64
f 51/66 32/67 50/65
f 51/66 34/68 32/67
f 52/69 34/68 51/66
f 52/69 37/70 34/68
f 52/69 53/71 37/70
f 14/72 53/71 52/69
f 38/75 47/74 49/73
f 39/74 47/74 38/75
f 43/74 47/74 39/74
f 43/74 45/74 47/74
f 41/74 44/74 42/74
f 41/74 46/74 44/74
f 40/76 46/74 41/74
f 40/76 48/77 46/74
f 54/80 2/79 5/78
f 54/80 55/81 2/79
f 56/82 55/81 54/80
f 56/82 57/83 55/81
f 13/84 57/83 56/82
f 14/85 57/83 13/84
f 52/86 57/83 14/85
f 52/86 55/81 57/83
f 51/87 55/81 52/86
f 1/88 55/81 51/87
f 1/88 2/79 55/81
f 31/91 1/90 27/89
f 3/92 1/90 31/91
f 40/95 38/94 12/93
f 38/94 9/96 12/93
f 58/97 9/96 38/94
f 58/97 7/98 9/96
f 58/97 6/99 7/98
f 49/100 6/99 58/97
f 49/100 59/101 6/99
f 48/102 59/101 49/100
f 48/102 5/103 59/101
f 48/105 54/104 5/103
f 48/105 60/106 54/104
f 40/107 60/106 48/105
f 40/107 56/108 60/106
f 40/107 13/109 56/108
f 12/93 13/109 40/107
f 1/112 61/111 26/110
f 50/113 61/111 1/112
f 32/114 61/111 50/113
f 33/47 61/111 32/114
f 33/47 26/110 61/111
f 33/47 24/115 26/110
f 33/47 23/116 24/115
f 35/49 23/116 33/47
f 35/49 21/117 23/116
f 36/50 21/117 35/49
f 36/50 19/118 21/117
f 36/50 16/119 19/118
f 36/50 62/120 16/119
f 37/121 62/120 36/50
f 53/122 62/120 37/121
f 14/123 62/120 53/122
f 14/123 16/119 62/120
f 3/126 28/125 4/124
f 15/129 11/128 30/127
f 29/44 28/130 3/43
f 5/131 6/99 59/101
f 56/134 54/133 60/132
f 58/137 38/136 49/135
f 65/2 64/3 63/1
f 65/2 66/4 64/3
f 67/5 66/4 65/2
f 68/6 66/4 67/5
f 69/7 66/4 68/6
f 69/7 70/8 66/4
f 71/9 70/8 69/7
f 71/9 72/10 70/8
f 71/9 73/11 72/10
f 74/12 73/11 71/9
f 75/13 73/11 74/12
f 76/14 73/11 75/13
f 76/14 77/15 73/11
f 78/16 77/15 76/14
f 78/16 79/17 77/15
f 78/16 80/18 79/17
f 81/19 80/18 78/16
f 81/19 82/20 80/18
f 83/21 82/20 81/19
f 83/21 84/22 82/20
f 85/23 84/22 83/21
f 86/24 84/22 85/23
f 86/24 87/25 84/22
f 88/26 87/25 86/24
f 88/26 89/27 87/25
f 63/1 89/27 88/26
f 70/29 90/30 66/28
f 70/29 91/31 90/30
f 72/32 91/31 70/29
f 72/32 92/33 91/31
f 73/34 92/33 72/32
f 84/36 80/37 82/35
f 87/38 80/37 84/36
f 87/38 79/39 80/37
f 87/38 77/40 79/39
f 89/41 77/40 87/38
f 93/42 77/40 89/41
f 64/43 77/40 93/42
f 91/44 77/40 64/43
f 91/44 92/45 77/40
f 96/47 95/48 94/46
f 97/49 95/48 96/47
f 98/50 95/48 97/49
f 98/50 99/51 95/48
f 102/53 101/54 100/52
f 102/53 103/55 101/54
f 102/53 104/56 103/55
f 105/57 104/56 102/53
f 105/57 106/58 104/56
f 107/59 106/58 105/57
f 107/59 108/60 106/58
f 109/61 108/60 107/59
f 109/61 110/62 108/60
f 111/63 110/62 109/61
f 113/65 112/66 63/64
f 94/67 112/66 113/65
f 95/68 112/66 94/67
f 95/68 114/69 112/66
f 99/70 114/69 95/68
f 115/71 114/69 99/70
f 115/71 76/72 114/69
f 109/74 100/75 111/73
f 109/74 102/74 100/75
f 109/74 105/74 102/74
f 107/74 105/74 109/74
f 106/74 103/74 104/74
f 108/74 103/74 106/74
f 108/74 101/76 103/74
f 110/77 101/76 108/74
f 65/79 116/80 67/78
f 117/81 116/80 65/79
f 117/81 118/82 116/80
f 119/83 118/82 117/81
f 119/83 75/84 118/82
f 119/83 76/85 75/84
f 119/83 114/86 76/85
f 117/81 114/86 119/83
f 117/81 112/87 114/86
f 117/81 63/88 112/87
f 65/79 63/88 117/81
f 63/90 93/91 89/89
f 63/90 64/92 93/91
f 100/94 101/95 74/93
f 71/96 100/94 74/93
f 71/96 120/97 100/94
f 69/98 120/97 71/96
f 68/99 120/97 69/98
f 68/99 111/100 120/97
f 121/101 111/100 68/99
f 121/101 110/102 111/100
f 67/103 110/102 121/101
f 116/104 110/105 67/103
f 122/106 110/105 116/104
f 122/106 101/107 110/105
f 118/108 101/107 122/106
f 75/109 101/107 118/108
f 75/109 74/93 101/107
f 123/111 63/112 88/110
f 123/111 113/113 63/112
f 123/111 94/114 113/113
f 123/111 96/47 94/114
f 88/110 96/47 123/111
f 86/115 96/47 88/110
f 85/116 96/47 86/115
f 85/116 97/49 96/47
f 83/117 97/49 85/116
f 83/117 98/50 97/49
f 81/118 98/50 83/117
f 78/119 98/50 81/118
f 124/120 98/50 78/119
f 124/120 99/121 98/50
f 124/120 115/122 99/121
f 124/120 76/123 115/122
f 78/119 76/123 124/120
f 90/125 64/126 66/124
f 73/128 77/129 92/127
f 90/130 91/44 64/43
f 68/99 67/131 121/101
f 116/133 118/134 122/132
f 100/136 120/137 111/135
usemtl mesh1
f 127/140 126/139 125/138
f 127/140 128/141 126/139
f 129/142 128/141 127/140
f 130/140 128/141 129/142
f 130/140 131/139 128/141
f 132/143 131/139 130/140
f 133/144 131/139 132/143
f 133/144 134/145 131/139
f 135/146 134/145 133/144
f 135/146 136/147 134/145
f 125/138 136/147 135/146
f 126/139 136/148 125/138
f 126/139 137/149 136/148
f 126/139 138/150 137/149
f 128/141 138/150 126/139
f 128/141 139/149 138/150
f 131/139 139/149 128/141
f 131/139 140/151 139/149
f 134/145 140/151 131/139
f 136/147 140/151 134/145
f 137/149 140/151 136/147
f 137/149 141/152 140/151
f 137/149 142/153 141/152
f 138/150 142/153 137/149
f 138/150 143/154 142/153
f 138/150 144/153 143/154
f 139/149 144/153 138/150
f 140/151 144/153 139/149
f 141/152 144/153 140/151
f 141/152 145/155 144/153
f 141/152 146/156 145/155
f 141/152 147/157 146/156
f 141/152 148/158 147/157
f 142/159 148/158 141/152
f 142/159 149/160 148/158
f 143/161 149/160 142/159
f 143/161 150/162 149/160
f 143/161 151/163 150/162
f 144/159 151/163 143/161
f 145/155 151/163 144/159
f 145/155 152/164 151/163
f 145/155 153/165 152/164
f 146/156 153/165 145/155
f 146/156 154/166 153/165
f 147/157 154/166 146/156
f 147/157 155/167 154/166
f 147/169 156/168 155/167
f 147/157 157/170 156/168
f 148/158 157/170 147/157
f 148/158 158/171 157/170
f 149/160 158/171 148/158
f 149/160 159/172 158/171
f 150/173 159/172 149/160
f 150/162 151/163 152/164
f 162/139 161/140 160/138
f 163/141 161/140 162/139
f 163/141 164/142 161/140
f 163/141 165/140 164/142
f 166/139 165/140 163/141
f 166/139 167/143 165/140
f 166/139 168/144 167/143
f 169/145 168/144 166/139
f 169/145 170/146 168/144
f 171/147 170/146 169/145
f 171/147 160/138 170/146
f 171/148 162/139 160/138
f 172/149 162/139 171/148
f 173/150 162/139 172/149
f 173/150 163/141 162/139
f 174/149 163/141 173/150
f 174/149 166/139 163/141
f 175/151 166/139 174/149
f 175/151 169/145 166/139
f 175/151 171/147 169/145
f 175/151 172/149 171/147
f 176/152 172/149 175/151
f 177/153 172/149 176/152
f 177/153 173/150 172/149
f 178/154 173/150 177/153
f 179/153 173/150 178/154
f 179/153 174/149 173/150
f 179/153 175/151 174/149
f 179/153 176/152 175/151
f 180/155 176/152 179/153
f 181/156 176/152 180/155
f 182/157 176/152 181/156
f 183/158 176/152 182/157
f 183/158 177/159 176/152
f 184/160 177/159 183/158
f 184/160 178/161 177/159
f 185/162 178/161 184/160
f 186/163 178/161 185/162
f 186/163 179/159 178/161
f 186/163 180/155 179/159
f 187/164 180/155 186/163
f 188/165 180/155 187/164
f 188/165 181/156 180/155
f 189/166 181/156 188/165
f 189/166 182/157 181/156
f 190/167 182/157 189/166
f 191/168 182/169 190/167
f 192/170 182/157 191/168
f 192/170 183/158 182/157
f 193/171 183/158 192/170
f 193/171 184/160 183/158
f 194/172 184/160 193/171
f 194/172 185/173 184/160
f 186/163 185/162 187/164
usemtl mesh2
f 197/176 195/175 196/174
f 197/176 198/177 195/175
f 199/178 198/177 197/176
f 199/178 200/179 198/177
f 199/178 201/180 200/179
f 202/181 201/180 199/178
f 198/183 203/182 195/175
f 198/183 204/184 203/182
f 200/179 204/184 198/183
f 200/179 205/185 204/184
f 208/188 206/187 207/186
f 209/189 206/187 208/188
f 209/189 210/190 206/187
f 210/193 211/192 206/191
f 205/196 212/195 204/194
f 205/196 213/197 212/195
f 214/198 213/197 205/196
f 215/201 204/200 212/199
f 216/202 204/200 215/201
f 217/203 200/179 201/180
f 205/204 200/179 217/203
f 214/207 218/206 213/205
f 214/207 219/208 218/206
f 220/209 219/208 214/207
f 220/209 221/210 219/208
f 219/208 222/211 218/206
f 223/212 222/211 219/208
f 224/215 216/214 215/213
f 224/215 225/216 216/214
f 222/217 225/216 224/215
f 223/218 225/216 222/217
f 226/219 225/216 223/218
f 226/219 227/220 225/216
f 228/221 227/220 226/219
f 225/216 229/222 216/214
f 227/220 229/222 225/216
f 209/225 197/224 210/223
f 199/226 197/224 209/225
f 210/229 196/228 211/227
f 197/230 196/228 210/229
f 209/233 202/232 199/231
f 208/234 202/232 209/233
f 203/237 216/236 229/235
f 204/238 216/236 203/237
f 226/241 230/240 228/239
f 226/241 231/242 230/240
f 226/244 232/243 231/242
f 226/244 233/245 232/243
f 223/246 233/245 226/244
f 219/247 233/245 223/246
f 221/248 233/245 219/247
f 221/248 232/243 233/245
f 221/248 234/249 232/243
f 222/252 235/251 218/250
f 222/252 236/253 235/251
f 224/254 236/253 222/252
f 224/254 237/255 236/253
f 215/256 237/255 224/254
f 215/256 238/257 237/255
f 212/258 238/257 215/256
f 212/258 239/259 238/257
f 213/260 239/259 212/258
f 218/261 239/259 213/260
f 235/262 239/259 218/261
f 235/262 240/263 239/259
f 235/262 241/264 240/263
f 236/265 241/264 235/262
f 237/266 241/264 236/265
f 237/266 242/263 241/264
f 237/266 243/267 242/263
f 238/268 243/267 237/266
f 239/269 243/267 238/268
f 240/270 243/267 239/269
f 240/270 244/271 243/267
f 240/270 245/272 244/271
f 241/273 245/272 240/270
f 241/273 246/274 245/272
f 241/273 247/272 246/274
f 242/270 247/272 241/273
f 242/270 248/275 247/272
f 243/276 248/275 242/270
f 243/276 249/277 248/275
f 244/271 249/277 243/276
f 244/271 250/278 249/277
f 244/271 251/279 250/278
f 245/272 251/279 244/271
f 245/272 252/280 251/279
f 245/272 253/281 252/280
f 246/274 253/281 245/272
f 247/272 253/281 246/274
f 247/272 254/282 253/281
f 248/275 254/282 247/272
f 248/275 250/278 254/282
f 249/277 250/278 248/275
f 255/283 252/280 253/281
f 255/283 256/284 252/280
f 255/283 257/280 256/284
f 253/281 257/280 255/283
f 254/282 257/280 253/281
f 254/282 258/285 257/280
f 250/278 258/285 254/282
f 250/278 259/286 258/285
f 251/279 259/286 250/278
f 251/279 260/287 259/286
f 251/279 261/288 260/287
f 252/280 261/288 251/279
f 256/289 261/288 252/280
f 256/289 262/290 261/288
f 256/289 263/291 262/290
f 256/289 264/292 263/291
f 257/280 264/292 256/289
f 258/285 264/292 257/280
f 258/285 260/287 264/292
f 259/286 260/287 258/285
f 260/294 263/291 264/293
f 260/294 265/295 263/291
f 260/294 266/296 265/295
f 261/297 266/296 260/294
f 262/298 266/296 261/297
f 262/298 267/299 266/296
f 262/298 268/300 267/299
f 262/298 269/301 268/300
f 263/302 269/301 262/298
f 263/302 270/303 269/301
f 265/304 270/303 263/302
f 265/304 271/305 270/303
f 265/304 272/306 271/305
f 266/307 272/306 265/304
f 267/308 272/306 266/307
f 267/308 273/309 272/306
f 267/308 274/310 273/309
f 267/308 275/311 274/310
f 268/312 275/311 267/308
f 268/312 276/313 275/311
f 268/312 277/314 276/313
f 268/312 278/315 277/314
f 269/316 278/315 268/312
f 269/316 279/317 278/315
f 269/316 280/318 279/317
f 270/319 280/318 269/316
f 270/319 281/320 280/318
f 270/319 282/321 281/320
f 271/322 282/321 270/319
f 271/322 283/323 282/321
f 271/322 284/324 283/323
f 271/322 285/325 284/324
f 271/322 275/326 285/325
f 271/328 286/327 275/326
f 271/328 273/309 286/327
f 272/329 273/309 271/328
f 276/313 285/330 275/311
f 276/332 287/331 285/330
f 277/333 287/331 276/332
f 277/333 288/334 287/331
f 277/333 284/335 288/334
f 277/333 289/336 284/335
f 278/337 289/336 277/333
f 278/337 290/338 289/336
f 278/337 283/339 290/338
f 278/337 291/340 283/339
f 279/341 291/340 278/337
f 279/341 292/342 291/340
f 279/341 282/343 292/342
f 279/341 293/344 282/343
f 279/341 294/345 293/344
f 280/346 294/345 279/341
f 281/347 294/345 280/346
f 281/347 295/348 294/345
f 282/343 295/348 281/347
f 293/349 295/348 282/343
f 293/349 296/350 295/348
f 293/349 297/351 296/350
f 293/349 298/351 297/351
f 294/349 298/351 293/349
f 294/349 296/350 298/351
f 295/352 296/350 294/349
f 286/327 274/353 275/326
f 286/354 299/354 274/353
f 286/354 300/355 299/354
f 286/354 301/356 300/355
f 273/357 301/356 286/354
f 273/357 299/354 301/356
f 274/353 299/354 273/357
f 302/355 300/355 301/356
f 302/355 299/354 300/355
f 301/356 299/354 302/355
f 303/358 283/339 291/340
f 303/358 282/343 283/339
f 303/358 292/359 282/343
f 303/352 304/360 292/359
f 303/352 305/361 304/360
f 303/352 306/360 305/361
f 291/359 306/360 303/352
f 292/359 306/360 291/359
f 304/360 306/360 292/359
f 304/360 307/362 306/360
f 304/360 308/363 307/362
f 305/361 308/363 304/360
f 305/361 309/364 308/363
f 305/361 310/364 309/364
f 306/360 310/364 305/361
f 307/362 310/364 306/360
f 307/362 309/364 310/364
f 308/363 309/364 307/362
f 311/365 284/335 289/336
f 311/365 283/339 284/335
f 311/365 290/366 283/339
f 311/367 312/351 290/366
f 311/367 313/351 312/351
f 289/366 313/351 311/367
f 289/366 314/368 313/351
f 290/366 314/368 289/366
f 312/351 314/368 290/366
f 312/351 315/369 314/368
f 312/351 316/369 315/369
f 313/351 316/369 312/351
f 313/351 317/361 316/369
f 313/351 318/370 317/361
f 314/368 318/370 313/351
f 315/369 318/370 314/368
f 315/369 317/361 318/370
f 316/369 317/361 315/369
f 319/371 285/330 287/331
f 319/371 284/335 285/330
f 319/371 288/372 284/335
f 319/349 320/359 288/372
f 319/349 321/373 320/359
f 287/372 321/373 319/349
f 287/372 322/359 321/373
f 288/372 322/359 287/372
f 320/359 322/359 288/372
f 320/359 323/374 322/359
f 320/359 324/374 323/374
f 321/373 324/374 320/359
f 321/373 325/375 324/374
f 321/373 326/374 325/375
f 322/359 326/374 321/373
f 323/374 326/374 322/359
f 323/374 325/375 326/374
f 324/374 325/375 323/374
f 296/350 327/364 298/351
f 296/350 328/376 327/364
f 296/350 329/361 328/376
f 297/351 329/361 296/350
f 297/351 330/364 329/361
f 298/351 330/364 297/351
f 327/364 330/364 298/351
f 328/376 330/364 327/364
f 328/376 329/361 330/364
f 214/379 205/378 217/377
f 331/175 343/176 332/174
f 344/177 343/176 331/175
f 344/177 345/178 343/176
f 346/179 345/178 344/177
f 347/180 345/178 346/179
f 347/180 348/181 345/178
f 333/182 344/183 331/175
f 349/184 344/183 333/182
f 349/184 346/179 344/183
f 350/185 346/179 349/184
f 334/187 351/188 335/186
f 334/187 352/189 351/188
f 353/190 352/189 334/187
f 354/192 353/193 334/191
f 355/195 350/196 349/194
f 356/197 350/196 355/195
f 356/197 357/198 350/196
f 349/200 358/201 355/199
f 349/200 359/202 358/201
f 346/179 360/203 347/180
f 346/179 350/204 360/203
f 361/206 357/207 356/205
f 362/208 357/207 361/206
f 362/208 336/209 357/207
f 337/210 336/209 362/208
f 363/211 362/208 361/206
f 363/211 364/212 362/208
f 359/214 365/215 358/213
f 366/216 365/215 359/214
f 366/216 363/217 365/215
f 366/216 364/218 363/217
f 366/216 367/219 364/218
f 338/220 367/219 366/216
f 338/220 339/221 367/219
f 340/222 366/216 359/214
f 340/222 338/220 366/216
f 343/224 352/225 353/223
f 343/224 345/226 352/225
f 332/228 353/229 354/227
f 332/228 343/230 353/229
f 348/232 352/233 345/231
f 348/232 351/234 352/233
f 359/236 333/237 340/235
f 359/236 349/238 333/237
f 341/240 367/241 339/239
f 368/242 367/241 341/240
f 369/243 367/244 368/242
f 370/245 367/244 369/243
f 370/245 364/246 367/244
f 370/245 362/247 364/246
f 370/245 337/248 362/247
f 369/243 337/248 370/245
f 342/249 337/248 369/243
f 371/251 363/252 361/250
f 372/253 363/252 371/251
f 372/253 365/254 363/252
f 373/255 365/254 372/253
f 373/255 358/256 365/254
f 374/257 358/256 373/255
f 374/257 355/258 358/256
f 375/259 355/258 374/257
f 375/259 356/260 355/258
f 375/259 361/261 356/260
f 375/259 371/262 361/261
f 376/263 371/262 375/259
f 377/264 371/262 376/263
f 377/264 372/265 371/262
f 377/264 373/266 372/265
f 378/263 373/266 377/264
f 379/267 373/266 378/263
f 379/267 374/268 373/266
f 379/267 375/269 374/268
f 379/267 376/270 375/269
f 380/271 376/270 379/267
f 381/272 376/270 380/271
f 381/272 377/273 376/270
f 382/274 377/273 381/272
f 383/272 377/273 382/274
f 383/272 378/270 377/273
f 384/275 378/270 383/272
f 384/275 379/276 378/270
f 385/277 379/276 384/275
f 385/277 380/271 379/276
f 386/278 380/271 385/277
f 387/279 380/271 386/278
f 387/279 381/272 380/271
f 388/280 381/272 387/279
f 389/281 381/272 388/280
f 389/281 382/274 381/272
f 389/281 383/272 382/274
f 390/282 383/272 389/281
f 390/282 384/275 383/272
f 386/278 384/275 390/282
f 386/278 385/277 384/275
f 388/280 391/283 389/281
f 392/284 391/283 388/280
f 393/280 391/283 392/284
f 393/280 389/281 391/283
f 393/280 390/282 389/281
f 394/285 390/282 393/280
f 394/285 386/278 390/282
f 395/286 386/278 394/285
f 395/286 387/279 386/278
f 396/287 387/279 395/286
f 397/288 387/279 396/287
f 397/288 388/280 387/279
f 397/288 392/289 388/280
f 398/290 392/289 397/288
f 399/291 392/289 398/290
f 400/292 392/289 399/291
f 400/292 393/280 392/289
f 400/292 394/285 393/280
f 396/287 394/285 400/292
f 396/287 395/286 394/285
f 399/291 396/294 400/293
f 401/295 396/294 399/291
f 402/296 396/294 401/295
f 402/296 397/297 396/294
f 402/296 398/298 397/297
f 403/299 398/298 402/296
f 404/300 398/298 403/299
f 405/301 398/298 404/300
f 405/301 399/302 398/298
f 406/303 399/302 405/301
f 406/303 401/304 399/302
f 407/305 401/304 406/303
f 408/306 401/304 407/305
f 408/306 402/307 401/304
f 408/306 403/308 402/307
f 409/309 403/308 408/306
f 410/310 403/308 409/309
f 411/311 403/308 410/310
f 411/311 404/312 403/308
f 412/313 404/312 411/311
f 413/314 404/312 412/313
f 414/315 404/312 413/314
f 414/315 405/316 404/312
f 415/317 405/316 414/315
f 416/318 405/316 415/317
f 416/318 406/319 405/316
f 417/320 406/319 416/318
f 418/321 406/319 417/320
f 418/321 407/322 406/319
f 419/323 407/322 418/321
f 420/324 407/322 419/323
f 421/325 407/322 420/324
f 411/326 407/322 421/325
f 422/327 407/328 411/326
f 409/309 407/328 422/327
f 409/309 408/329 407/328
f 421/330 412/313 411/311
f 423/331 412/332 421/330
f 423/331 413/333 412/332
f 424/334 413/333 423/331
f 420/335 413/333 424/334
f 425/336 413/333 420/335
f 425/336 414/337 413/333
f 426/338 414/337 425/336
f 419/339 414/337 426/338
f 427/340 414/337 419/339
f 427/340 415/341 414/337
f 428/342 415/341 427/340
f 418/343 415/341 428/342
f 429/344 415/341 418/343
f 430/345 415/341 429/344
f 430/345 416/346 415/341
f 430/345 417/347 416/346
f 431/348 417/347 430/345
f 431/348 418/343 417/347
f 431/348 429/349 418/343
f 432/350 429/349 431/348
f 433/351 429/349 432/350
f 434/351 429/349 433/351
f 434/351 430/349 429/349
f 432/350 430/349 434/351
f 432/350 431/352 430/349
f 410/353 422/327 411/326
f 435/354 422/354 410/353
f 436/355 422/354 435/354
f 437/356 422/354 436/355
f 437/356 409/357 422/354
f 435/354 409/357 437/356
f 435/354 410/353 409/357
f 436/355 438/355 437/356
f 435/354 438/355 436/355
f 435/354 437/356 438/355
f 419/339 439/358 427/340
f 418/343 439/358 419/339
f 428/359 439/358 418/343
f 440/360 439/352 428/359
f 441/361 439/352 440/360
f 442/360 439/352 441/361
f 442/360 427/359 439/352
f 442/360 428/359 427/359
f 442/360 440/360 428/359
f 443/362 440/360 442/360
f 444/363 440/360 443/362
f 444/363 441/361 440/360
f 445/364 441/361 444/363
f 446/364 441/361 445/364
f 446/364 442/360 441/361
f 446/364 443/362 442/360
f 445/364 443/362 446/364
f 445/364 444/363 443/362
f 420/335 447/365 425/336
f 419/339 447/365 420/335
f 426/366 447/365 419/339
f 448/351 447/367 426/366
f 449/351 447/367 448/351
f 449/351 425/366 447/367
f 450/368 425/366 449/351
f 450/368 426/366 425/366
f 450/368 448/351 426/366
f 451/369 448/351 450/368
f 452/369 448/351 451/369
f 452/369 449/351 448/351
f 453/361 449/351 452/369
f 454/370 449/351 453/361
f 454/370 450/368 449/351
f 454/370 451/369 450/368
f 453/361 451/369 454/370
f 453/361 452/369 451/369
f 421/330 455/371 423/331
f 420/335 455/371 421/330
f 424/372 455/371 420/335
f 456/359 455/349 424/372
f 457/373 455/349 456/359
f 457/373 423/372 455/349
f 458/359 423/372 457/373
f 458/359 424/372 423/372
f 458/359 456/359 424/372
f 459/374 456/359 458/359
f 460/374 456/359 459/374
f 460/374 457/373 456/359
f 461/375 457/373 460/374
f 462/374 457/373 461/375
f 462/374 458/359 457/373
f 462/374 459/374 458/359
f 461/375 459/374 462/374
f 461/375 460/374 459/374
f 463/364 432/350 434/351
f 464/376 432/350 463/364
f 465/361 432/350 464/376
f 465/361 433/351 432/350
f 466/364 433/351 465/361
f 466/364 434/351 433/351
f 466/364 463/364 434/351
f 466/364 464/376 463/364
f 465/361 464/376 466/364
f 350/378 357/379 360/377
usemtl mesh3
f 469/382 468/381 467/380
f 469/382 470/383 468/381
f 471/384 470/383 469/382
f 471/384 472/385 470/383
f 471/384 473/386 472/385
f 474/387 473/386 471/384
f 474/387 475/388 473/386
f 474/387 476/389 475/388
f 477/390 476/389 474/387
f 477/390 478/391 476/389
f 479/392 478/391 477/390
f 479/392 480/393 478/391
f 479/392 481/394 480/393
f 482/395 481/394 479/392
f 483/396 481/394 482/395
f 483/396 484/397 481/394
f 485/398 484/397 483/396
f 485/398 486/399 484/397
f 485/398 487/400 486/399
f 488/401 487/400 485/398
f 488/401 489/402 487/400
f 488/401 490/403 489/402
f 491/404 490/403 488/401
f 491/404 492/405 490/403
f 491/404 493/406 492/405
f 491/404 494/407 493/406
f 495/408 494/407 491/404
f 496/409 494/407 495/408
f 496/409 497/410 494/407
f 496/409 498/411 497/410
f 499/412 498/411 496/409
f 468/381 501/414 500/413
f 468/381 502/415 501/414
f 468/381 503/416 502/415
f 470/383 503/416 468/381
f 470/383 472/385 503/416
f 500/413 505/418 504/417
f 501/414 505/418 500/413
f 502/415 505/418 501/414
f 502/415 506/419 505/418
f 502/415 489/402 506/419
f 502/415 507/420 489/402
f 503/416 507/420 502/415
f 508/421 507/420 503/416
f 509/422 507/420 508/421
f 509/422 487/400 507/420
f 486/399 487/400 509/422
f 511/424 498/411 510/423
f 497/410 498/411 511/424
f 504/417 513/426 512/425
f 504/417 514/427 513/426
f 504/417 515/428 514/427
f 505/418 515/428 504/417
f 506/419 515/428 505/418
f 506/419 514/427 515/428
f 506/419 516/429 514/427
f 506/419 517/430 516/429
f 489/402 517/430 506/419
f 489/402 518/431 517/430
f 489/402 492/405 518/431
f 490/403 492/405 489/402
f 514/427 519/432 513/426
f 516/429 519/432 514/427
f 494/407 520/433 493/406
f 497/410 520/433 494/407
f 521/434 481/394 484/397
f 480/393 481/394 521/434
f 524/437 523/436 522/435
f 524/437 525/438 523/436
f 524/437 526/439 525/438
f 524/437 527/440 526/439
f 524/437 528/441 527/440
f 522/435 528/441 524/437
f 513/444 529/443 512/442
f 513/444 527/440 529/443
f 519/445 527/440 513/444
f 516/446 527/440 519/445
f 516/446 530/447 527/440
f 517/448 530/447 516/446
f 518/449 530/447 517/448
f 518/449 531/450 530/447
f 492/451 531/450 518/449
f 525/438 531/450 492/451
f 526/439 531/450 525/438
f 526/439 530/447 531/450
f 527/440 530/447 526/439
f 528/441 529/443 527/440
f 510/454 532/453 511/452
f 533/457 535/456 534/455
f 536/458 535/456 533/457
f 536/458 537/459 535/456
f 538/460 537/459 536/458
f 538/460 539/461 537/459
f 538/460 540/462 539/461
f 492/463 540/462 538/460
f 493/465 540/464 492/463
f 493/465 541/466 540/464
f 520/467 541/466 493/465
f 497/468 541/466 520/467
f 511/452 541/466 497/468
f 511/452 542/469 541/466
f 532/453 542/469 511/452
f 532/453 534/470 542/469
f 535/471 542/469 534/470
f 537/472 542/469 535/471
f 539/473 542/469 537/472
f 539/473 541/466 542/469
f 540/464 541/466 539/473
f 507/420 487/400 489/402
f 545/476 544/475 543/474
f 546/477 544/475 545/476
f 546/477 547/478 544/475
f 550/481 549/480 548/479
f 550/481 551/482 549/480
f 550/481 552/483 551/482
f 553/484 552/483 550/481
f 553/484 554/485 552/483
f 553/484 555/486 554/485
f 556/487 555/486 553/484
f 557/488 555/486 556/487
f 557/488 558/489 555/486
f 557/488 559/490 558/489
f 560/491 559/490 557/488
f 560/491 561/492 559/490
f 562/493 561/492 560/491
f 562/493 563/494 561/492
f 564/495 563/494 562/493
f 564/495 565/496 563/494
f 564/495 566/497 565/496
f 564/495 567/498 566/497
f 562/499 567/498 564/495
f 549/480 568/500 548/479
f 549/480 569/501 568/500
f 549/480 570/502 569/501
f 551/482 570/502 549/480
f 552/483 570/502 551/482
f 552/483 571/503 570/502
f 554/485 571/503 552/483
f 554/485 479/392 571/503
f 554/485 482/395 479/392
f 555/486 482/395 554/485
f 558/489 482/395 555/486
f 559/490 482/395 558/489
f 559/490 483/396 482/395
f 559/490 485/398 483/396
f 561/492 485/398 559/490
f 563/494 485/398 561/492
f 563/494 488/401 485/398
f 563/494 491/404 488/401
f 565/496 491/404 563/494
f 565/496 495/408 491/404
f 566/497 495/408 565/496
f 566/497 496/409 495/408
f 566/497 499/412 496/409
f 566/497 572/504 499/412
f 566/497 573/505 572/504
f 567/498 573/505 566/497
f 568/500 471/384 469/382
f 569/501 471/384 568/500
f 569/501 474/387 471/384
f 569/501 477/390 474/387
f 570/502 477/390 569/501
f 570/502 479/392 477/390
f 571/503 479/392 570/502
f 576/508 575/507 574/506
f 577/509 575/507 576/508
f 577/509 521/510 575/507
f 521/513 478/512 480/511
f 578/514 478/512 521/513
f 579/515 478/512 578/514
f 579/515 476/516 478/512
f 580/517 476/516 579/515
f 580/517 475/518 476/516
f 581/519 475/518 580/517
f 581/519 473/520 475/518
f 582/521 473/520 581/519
f 582/521 472/522 473/520
f 503/523 472/522 582/521
f 583/526 578/525 521/524
f 583/526 579/527 578/525
f 584/528 579/527 583/526
f 584/528 580/529 579/527
f 584/528 581/530 580/529
f 585/531 581/530 584/528
f 585/531 582/532 581/530
f 586/533 582/532 585/531
f 587/534 582/532 586/533
f 587/534 503/535 582/532
f 588/536 521/524 578/525
f 588/536 589/537 521/524
f 590/538 589/537 588/536
f 484/539 577/509 521/510
f 484/539 591/540 577/509
f 486/541 591/540 484/539
f 486/541 592/542 591/540
f 509/543 592/542 486/541
f 508/544 592/542 509/543
f 508/544 593/545 592/542
f 503/546 593/545 508/544
f 503/546 594/545 593/545
f 587/546 594/545 503/546
f 595/542 593/545 594/545
f 595/542 592/542 593/545
f 595/542 591/540 592/542
f 596/540 591/540 595/542
f 596/540 577/509 591/540
f 597/547 577/509 596/540
f 597/547 521/510 577/509
f 598/549 545/476 543/548
f 599/550 545/476 598/549
f 599/550 546/477 545/476
f 599/550 547/478 546/477
f 598/551 547/478 599/550
f 602/554 601/553 600/552
f 602/554 603/555 601/553
f 604/556 603/555 602/554
f 605/557 603/555 604/556
f 606/558 603/555 605/557
f 606/558 607/559 603/555
f 608/560 607/559 606/558
f 609/558 607/559 608/560
f 612/381 611/382 610/380
f 613/383 611/382 612/381
f 613/383 614/384 611/382
f 615/385 614/384 613/383
f 616/386 614/384 615/385
f 616/386 617/387 614/384
f 618/388 617/387 616/386
f 619/389 617/387 618/388
f 619/389 620/390 617/387
f 621/391 620/390 619/389
f 621/391 622/392 620/390
f 623/393 622/392 621/391
f 624/394 622/392 623/393
f 624/394 625/395 622/392
f 624/394 626/396 625/395
f 627/397 626/396 624/394
f 627/397 628/398 626/396
f 629/561 628/398 627/397
f 630/563 628/562 629/561
f 630/563 631/401 628/562
f 632/402 631/401 630/563
f 633/403 631/401 632/402
f 633/403 634/404 631/401
f 635/405 634/404 633/403
f 636/406 634/404 635/405
f 637/407 634/404 636/406
f 637/407 638/408 634/404
f 637/407 639/409 638/408
f 640/410 639/409 637/407
f 641/411 639/409 640/410
f 641/411 642/412 639/409
f 644/414 612/381 643/413
f 645/415 612/381 644/414
f 646/416 612/381 645/415
f 646/416 613/383 612/381
f 615/385 613/383 646/416
f 648/418 643/413 647/417
f 648/418 644/414 643/413
f 648/418 645/415 644/414
f 649/419 645/415 648/418
f 632/402 645/415 649/419
f 650/420 645/415 632/402
f 650/420 646/416 645/415
f 650/420 651/421 646/416
f 650/420 652/564 651/421
f 630/563 652/564 650/420
f 630/563 629/561 652/564
f 641/411 654/424 653/423
f 641/411 640/410 654/424
f 656/426 647/417 655/425
f 657/427 647/417 656/426
f 658/428 647/417 657/427
f 658/428 648/418 647/417
f 658/428 649/419 648/418
f 657/427 649/419 658/428
f 659/429 649/419 657/427
f 660/430 649/419 659/429
f 660/430 632/402 649/419
f 661/431 632/402 660/430
f 635/405 632/402 661/431
f 635/405 633/403 632/402
f 662/432 657/427 656/426
f 662/432 659/429 657/427
f 663/433 637/407 636/406
f 663/433 640/410 637/407
f 624/394 664/434 627/397
f 624/394 623/393 664/434
f 667/436 666/437 665/435
f 668/438 666/437 667/436
f 669/439 666/437 668/438
f 670/440 666/437 669/439
f 671/441 666/437 670/440
f 671/441 665/435 666/437
f 672/443 656/444 655/442
f 670/440 656/444 672/443
f 670/440 662/445 656/444
f 670/440 659/446 662/445
f 673/447 659/446 670/440
f 673/447 660/448 659/446
f 673/447 661/449 660/448
f 674/450 661/449 673/447
f 674/450 635/451 661/449
f 674/450 668/438 635/451
f 674/450 669/439 668/438
f 673/447 669/439 674/450
f 673/447 670/440 669/439
f 672/443 671/441 670/440
f 675/453 653/454 654/452
f 678/456 676/457 677/455
f 678/456 679/458 676/457
f 680/459 679/458 678/456
f 680/459 681/460 679/458
f 682/461 681/460 680/459
f 683/462 681/460 682/461
f 683/462 635/463 681/460
f 683/464 636/465 635/463
f 684/466 636/465 683/464
f 684/466 663/467 636/465
f 684/466 640/468 663/467
f 684/466 654/452 640/468
f 685/469 654/452 684/466
f 685/469 675/453 654/452
f 677/470 675/453 685/469
f 685/469 678/471 677/470
f 685/469 680/472 678/471
f 685/469 682/473 680/472
f 684/466 682/473 685/469
f 684/466 683/464 682/473
f 630/400 650/420 632/402
f 688/475 687/476 686/474
f 688/475 689/477 687/476
f 690/478 689/477 688/475
f 693/480 692/481 691/479
f 694/482 692/481 693/480
f 695/483 692/481 694/482
f 695/483 696/484 692/481
f 697/485 696/484 695/483
f 698/486 696/484 697/485
f 698/486 699/487 696/484
f 698/486 700/488 699/487
f 701/489 700/488 698/486
f 702/490 700/488 701/489
f 702/490 703/491 700/488
f 704/492 703/491 702/490
f 704/492 705/493 703/491
f 706/494 705/493 704/492
f 706/494 707/495 705/493
f 708/496 707/495 706/494
f 709/497 707/495 708/496
f 710/498 707/495 709/497
f 710/498 705/499 707/495
f 711/500 693/480 691/479
f 712/501 693/480 711/500
f 713/502 693/480 712/501
f 713/502 694/482 693/480
f 713/502 695/483 694/482
f 714/503 695/483 713/502
f 714/503 697/485 695/483
f 622/392 697/485 714/503
f 625/395 697/485 622/392
f 625/395 698/486 697/485
f 625/395 701/489 698/486
f 625/395 702/490 701/489
f 626/396 702/490 625/395
f 628/398 702/490 626/396
f 628/398 704/492 702/490
f 628/398 706/494 704/492
f 631/401 706/494 628/398
f 634/404 706/494 631/401
f 634/404 708/496 706/494
f 638/408 708/496 634/404
f 638/408 709/497 708/496
f 639/409 709/497 638/408
f 642/412 709/497 639/409
f 715/504 709/497 642/412
f 716/505 709/497 715/504
f 716/505 710/498 709/497
f 614/384 711/500 611/382
f 614/384 712/501 711/500
f 617/387 712/501 614/384
f 620/390 712/501 617/387
f 620/390 713/502 712/501
f 622/392 713/502 620/390
f 622/392 714/503 713/502
f 719/507 718/508 717/506
f 719/507 720/509 718/508
f 664/510 720/509 719/507
f 621/512 664/513 623/511
f 621/512 721/514 664/513
f 621/512 722/515 721/514
f 619/516 722/515 621/512
f 619/516 723/517 722/515
f 618/518 723/517 619/516
f 618/518 724/519 723/517
f 616/520 724/519 618/518
f 616/520 725/521 724/519
f 615/522 725/521 616/520
f 615/522 646/523 725/521
f 721/525 726/526 664/524
f 722/527 726/526 721/525
f 722/527 727/528 726/526
f 723/529 727/528 722/527
f 724/530 727/528 723/529
f 724/530 728/531 727/528
f 725/532 728/531 724/530
f 725/532 729/533 728/531
f 725/532 730/534 729/533
f 646/535 730/534 725/532
f 664/524 731/536 721/525
f 732/537 731/536 664/524
f 732/537 733/538 731/536
f 720/509 627/539 664/510
f 734/540 627/539 720/509
f 734/540 629/541 627/539
f 735/542 629/541 734/540
f 735/542 652/543 629/541
f 735/542 651/544 652/543
f 736/545 651/544 735/542
f 736/545 646/546 651/544
f 737/545 646/546 736/545
f 737/545 730/546 646/546
f 736/545 738/542 737/545
f 735/542 738/542 736/545
f 734/540 738/542 735/542
f 734/540 739/540 738/542
f 720/509 739/540 734/540
f 720/509 740/547 739/540
f 664/510 740/547 720/509
f 687/476 741/549 686/548
f 687/476 742/550 741/549
f 689/477 742/550 687/476
f 690/478 742/550 689/477
f 690/478 741/551 742/550
f 745/553 744/554 743/552
f 746/555 744/554 745/553
f 746/555 747/556 744/554
f 746/555 748/557 747/556
f 746/555 749/558 748/557
f 750/559 749/558 746/555
f 750/559 751/560 749/558
f 750/559 752/558 751/560
usemtl New
f 755/567 754/566 753/565
f 755/567 756/568 754/566
f 757/569 756/568 755/567
f 758/570 756/568 757/569
f 759/571 756/568 758/570
f 760/572 756/568 759/571
f 760/572 761/573 756/568
f 762/574 761/573 760/572
f 756/568 763/575 754/566
f 761/573 763/575 756/568
f 766/566 765/567 764/565
f 767/568 765/567 766/566
f 767/568 768/569 765/567
f 767/568 769/570 768/569
f 767/568 770/571 769/570
f 767/568 771/572 770/571
f 772/573 771/572 767/568
f 772/573 773/574 771/572
f 774/575 767/568 766/566
f 774/575 772/573 767/568
usemtl V‹KŞ¿1
f 775/578 777/577 776/576
f 778/579 777/577 775/578
f 777/577 779/580 776/576
f 780/581 779/580 777/577
f 780/581 781/582 779/580
f 782/583 781/582 780/581
f 786/586 783/585 784/584
f 786/586 787/587 783/585
f 785/588 786/586 784/584
f 785/588 788/589 786/586
f 789/582 788/589 785/588
f 789/582 790/590 788/589
usemtl V‹KŞ¿2
f 793/593 792/592 791/591
f 794/594 792/592 793/593
f 797/592 796/593 795/591
f 797/592 798/595 796/593
usemtl mesh3*
f 801/598 800/597 799/596
f 801/598 802/599 800/597
f 803/600 802/599 801/598
f 803/600 804/601 802/599
f 803/600 805/599 804/601
f 808/604 807/603 806/602
f 808/604 809/605 807/603
f 810/606 809/605 808/604
f 811/607 809/605 810/606
f 811/607 812/608 809/605
f 813/609 812/608 811/607
f 814/610 809/605 812/608
f 807/603 809/605 814/610
f 800/613 815/612 799/611
f 816/614 815/612 800/613
f 816/614 817/615 815/612
f 818/616 817/615 816/614
f 800/619 819/618 816/617
f 810/620 819/618 800/619
f 806/623 821/622 820/621
f 807/624 821/622 806/623
f 814/625 821/622 807/624
f 822/626 821/622 814/625
f 822/626 823/627 821/622
f 824/628 823/627 822/626
f 825/630 823/629 824/628
f 825/630 826/631 823/629
f 829/634 828/633 827/632
f 829/634 801/635 828/633
f 830/636 801/635 829/634
f 830/636 803/637 801/635
f 802/640 811/639 810/638
f 802/640 831/641 811/639
f 804/642 831/641 802/640
f 805/640 831/641 804/642
f 831/641 813/643 811/639
f 819/645 818/644 816/644
f 819/645 832/645 818/644
f 833/646 832/645 819/645
f 834/646 832/645 833/646
f 834/646 835/645 832/645
f 836/646 835/645 834/646
f 836/646 837/645 835/645
f 838/646 837/645 836/646
f 839/649 834/648 833/647
f 840/650 834/648 839/649
f 840/650 836/651 834/648
f 841/652 836/651 840/650
f 841/652 838/653 836/651
f 842/654 838/653 841/652
f 843/656 840/655 839/655
f 843/656 844/657 840/655
f 843/657 845/658 844/657
f 843/657 828/659 845/658
f 820/660 828/659 843/657
f 820/660 827/632 828/659
f 821/622 827/632 820/660
f 823/629 827/632 821/622
f 823/629 829/661 827/632
f 826/631 829/661 823/629
f 826/631 830/662 829/661
f 799/663 845/658 828/659
f 815/664 845/658 799/663
f 815/664 846/658 845/658
f 817/664 846/658 815/664
f 817/664 847/658 846/658
f 848/664 847/658 817/664
f 846/658 844/657 845/658
f 846/658 849/657 844/657
f 847/658 849/657 846/658
f 818/667 848/666 817/665
f 850/668 848/666 818/667
f 850/668 851/669 848/666
f 832/645 850/644 818/644
f 835/645 850/644 832/645
f 835/645 851/644 850/644
f 837/645 851/644 835/645
f 841/655 844/656 849/656
f 840/655 844/656 841/655
f 837/672 852/671 851/670
f 837/672 853/673 852/671
f 838/674 853/673 837/672
f 842/677 853/676 838/675
f 854/678 853/676 842/677
f 854/678 855/679 853/676
f 856/680 855/679 854/678
f 842/683 857/682 854/681
f 849/684 857/682 842/683
f 859/686 853/673 858/685
f 852/671 853/673 859/686
f 860/689 852/688 859/687
f 861/690 852/688 860/689
f 861/690 851/691 852/688
f 848/692 851/691 861/690
f 857/695 856/694 854/693
f 857/695 862/696 856/694
f 857/695 863/697 862/696
f 849/698 863/697 857/695
f 847/699 863/697 849/698
f 847/699 861/700 863/697
f 848/701 861/700 847/699
f 864/703 861/700 860/702
f 863/697 861/700 864/703
f 833/706 806/705 839/704
f 808/707 806/705 833/706
f 865/612 867/614 866/613
f 868/615 867/614 865/612
f 871/710 870/709 869/708
f 871/710 872/711 870/709
f 873/712 872/711 871/710
f 873/712 874/713 872/711
f 869/708 874/713 873/712
f 869/708 870/709 874/713
f 828/716 801/715 799/714
f 802/599 810/717 800/597
f 833/720 819/719 810/718
f 820/723 843/722 839/721
f 842/726 841/725 849/724
f 858/729 853/728 855/727
f 863/697 864/730 862/696
f 839/733 806/732 820/731
f 810/736 808/735 833/734
f 874/739 870/738 872/737
f 877/597 876/598 875/596
f 878/599 876/598 877/597
f 878/599 879/600 876/598
f 880/601 879/600 878/599
f 881/599 879/600 880/601
f 884/603 883/604 882/602
f 885/605 883/604 884/603
f 885/605 886/606 883/604
f 885/605 887/607 886/606
f 888/608 887/607 885/605
f 888/608 889/609 887/607
f 885/605 890/610 888/608
f 885/605 884/603 890/610
f 891/612 877/613 875/611
f 891/612 892/614 877/613
f 893/615 892/614 891/612
f 893/615 894/616 892/614
f 895/618 877/619 892/617
f 895/618 886/620 877/619
f 897/622 882/623 896/621
f 897/622 884/624 882/623
f 897/622 890/625 884/624
f 897/622 898/626 890/625
f 899/627 898/626 897/622
f 899/627 900/628 898/626
f 899/629 901/630 900/628
f 902/631 901/630 899/629
f 905/633 904/634 903/632
f 876/635 904/634 905/633
f 876/635 906/636 904/634
f 879/637 906/636 876/635
f 887/639 878/640 886/638
f 907/641 878/640 887/639
f 907/641 880/642 878/640
f 907/641 881/640 880/642
f 889/643 907/641 887/639
f 894/644 895/645 892/644
f 908/645 895/645 894/644
f 908/645 909/646 895/645
f 908/645 910/646 909/646
f 911/645 910/646 908/645
f 911/645 912/646 910/646
f 913/645 912/646 911/645
f 913/645 914/646 912/646
f 910/648 915/649 909/647
f 910/648 916/650 915/649
f 912/651 916/650 910/648
f 912/651 917/652 916/650
f 914/653 917/652 912/651
f 914/653 918/654 917/652
f 916/655 919/656 915/655
f 920/657 919/656 916/655
f 921/658 919/657 920/657
f 905/659 919/657 921/658
f 905/659 896/660 919/657
f 903/632 896/660 905/659
f 903/632 897/622 896/660
f 903/632 899/629 897/622
f 904/661 899/629 903/632
f 904/661 902/631 899/629
f 906/662 902/631 904/661
f 921/658 875/663 905/659
f 921/658 891/664 875/663
f 922/658 891/664 921/658
f 922/658 893/664 891/664
f 923/658 893/664 922/658
f 923/658 924/664 893/664
f 920/657 922/658 921/658
f 925/657 922/658 920/657
f 925/657 923/658 922/658
f 924/666 894/667 893/665
f 924/666 926/668 894/667
f 927/669 926/668 924/666
f 926/644 908/645 894/644
f 926/644 911/645 908/645
f 927/644 911/645 926/644
f 927/644 913/645 911/645
f 920/656 917/655 925/656
f 920/656 916/655 917/655
f 928/671 913/672 927/670
f 929/673 913/672 928/671
f 929/673 914/674 913/672
f 929/676 918/677 914/675
f 929/676 930/678 918/677
f 931/679 930/678 929/676
f 931/679 932/680 930/678
f 933/682 918/683 930/681
f 933/682 925/684 918/683
f 929/673 935/686 934/685
f 929/673 928/671 935/686
f 928/688 936/689 935/687
f 928/688 937/690 936/689
f 927/691 937/690 928/688
f 927/691 924/692 937/690
f 932/694 933/695 930/693
f 938/696 933/695 932/694
f 939/697 933/695 938/696
f 939/697 925/698 933/695
f 939/697 923/699 925/698
f 937/700 923/699 939/697
f 937/700 924/701 923/699
f 937/700 940/703 936/702
f 937/700 939/697 940/703
f 882/705 909/706 915/704
f 882/705 883/707 909/706
f 943/614 941/612 942/613
f 943/614 944/615 941/612
f 947/709 946/710 945/708
f 948/711 946/710 947/709
f 948/711 949/712 946/710
f 950/713 949/712 948/711
f 950/713 945/708 949/712
f 947/709 945/708 950/713
f 876/715 905/716 875/714
f 886/717 878/599 877/597
f 895/719 909/720 886/718
f 919/722 896/723 915/721
f 917/725 918/726 925/724
f 929/728 934/729 931/727
f 940/730 939/697 938/696
f 882/732 915/733 896/731
f 883/735 886/736 909/734
f 947/738 950/739 948/737
usemtl New*
f 953/742 952/741 951/740
f 954/743 952/741 953/742
f 955/742 952/741 954/743
f 955/742 956/740 952/741
f 959/746 958/745 957/744
f 960/747 958/745 959/746
f 961/750 960/749 953/748
f 958/751 960/749 961/750
f 964/745 963/746 962/744
f 965/747 963/746 964/745
f 965/749 966/750 955/748
f 964/751 966/750 965/749
f 962/754 968/753 967/752
f 963/755 968/753 962/754
f 971/756 970/757 969/756
f 967/758 970/757 971/756
f 959/761 971/760 968/759
f 957/762 971/760 959/761
f 957/762 967/763 971/760
f 972/766 967/765 968/764
f 972/766 970/767 967/765
f 972/766 973/768 970/767
f 972/766 969/768 973/768
f 972/766 971/766 969/768
f 968/764 971/766 972/766
f 973/771 975/770 974/769
f 973/771 976/770 975/770
f 969/771 976/770 973/771
f 970/772 976/770 969/771
f 970/772 974/769 976/770
f 973/771 974/769 970/772
f 975/775 978/774 977/773
f 975/775 979/774 978/774
f 976/775 979/774 975/775
f 974/776 979/774 976/775
f 974/776 977/773 979/774
f 975/775 977/773 974/776
f 982/779 981/778 980/777
f 982/779 983/780 981/778
f 982/779 984/781 983/780
f 982/779 985/782 984/781
f 982/779 986/783 985/782
f 980/777 986/783 982/779
f 987/784 986/783 980/777
f 987/784 988/785 986/783
f 989/786 988/785 987/784
f 990/786 988/785 989/786
f 990/786 991/785 988/785
f 992/784 991/785 990/786
f 992/784 993/783 991/785
f 994/777 993/783 992/784
f 994/777 995/779 993/783
f 981/778 995/779 994/777
f 983/780 995/779 981/778
f 983/780 996/782 995/779
f 984/781 996/782 983/780
f 984/781 997/787 996/782
f 984/781 998/787 997/787
f 985/782 998/787 984/781
f 985/782 999/788 998/787
f 986/783 999/788 985/782
f 988/785 999/788 986/783
f 988/785 998/787 999/788
f 991/785 998/787 988/785
f 991/785 997/787 998/787
f 993/783 997/787 991/785
f 993/783 1000/788 997/787
f 995/779 1000/788 993/783
f 996/782 1000/788 995/779
f 996/782 997/787 1000/788
f 951/791 961/790 953/789
f 956/791 955/789 966/790
f 977/793 978/792 979/792
usemtl mesh8
f 1003/796 1002/795 1001/794
f 1006/799 1005/798 1004/797
f 1007/800 1005/798 1006/799
f 1008/801 1005/798 1007/800
f 1009/802 1005/798 1008/801
f 1009/802 1010/803 1005/798
f 1011/804 1010/803 1009/802
f 1011/804 1012/805 1010/803
f 1013/806 1012/805 1011/804
f 1014/809 1016/808 1015/807
f 1017/810 1016/808 1014/809
f 1017/810 1010/803 1016/808
f 1017/810 1005/798 1010/803
f 1004/797 1005/798 1017/810
f 1016/808 1012/805 1015/807
f 1016/808 1010/803 1012/805
f 1020/813 1019/812 1018/811
f 1020/813 1021/814 1019/812
f 1020/816 1022/815 1021/814
f 1020/816 1023/817 1022/815
f 1020/816 1024/818 1023/817
f 1018/811 1024/818 1020/816
f 1025/819 1024/818 1018/811
f 1025/819 1026/820 1024/818
f 1029/823 1028/822 1027/821
f 1029/823 1030/824 1028/822
f 1029/823 1031/825 1030/824
f 1032/826 1031/825 1029/823
f 1033/827 1031/825 1032/826
f 1022/815 1031/825 1033/827
f 1023/817 1031/825 1022/815
f 1023/817 1030/824 1031/825
f 1023/817 1034/828 1030/824
f 1024/829 1034/828 1023/817
f 1026/830 1034/828 1024/829
f 1026/830 1035/831 1034/828
f 1035/831 1030/824 1034/828
f 1035/831 1028/822 1030/824
f 1004/834 1036/833 1006/832
f 1004/834 1037/835 1036/833
f 1004/834 1038/836 1037/835
f 1017/837 1038/836 1004/834
f 1039/838 1038/836 1017/837
f 1039/838 1040/839 1038/836
f 1039/838 1041/840 1040/839
f 1042/841 1041/840 1039/838
f 1043/844 1045/843 1044/842
f 1043/844 1046/845 1045/843
f 1047/846 1046/845 1043/844
f 1048/847 1046/845 1047/846
f 1048/847 1049/848 1046/845
f 1048/847 1050/849 1049/848
f 1051/850 1050/849 1048/847
f 1051/850 1052/851 1050/849
f 1053/852 1052/851 1051/850
f 1053/852 1054/853 1052/851
f 1055/854 1054/853 1053/852
f 1036/833 1054/853 1055/854
f 1037/835 1054/853 1036/833
f 1037/835 1056/855 1054/853
f 1037/835 1040/839 1056/855
f 1038/836 1040/839 1037/835
f 1044/842 1058/857 1057/856
f 1045/843 1058/857 1044/842
f 1045/843 1049/848 1058/857
f 1046/845 1049/848 1045/843
f 1057/856 1060/859 1059/858
f 1058/857 1060/859 1057/856
f 1058/857 1050/849 1060/859
f 1049/848 1050/849 1058/857
f 1059/858 1062/861 1061/860
f 1060/859 1062/861 1059/858
f 1060/859 1052/851 1062/861
f 1050/849 1052/851 1060/859
f 1061/860 1056/855 1063/862
f 1062/861 1056/855 1061/860
f 1062/861 1054/853 1056/855
f 1052/851 1054/853 1062/861
f 1040/839 1063/862 1056/855
f 1041/840 1063/862 1040/839
f 1033/865 1065/864 1064/863
f 1033/865 1066/866 1065/864
f 1033/865 1067/867 1066/866
f 1033/865 1068/868 1067/867
f 1032/869 1068/868 1033/865
f 1032/869 1002/795 1068/868
f 1069/870 1002/795 1032/869
f 1070/871 1002/795 1069/870
f 1070/871 1001/794 1002/795
f 1011/872 1001/794 1070/871
f 1011/872 1003/796 1001/794
f 1009/873 1003/796 1011/872
f 1009/873 1071/874 1003/796
f 1009/873 1072/875 1071/874
f 1008/876 1072/875 1009/873
f 1008/876 1073/877 1072/875
f 1008/876 1074/878 1073/877
f 1007/879 1074/878 1008/876
f 1075/880 1074/878 1007/879
f 1075/880 1076/881 1074/878
f 1077/882 1076/881 1075/880
f 1078/883 1076/881 1077/882
f 1078/883 1079/884 1076/881
f 1078/883 1080/885 1079/884
f 1081/886 1080/885 1078/883
f 1082/887 1080/885 1081/886
f 1082/887 1083/888 1080/885
f 1084/889 1083/888 1082/887
f 1085/890 1083/888 1084/889
f 1085/890 1086/891 1083/888
f 1087/892 1086/891 1085/890
f 1087/892 1088/893 1086/891
f 1089/894 1088/893 1087/892
f 1089/894 1090/895 1088/893
f 1091/896 1090/895 1089/894
f 1091/896 1092/897 1090/895
f 1093/898 1092/897 1091/896
f 1094/899 1092/897 1093/898
f 1094/899 1095/900 1092/897
f 1094/899 1096/901 1095/900
f 1097/902 1096/901 1094/899
f 1098/903 1096/901 1097/902
f 1098/903 1099/904 1096/901
f 1100/905 1099/904 1098/903
f 1101/906 1099/904 1100/905
f 1101/906 1102/907 1099/904
f 1101/906 1066/866 1102/907
f 1065/864 1066/866 1101/906
f 1086/891 1080/885 1083/888
f 1088/893 1080/885 1086/891
f 1088/893 1079/884 1080/885
f 1090/895 1079/884 1088/893
f 1092/897 1079/884 1090/895
f 1092/897 1103/908 1079/884
f 1095/900 1103/908 1092/897
f 1095/900 1099/904 1103/908
f 1096/901 1099/904 1095/900
f 1076/881 1073/877 1074/878
f 1076/881 1104/909 1073/877
f 1079/884 1104/909 1076/881
f 1103/908 1104/909 1079/884
f 1103/908 1073/877 1104/909
f 1103/908 1105/910 1073/877
f 1103/908 1102/907 1105/910
f 1099/904 1102/907 1103/908
f 1105/910 1072/875 1073/877
f 1105/910 1071/874 1072/875
f 1102/907 1071/874 1105/910
f 1066/866 1071/874 1102/907
f 1066/866 1003/796 1071/874
f 1067/867 1003/796 1066/866
f 1067/867 1002/795 1003/796
f 1068/868 1002/795 1067/867
f 1013/913 1107/912 1106/911
f 1011/914 1107/912 1013/913
f 1070/915 1107/912 1011/914
f 1070/915 1106/911 1107/912
f 1069/916 1106/911 1070/915
f 1069/916 1108/917 1106/911
f 1069/916 1109/918 1108/917
f 1032/919 1109/918 1069/916
f 1029/920 1109/918 1032/919
f 1029/920 1110/921 1109/918
f 1027/922 1110/921 1029/920
f 1110/921 1108/917 1109/918
f 1112/925 1111/924 1101/923
f 1112/925 1113/926 1111/924
f 1112/925 1114/927 1113/926
f 1064/928 1114/927 1112/925
f 1064/928 1115/929 1114/927
f 1065/930 1115/929 1064/928
f 1101/931 1115/929 1065/930
f 1111/932 1115/929 1101/931
f 1116/933 1115/929 1111/932
f 1116/933 1117/934 1115/929
f 1116/933 1118/935 1117/934
f 1119/936 1118/935 1116/933
f 1120/937 1118/935 1119/936
f 1120/937 1121/938 1118/935
f 1120/937 1122/939 1121/938
f 1119/940 1122/939 1120/937
f 1119/940 1123/941 1122/939
f 1116/942 1123/941 1119/940
f 1111/924 1123/941 1116/942
f 1113/926 1123/941 1111/924
f 1113/926 1124/943 1123/941
f 1114/927 1124/943 1113/926
f 1114/927 1117/934 1124/943
f 1115/929 1117/934 1114/927
f 1118/935 1124/943 1117/934
f 1121/938 1124/943 1118/935
f 1121/938 1123/941 1124/943
f 1122/939 1123/941 1121/938
f 1125/945 1017/837 1014/944
f 1125/945 1039/838 1017/837
f 1125/945 1042/841 1039/838
f 1128/795 1127/796 1126/794
f 1131/798 1130/799 1129/797
f 1131/798 1132/800 1130/799
f 1131/798 1133/801 1132/800
f 1131/798 1134/802 1133/801
f 1135/803 1134/802 1131/798
f 1135/803 1136/804 1134/802
f 1137/805 1136/804 1135/803
f 1137/805 1138/806 1136/804
f 1141/808 1139/809 1140/807
f 1141/808 1142/810 1139/809
f 1135/803 1142/810 1141/808
f 1131/798 1142/810 1135/803
f 1131/798 1129/797 1142/810
f 1137/805 1141/808 1140/807
f 1135/803 1141/808 1137/805
f 1145/812 1144/813 1143/811
f 1146/814 1144/813 1145/812
f 1147/815 1144/816 1146/814
f 1148/817 1144/816 1147/815
f 1149/818 1144/816 1148/817
f 1149/818 1143/811 1144/816
f 1149/818 1150/819 1143/811
f 1151/820 1150/819 1149/818
f 1154/822 1153/823 1152/821
f 1155/824 1153/823 1154/822
f 1156/825 1153/823 1155/824
f 1156/825 1157/826 1153/823
f 1156/825 1158/827 1157/826
f 1156/825 1147/815 1158/827
f 1156/825 1148/817 1147/815
f 1155/824 1148/817 1156/825
f 1159/828 1148/817 1155/824
f 1159/828 1149/829 1148/817
f 1159/828 1151/830 1149/829
f 1160/831 1151/830 1159/828
f 1155/824 1160/831 1159/828
f 1154/822 1160/831 1155/824
f 1161/833 1129/834 1130/832
f 1162/835 1129/834 1161/833
f 1163/836 1129/834 1162/835
f 1163/836 1142/837 1129/834
f 1163/836 1164/838 1142/837
f 1165/839 1164/838 1163/836
f 1166/840 1164/838 1165/839
f 1166/840 1167/841 1164/838
f 1170/843 1168/844 1169/842
f 1171/845 1168/844 1170/843
f 1171/845 1172/846 1168/844
f 1171/845 1173/847 1172/846
f 1174/848 1173/847 1171/845
f 1175/849 1173/847 1174/848
f 1175/849 1176/850 1173/847
f 1177/851 1176/850 1175/849
f 1177/851 1178/852 1176/850
f 1179/853 1178/852 1177/851
f 1179/853 1180/854 1178/852
f 1179/853 1161/833 1180/854
f 1179/853 1162/835 1161/833
f 1181/855 1162/835 1179/853
f 1165/839 1162/835 1181/855
f 1165/839 1163/836 1162/835
f 1183/857 1169/842 1182/856
f 1183/857 1170/843 1169/842
f 1174/848 1170/843 1183/857
f 1174/848 1171/845 1170/843
f 1185/859 1182/856 1184/858
f 1185/859 1183/857 1182/856
f 1175/849 1183/857 1185/859
f 1175/849 1174/848 1183/857
f 1187/861 1184/858 1186/860
f 1187/861 1185/859 1184/858
f 1177/851 1185/859 1187/861
f 1177/851 1175/849 1185/859
f 1181/855 1186/860 1188/862
f 1181/855 1187/861 1186/860
f 1179/853 1187/861 1181/855
f 1179/853 1177/851 1187/861
f 1188/862 1165/839 1181/855
f 1188/862 1166/840 1165/839
f 1190/864 1158/865 1189/863
f 1191/866 1158/865 1190/864
f 1192/867 1158/865 1191/866
f 1193/868 1158/865 1192/867
f 1193/868 1157/869 1158/865
f 1128/795 1157/869 1193/868
f 1128/795 1194/870 1157/869
f 1128/795 1195/871 1194/870
f 1126/794 1195/871 1128/795
f 1126/794 1136/872 1195/871
f 1127/796 1136/872 1126/794
f 1127/796 1134/873 1136/872
f 1196/874 1134/873 1127/796
f 1197/875 1134/873 1196/874
f 1197/875 1133/876 1134/873
f 1198/877 1133/876 1197/875
f 1199/878 1133/876 1198/877
f 1199/878 1132/879 1133/876
f 1199/878 1200/880 1132/879
f 1201/881 1200/880 1199/878
f 1201/881 1202/882 1200/880
f 1201/881 1203/883 1202/882
f 1204/884 1203/883 1201/881
f 1205/885 1203/883 1204/884
f 1205/885 1206/886 1203/883
f 1205/885 1207/887 1206/886
f 1208/888 1207/887 1205/885
f 1208/888 1209/889 1207/887
f 1208/888 1210/890 1209/889
f 1211/891 1210/890 1208/888
f 1211/891 1212/892 1210/890
f 1213/893 1212/892 1211/891
f 1213/893 1214/894 1212/892
f 1215/895 1214/894 1213/893
f 1215/895 1216/896 1214/894
f 1217/897 1216/896 1215/895
f 1217/897 1218/898 1216/896
f 1217/897 1219/899 1218/898
f 1220/900 1219/899 1217/897
f 1221/901 1219/899 1220/900
f 1221/901 1222/902 1219/899
f 1221/901 1223/903 1222/902
f 1224/904 1223/903 1221/901
f 1224/904 1225/905 1223/903
f 1224/904 1226/906 1225/905
f 1227/907 1226/906 1224/904
f 1191/866 1226/906 1227/907
f 1191/866 1190/864 1226/906
f 1205/885 1211/891 1208/888
f 1205/885 1213/893 1211/891
f 1204/884 1213/893 1205/885
f 1204/884 1215/895 1213/893
f 1204/884 1217/897 1215/895
f 1228/908 1217/897 1204/884
f 1228/908 1220/900 1217/897
f 1224/904 1220/900 1228/908
f 1224/904 1221/901 1220/900
f 1198/877 1201/881 1199/878
f 1229/909 1201/881 1198/877
f 1229/909 1204/884 1201/881
f 1229/909 1228/908 1204/884
f 1198/877 1228/908 1229/909
f 1230/910 1228/908 1198/877
f 1227/907 1228/908 1230/910
f 1227/907 1224/904 1228/908
f 1197/875 1230/910 1198/877
f 1196/874 1230/910 1197/875
f 1196/874 1227/907 1230/910
f 1196/874 1191/866 1227/907
f 1127/796 1191/866 1196/874
f 1127/796 1192/867 1191/866
f 1128/795 1192/867 1127/796
f 1128/795 1193/868 1192/867
f 1232/912 1138/913 1231/911
f 1232/912 1136/914 1138/913
f 1232/912 1195/915 1136/914
f 1231/911 1195/915 1232/912
f 1231/911 1194/916 1195/915
f 1233/917 1194/916 1231/911
f 1234/918 1194/916 1233/917
f 1234/918 1157/919 1194/916
f 1234/918 1153/920 1157/919
f 1235/921 1153/920 1234/918
f 1235/921 1152/922 1153/920
f 1233/917 1235/921 1234/918
f 1237/924 1236/925 1226/923
f 1238/926 1236/925 1237/924
f 1239/927 1236/925 1238/926
f 1239/927 1189/928 1236/925
f 1240/929 1189/928 1239/927
f 1240/929 1190/930 1189/928
f 1240/929 1226/931 1190/930
f 1240/929 1237/932 1226/931
f 1240/929 1241/933 1237/932
f 1242/934 1241/933 1240/929
f 1243/935 1241/933 1242/934
f 1243/935 1244/936 1241/933
f 1243/935 1245/937 1244/936
f 1246/938 1245/937 1243/935
f 1247/939 1245/937 1246/938
f 1247/939 1244/940 1245/937
f 1248/941 1244/940 1247/939
f 1248/941 1241/942 1244/940
f 1248/941 1237/924 1241/942
f 1248/941 1238/926 1237/924
f 1249/943 1238/926 1248/941
f 1249/943 1239/927 1238/926
f 1242/934 1239/927 1249/943
f 1242/934 1240/929 1239/927
f 1249/943 1243/935 1242/934
f 1249/943 1246/938 1243/935
f 1248/941 1246/938 1249/943
f 1248/941 1247/939 1246/938
f 1142/837 1250/945 1139/944
f 1164/838 1250/945 1142/837
f 1167/841 1250/945 1164/838
# 2037 elements

